Depth (m),Data order in the same sample,Density (kg/m^3)
Depth ,N,ρ
1.230 ,11,303.0 
1.233 ,12,370.5 
1.237 ,13,346.8 
1.240 ,14,330.4 
1.243 ,15,318.3 
1.247 ,16,311.3 
1.250 ,17,296.8 
1.253 ,18,294.8 
1.257 ,19,308.3 
1.260 ,20,305.0 
1.263 ,21,292.8 
1.267 ,22,287.1 
1.270 ,23,304.1 
1.273 ,24,302.4 
1.277 ,25,299.4 
1.280 ,26,297.0 
1.283 ,27,287.3 
1.287 ,28,297.2 
1.290 ,29,305.1 
1.293 ,30,322.6 
1.297 ,31,301.5 
1.300 ,32,288.4 
1.303 ,33,329.4 
1.307 ,34,356.0 
1.310 ,35,361.0 
1.313 ,36,365.3 
1.317 ,37,350.2 
1.320 ,38,335.4 
1.323 ,39,325.1 
1.327 ,40,317.3 
1.330 ,41,325.7 
1.333 ,42,328.6 
1.337 ,43,331.5 
1.340 ,44,315.0 
1.343 ,45,303.0 
1.347 ,46,296.8 
1.350 ,47,294.1 
1.353 ,48,295.2 
1.357 ,49,283.9 
1.360 ,50,290.4 
1.363 ,51,280.5 
1.367 ,52,279.6 
1.370 ,53,275.8 
1.373 ,54,277.8 
1.377 ,55,270.8 
1.380 ,56,257.7 
1.383 ,57,281.0 
1.387 ,58,283.4 
1.390 ,59,298.5 
1.393 ,60,337.2 
1.397 ,61,344.0 
1.400 ,62,299.2 
1.403 ,63,268.1 
1.407 ,64,286.3 
1.410 ,65,315.0 
1.413 ,66,326.7 
1.417 ,67,346.8 
1.420 ,68,353.4 
1.423 ,69,363.0 
1.427 ,70,366.5 
1.430 ,71,327.7 
,,
1.580 ,82,268.1 
1.583 ,83,288.5 
1.587 ,84,311.8 
1.590 ,85,322.4 
1.593 ,86,314.9 
1.597 ,87,314.4 
1.600 ,88,308.0 
1.603 ,89,319.7 
1.607 ,90,319.1 
1.610 ,91,314.8 
1.613 ,92,328.9 
1.617 ,93,339.8 
1.620 ,94,326.6 
1.623 ,95,318.4 
1.627 ,96,329.0 
1.630 ,97,329.4 
1.633 ,98,326.4 
1.637 ,99,322.5 
1.640 ,100,321.8 
1.643 ,101,321.0 
1.647 ,102,325.0 
1.650 ,103,319.3 
1.653 ,104,315.4 
1.657 ,105,313.8 
1.660 ,106,311.9 
1.663 ,107,304.3 
1.667 ,108,306.5 
1.670 ,109,317.0 
1.673 ,110,308.9 
1.677 ,111,300.0 
1.680 ,112,298.4 
1.683 ,113,294.9 
1.687 ,114,288.8 
1.690 ,115,309.3 
1.693 ,116,303.4 
1.697 ,117,330.5 
1.700 ,118,339.0 
1.703 ,119,338.2 
1.707 ,120,327.0 
1.710 ,121,325.9 
1.713 ,122,331.7 
1.717 ,123,327.4 
1.720 ,124,325.4 
1.723 ,125,332.1 
1.727 ,126,342.8 
1.730 ,127,329.7 
1.733 ,128,327.3 
1.737 ,129,318.4 
1.740 ,130,340.0 
1.743 ,131,323.1 
1.747 ,132,322.0 
1.750 ,133,315.1 
1.753 ,134,316.8 
1.757 ,135,319.0 
2.340 ,145,409.5 
2.343 ,146,447.1 
2.347 ,147,447.0 
2.350 ,148,429.1 
2.353 ,149,425.4 
2.357 ,150,435.9 
2.360 ,151,429.1 
2.363 ,152,419.3 
2.367 ,153,416.7 
2.370 ,154,401.0 
2.373 ,155,368.2 
2.377 ,156,353.5 
2.380 ,157,382.3 
2.383 ,158,382.8 
2.387 ,159,354.7 
2.390 ,160,357.1 
2.393 ,161,360.2 
2.397 ,162,367.6 
2.400 ,163,359.2 
2.403 ,164,393.1 
2.407 ,165,368.3 
2.410 ,166,346.7 
2.413 ,167,336.9 
2.417 ,168,332.4 
2.420 ,169,322.7 
2.423 ,170,347.7 
2.427 ,171,351.6 
2.430 ,172,351.7 
2.433 ,173,342.1 
2.437 ,174,347.4 
2.440 ,175,349.7 
2.443 ,176,353.0 
2.447 ,177,374.4 
2.450 ,178,354.5 
2.453 ,179,365.6 
2.457 ,180,348.7 
2.460 ,181,358.4 
2.463 ,182,373.7 
2.467 ,183,370.6 
2.470 ,184,369.9 
2.473 ,185,363.9 
2.477 ,186,366.8 
2.480 ,187,363.1 
2.483 ,188,364.4 
2.487 ,189,365.3 
2.490 ,190,357.0 
2.493 ,191,359.0 
2.497 ,192,362.4 
2.500 ,193,357.6 
2.503 ,194,358.5 
2.507 ,195,348.9 
2.510 ,196,361.7 
2.513 ,197,349.0 
2.517 ,198,352.3 
2.520 ,199,344.3 
2.523 ,200,354.2 
2.527 ,201,341.1 
2.530 ,202,346.9 
2.533 ,203,348.0 
2.537 ,204,349.2 
2.540 ,205,353.5 
2.543 ,206,353.8 
2.547 ,207,360.5 
3.340 ,3,362.8 
3.343 ,4,355.2 
3.347 ,5,369.6 
3.350 ,6,374.1 
3.353 ,7,360.4 
3.357 ,8,376.5 
3.360 ,9,379.2 
3.363 ,10,371.9 
3.367 ,11,391.9 
3.370 ,12,387.7 
3.373 ,13,386.7 
3.377 ,14,388.2 
3.380 ,15,383.6 
3.383 ,16,384.1 
3.387 ,17,383.1 
3.390 ,18,388.2 
3.393 ,19,391.9 
3.397 ,20,381.3 
3.400 ,21,388.2 
3.403 ,22,386.3 
3.407 ,23,374.8 
3.410 ,24,377.6 
3.413 ,25,367.1 
3.417 ,26,372.6 
3.420 ,27,352.6 
3.423 ,28,349.8 
3.427 ,29,354.8 
3.430 ,30,354.9 
3.433 ,31,352.8 
3.437 ,32,362.9 
3.440 ,33,360.0 
3.443 ,34,360.8 
3.447 ,35,363.2 
3.450 ,36,379.5 
3.453 ,37,431.4 
3.457 ,38,430.1 
3.460 ,39,436.0 
3.463 ,40,427.5 
3.467 ,41,425.1 
3.470 ,42,435.9 
3.473 ,43,427.6 
3.477 ,44,430.4 
3.480 ,45,429.9 
3.483 ,46,407.9 
3.487 ,47,370.4 
3.490 ,48,356.5 
3.493 ,49,403.8 
3.497 ,50,440.5 
3.500 ,51,425.9 
3.503 ,52,433.7 
3.507 ,53,419.5 
3.510 ,54,421.2 
3.513 ,55,405.0 
3.517 ,56,414.9 
3.520 ,57,441.2 
3.523 ,58,431.7 
3.527 ,59,416.7 
3.530 ,60,409.9 
3.533 ,61,404.1 
3.537 ,62,376.9 
3.540 ,63,344.9 
3.543 ,64,314.8 
3.547 ,65,327.9 
3.550 ,66,327.9 
3.553 ,67,324.5 
3.557 ,68,331.0 
3.560 ,69,338.4 
3.563 ,70,337.7 
3.567 ,71,345.8 
3.570 ,72,336.6 
3.573 ,73,356.7 
3.577 ,74,350.0 
3.580 ,75,358.0 
3.583 ,76,356.0 
3.587 ,77,343.0 
3.590 ,78,345.6 
3.593 ,79,328.2 
3.597 ,80,315.1 
3.600 ,81,317.5 
3.603 ,82,297.6 
3.607 ,83,324.1 
3.610 ,84,319.1 
3.613 ,85,330.8 
3.617 ,86,320.6 
3.620 ,87,334.1 
3.623 ,88,333.9 
3.627 ,89,331.3 
3.630 ,90,344.1 
3.633 ,91,324.8 
3.637 ,92,313.0 
3.640 ,93,329.4 
3.643 ,94,346.4 
3.647 ,95,343.6 
3.650 ,96,341.0 
3.653 ,97,367.5 
3.657 ,98,393.3 
3.660 ,99,413.7 
3.663 ,100,410.7 
3.667 ,101,403.5 
3.670 ,102,404.4 
3.673 ,103,387.6 
3.677 ,104,362.0 
3.680 ,105,349.7 
3.683 ,106,337.5 
3.687 ,107,344.6 
3.690 ,108,329.2 
3.693 ,109,312.2 
,,
3.718 ,123,308.0 
3.722 ,124,316.6 
3.725 ,125,327.9 
3.728 ,126,323.2 
3.732 ,127,319.3 
3.735 ,128,322.6 
3.738 ,129,319.4 
3.742 ,130,321.5 
3.745 ,131,284.7 
3.748 ,132,290.6 
3.752 ,133,334.7 
3.755 ,134,387.8 
3.758 ,135,411.4 
3.762 ,136,424.4 
3.765 ,137,428.7 
3.768 ,138,422.6 
3.772 ,139,421.5 
3.775 ,140,420.0 
3.778 ,141,415.8 
3.782 ,142,423.6 
3.785 ,143,411.7 
3.788 ,144,418.8 
3.792 ,145,407.0 
3.795 ,146,420.8 
3.798 ,147,416.9 
3.802 ,148,433.6 
3.805 ,149,428.2 
3.808 ,150,429.3 
3.812 ,151,425.9 
3.815 ,152,415.8 
3.818 ,153,409.8 
3.822 ,154,404.3 
3.825 ,155,347.1 
3.828 ,156,320.2 
3.832 ,157,335.9 
3.835 ,158,331.1 
3.838 ,159,319.9 
3.842 ,160,320.0 
3.845 ,161,318.8 
3.848 ,162,316.6 
3.852 ,163,319.5 
3.855 ,164,327.4 
3.858 ,165,311.5 
3.862 ,166,299.5 
3.865 ,167,294.8 
3.868 ,168,287.5 
3.872 ,169,308.4 
3.875 ,170,291.5 
3.878 ,171,308.3 
3.882 ,172,316.4 
3.885 ,173,334.8 
3.888 ,174,347.0 
3.892 ,175,362.3 
3.895 ,176,370.3 
3.898 ,177,359.3 
3.902 ,178,362.1 
3.905 ,179,381.4 
3.908 ,180,399.4 
3.912 ,181,421.5 
3.915 ,182,411.5 
3.918 ,183,423.2 
3.922 ,184,433.9 
3.925 ,185,424.8 
3.928 ,186,428.4 
3.932 ,187,420.9 
3.935 ,188,401.6 
3.938 ,189,401.4 
3.942 ,190,388.8 
3.945 ,191,350.7 
,,
3.973 ,196,361.4 
3.976 ,197,361.9 
3.980 ,198,349.9 
3.983 ,199,338.7 
3.986 ,200,339.7 
3.990 ,201,342.0 
3.993 ,202,330.9 
3.996 ,203,342.3 
4.000 ,204,321.3 
4.003 ,205,337.5 
4.006 ,206,328.8 
4.010 ,207,338.0 
4.013 ,208,334.8 
4.016 ,209,337.7 
4.020 ,210,348.3 
4.023 ,211,359.0 
4.026 ,212,349.1 
4.030 ,213,351.5 
4.033 ,214,360.6 
4.036 ,215,344.1 
4.040 ,216,357.6 
4.043 ,217,366.4 
4.046 ,218,362.8 
4.050 ,219,374.6 
4.053 ,220,347.1 
4.056 ,221,352.7 
4.060 ,222,354.3 
4.063 ,223,360.1 
4.066 ,224,356.2 
4.070 ,225,360.3 
4.073 ,226,358.7 
4.076 ,227,363.3 
4.080 ,228,364.0 
4.083 ,229,363.0 
4.086 ,230,373.4 
4.090 ,231,374.3 
4.093 ,232,375.4 
4.096 ,233,381.4 
4.100 ,234,382.8 
4.103 ,235,376.2 
4.106 ,236,401.9 
4.110 ,237,387.7 
4.113 ,238,389.7 
4.116 ,239,388.5 
4.120 ,240,384.5 
4.123 ,241,367.6 
4.126 ,242,369.5 
4.130 ,243,352.1 
4.133 ,244,367.6 
4.136 ,245,358.7 
4.140 ,246,357.2 
4.143 ,247,342.3 
4.146 ,248,328.0 
4.150 ,249,341.9 
4.153 ,250,337.0 
4.156 ,251,327.6 
4.160 ,252,327.3 
4.163 ,253,327.2 
4.166 ,254,325.2 
4.170 ,255,334.9 
4.173 ,256,345.3 
4.176 ,257,317.3 
4.180 ,258,318.2 
4.183 ,259,337.5 
4.186 ,260,341.6 
4.190 ,261,340.9 
4.193 ,262,351.1 
4.196 ,263,347.4 
4.200 ,264,353.4 
4.203 ,265,357.1 
4.206 ,266,363.6 
4.210 ,267,382.7 
4.213 ,268,361.7 
4.216 ,269,349.5 
4.220 ,270,350.7 
4.223 ,271,357.8 
,,
4.245 ,276,336.4 
4.248 ,277,368.7 
4.252 ,278,360.1 
4.255 ,279,371.9 
4.258 ,280,377.5 
4.262 ,281,389.1 
4.265 ,282,372.9 
4.268 ,283,392.5 
4.272 ,284,384.7 
4.275 ,285,392.4 
4.278 ,286,395.1 
4.282 ,287,383.9 
4.285 ,288,382.4 
4.288 ,289,380.4 
4.292 ,290,370.8 
4.295 ,291,380.9 
4.298 ,292,381.2 
4.302 ,293,378.0 
4.305 ,294,367.0 
4.308 ,295,377.6 
4.312 ,296,377.8 
4.315 ,297,373.2 
4.318 ,298,361.7 
4.322 ,299,356.3 
4.325 ,300,354.5 
,,
5.525 ,129,335.0 
5.528 ,130,339.5 
5.532 ,131,342.7 
5.535 ,132,334.3 
5.538 ,133,327.0 
5.542 ,134,340.9 
5.545 ,135,331.4 
5.548 ,136,334.3 
5.552 ,137,323.8 
5.555 ,138,339.8 
5.558 ,139,339.4 
5.562 ,140,334.8 
5.565 ,141,344.9 
5.568 ,142,342.4 
5.572 ,143,339.2 
5.575 ,144,343.8 
5.578 ,145,340.4 
5.582 ,146,335.6 
5.585 ,147,348.4 
5.588 ,148,348.6 
5.592 ,149,352.5 
5.595 ,150,362.5 
5.598 ,151,379.8 
5.602 ,152,364.3 
5.605 ,153,379.6 
5.608 ,154,372.0 
5.612 ,155,372.2 
5.615 ,156,374.0 
5.618 ,157,368.5 
5.622 ,158,369.0 
5.625 ,159,345.5 
5.628 ,160,335.4 
5.632 ,161,342.2 
5.635 ,162,361.0 
5.638 ,163,378.1 
5.642 ,164,365.8 
5.645 ,165,360.7 
5.648 ,166,358.5 
5.652 ,167,366.2 
5.655 ,168,348.6 
5.658 ,169,368.8 
5.662 ,170,376.5 
5.665 ,171,367.1 
5.668 ,172,374.2 
5.672 ,173,364.2 
5.675 ,174,369.1 
5.678 ,175,373.5 
5.682 ,176,366.9 
5.685 ,177,368.6 
5.688 ,178,364.8 
5.692 ,179,367.5 
5.695 ,180,368.3 
5.698 ,181,368.3 
5.702 ,182,372.9 
5.705 ,183,370.1 
5.708 ,184,373.5 
5.712 ,185,370.8 
5.715 ,186,378.9 
5.718 ,187,378.4 
5.722 ,188,378.1 
5.725 ,189,389.0 
5.728 ,190,386.7 
5.732 ,191,401.4 
5.735 ,192,410.0 
5.738 ,193,431.2 
5.742 ,194,421.3 
5.745 ,195,426.7 
5.748 ,196,425.9 
5.752 ,197,447.3 
5.755 ,198,448.0 
5.758 ,199,466.9 
5.762 ,200,464.5 
5.765 ,201,463.3 
5.768 ,202,455.3 
5.772 ,203,447.4 
5.775 ,204,446.9 
5.778 ,205,457.7 
5.782 ,206,455.5 
5.785 ,207,435.1 
5.788 ,208,400.4 
5.792 ,209,373.4 
5.795 ,210,375.5 
5.798 ,211,356.6 
5.802 ,212,367.7 
5.805 ,213,351.8 
5.808 ,214,367.4 
5.812 ,215,372.2 
5.815 ,216,374.3 
5.818 ,217,397.4 
5.822 ,218,387.1 
5.825 ,219,390.7 
5.828 ,220,368.5 
5.832 ,221,360.0 
5.835 ,222,362.6 
5.838 ,223,357.6 
5.842 ,224,357.1 
5.845 ,225,360.1 
5.848 ,226,370.4 
5.852 ,227,365.3 
5.855 ,228,364.6 
5.858 ,229,356.4 
5.862 ,230,362.8 
5.865 ,231,369.4 
5.868 ,232,362.0 
5.872 ,233,364.9 
5.875 ,234,366.7 
,,
5.908 ,244,344.0 
5.912 ,245,367.4 
5.915 ,246,436.2 
5.918 ,247,452.5 
5.922 ,248,462.9 
5.925 ,249,473.2 
5.928 ,250,476.0 
5.932 ,251,463.0 
5.935 ,252,420.4 
,,
5.938 ,257,392.7 
5.941 ,258,443.6 
5.945 ,259,462.6 
5.948 ,260,417.1 
5.951 ,261,367.9 
5.955 ,262,364.6 
5.958 ,263,365.0 
5.961 ,264,350.3 
5.965 ,265,368.3 
5.968 ,266,371.3 
5.971 ,267,369.7 
5.975 ,268,365.7 
5.978 ,269,366.4 
5.981 ,270,355.4 
5.985 ,271,349.1 
5.988 ,272,346.4 
5.991 ,273,343.4 
5.995 ,274,367.6 
5.998 ,275,360.4 
6.001 ,276,373.8 
6.005 ,277,365.3 
6.008 ,278,381.1 
6.011 ,279,379.4 
6.015 ,280,385.2 
6.018 ,281,386.4 
6.021 ,282,378.8 
6.025 ,283,373.3 
,,
6.045 ,289,330.5 
6.048 ,290,346.0 
6.051 ,291,347.6 
6.055 ,292,355.8 
6.058 ,293,351.2 
6.061 ,294,350.7 
6.065 ,295,361.1 
6.068 ,296,372.4 
6.071 ,297,396.4 
6.075 ,298,410.9 
6.078 ,299,385.3 
6.081 ,300,350.8 
6.085 ,301,344.5 
6.088 ,302,339.3 
6.091 ,303,330.0 
6.095 ,304,343.1 
6.098 ,305,343.5 
6.101 ,306,353.3 
6.105 ,307,377.1 
6.108 ,308,383.3 
6.111 ,309,398.2 
6.115 ,310,391.5 
6.118 ,311,405.0 
6.121 ,312,400.7 
6.125 ,313,407.7 
6.128 ,314,407.6 
6.131 ,315,409.9 
6.135 ,316,395.0 
6.138 ,317,394.9 
6.141 ,318,388.9 
6.145 ,319,391.7 
6.148 ,320,392.0 
6.151 ,321,386.8 
6.155 ,322,390.3 
6.158 ,323,371.0 
6.161 ,324,384.5 
6.165 ,325,381.3 
6.168 ,326,352.4 
,,
6.175 ,329,350.8 
6.178 ,330,365.5 
6.181 ,331,381.5 
6.185 ,332,381.1 
6.188 ,333,374.0 
6.191 ,334,371.5 
6.195 ,335,348.1 
6.198 ,336,351.8 
6.201 ,337,359.9 
6.205 ,338,365.3 
6.208 ,339,375.9 
6.211 ,340,367.8 
6.215 ,341,367.7 
6.218 ,342,369.7 
6.221 ,343,371.2 
6.225 ,344,363.8 
6.228 ,345,388.7 
6.231 ,346,378.9 
6.235 ,347,375.4 
6.238 ,348,389.8 
6.241 ,349,396.6 
6.245 ,350,383.7 
6.248 ,351,380.8 
6.251 ,352,379.4 
6.255 ,353,399.1 
6.258 ,354,400.0 
6.261 ,355,380.3 
6.265 ,356,374.2 
6.268 ,357,338.2 
6.271 ,358,323.8 
6.275 ,359,322.5 
6.278 ,360,336.9 
6.281 ,361,346.2 
6.285 ,362,345.9 
6.288 ,363,360.3 
6.291 ,364,345.9 
6.295 ,365,351.0 
6.298 ,366,351.9 
6.301 ,367,375.9 
6.305 ,368,352.6 
6.308 ,369,352.1 
6.311 ,370,340.7 
6.315 ,371,336.7 
6.318 ,372,364.3 
6.321 ,373,368.3 
6.325 ,374,357.7 
6.328 ,375,346.9 
6.331 ,376,343.3 
6.335 ,377,347.6 
6.338 ,378,352.1 
6.341 ,379,361.9 
6.345 ,380,352.8 
6.348 ,381,357.8 
6.351 ,382,362.0 
6.355 ,383,361.7 
6.358 ,384,371.5 
6.361 ,385,379.8 
6.365 ,386,381.2 
6.368 ,387,385.9 
6.371 ,388,381.3 
6.375 ,389,389.9 
6.378 ,390,379.3 
6.381 ,391,380.8 
6.385 ,392,388.9 
6.388 ,393,392.8 
6.391 ,394,394.5 
6.395 ,395,399.5 
6.398 ,396,383.5 
6.401 ,397,385.6 
6.405 ,398,396.4 
6.408 ,399,377.8 
6.411 ,400,387.2 
6.415 ,401,375.4 
6.418 ,402,381.3 
6.421 ,403,380.5 
6.425 ,404,368.6 
6.428 ,405,364.4 
6.431 ,406,375.2 
6.435 ,407,379.0 
6.438 ,408,374.7 
6.441 ,409,380.7 
6.445 ,410,396.3 
6.448 ,411,394.3 
6.451 ,412,399.1 
6.455 ,413,385.4 
6.458 ,414,384.4 
6.461 ,415,368.1 
6.465 ,418,355.3 
6.485 ,15,358.0 
6.488 ,16,390.9 
6.492 ,17,410.5 
6.495 ,18,390.9 
6.498 ,19,373.5 
6.502 ,20,371.7 
6.505 ,21,368.1 
6.508 ,22,369.0 
6.512 ,23,389.3 
6.515 ,24,401.1 
6.518 ,25,397.0 
6.522 ,26,428.6 
6.525 ,27,419.1 
6.528 ,28,440.0 
6.532 ,29,432.3 
6.535 ,30,426.3 
6.538 ,31,433.2 
6.542 ,32,439.5 
6.545 ,33,434.6 
6.548 ,34,405.2 
6.552 ,35,396.4 
6.555 ,36,385.7 
6.558 ,37,382.9 
6.562 ,38,399.7 
6.565 ,39,392.0 
6.568 ,40,388.1 
6.572 ,41,376.8 
6.575 ,42,355.1 
6.578 ,43,369.2 
6.582 ,44,379.6 
6.585 ,45,381.0 
6.588 ,46,356.4 
6.592 ,47,348.4 
6.595 ,48,355.2 
6.598 ,49,349.4 
6.602 ,50,364.6 
6.605 ,51,362.5 
6.608 ,52,378.7 
6.612 ,53,389.3 
6.615 ,54,376.7 
6.618 ,55,378.6 
6.622 ,56,391.8 
6.625 ,57,403.0 
6.628 ,58,387.1 
6.632 ,59,387.4 
6.635 ,60,385.2 
6.638 ,61,371.4 
6.642 ,62,340.3 
6.645 ,63,342.9 
6.648 ,64,343.8 
6.652 ,65,357.1 
6.655 ,66,362.3 
6.658 ,67,366.0 
6.662 ,68,350.7 
6.665 ,69,347.0 
6.668 ,70,362.6 
6.672 ,71,353.9 
6.675 ,72,360.7 
6.678 ,73,358.2 
6.682 ,74,348.0 
6.685 ,75,360.3 
6.688 ,76,353.2 
6.692 ,77,347.0 
6.695 ,78,362.7 
6.698 ,79,353.4 
6.702 ,80,339.4 
6.705 ,81,368.9 
6.708 ,82,376.8 
6.712 ,83,387.7 
6.715 ,84,386.7 
6.718 ,85,390.0 
6.722 ,86,396.4 
6.725 ,87,385.3 
6.728 ,88,382.7 
6.732 ,89,379.0 
6.735 ,90,383.8 
6.738 ,91,367.1 
6.742 ,92,382.7 
6.745 ,93,379.2 
6.748 ,94,371.5 
6.752 ,95,365.1 
6.755 ,96,374.7 
6.758 ,97,367.6 
6.762 ,98,357.2 
6.765 ,99,352.1 
6.768 ,100,354.8 
,,
6.780 ,110,369.1 
6.783 ,111,377.1 
6.787 ,112,374.3 
6.790 ,113,383.5 
6.793 ,114,372.9 
6.797 ,115,385.7 
6.800 ,116,397.9 
6.803 ,117,388.5 
6.807 ,118,397.9 
6.810 ,119,395.0 
6.813 ,120,385.2 
6.817 ,121,402.7 
6.820 ,122,404.9 
6.823 ,123,401.5 
6.827 ,124,400.8 
6.830 ,125,390.9 
6.833 ,126,394.6 
6.837 ,127,403.2 
6.840 ,128,397.3 
6.843 ,129,400.1 
6.847 ,130,393.5 
6.850 ,131,396.6 
6.853 ,132,394.9 
6.857 ,133,386.1 
6.860 ,134,372.3 
6.863 ,135,397.9 
6.867 ,136,387.5 
6.870 ,137,378.1 
6.873 ,138,385.2 
6.877 ,139,384.1 
6.880 ,140,378.3 
6.883 ,141,426.2 
6.887 ,142,427.3 
6.890 ,143,437.1 
6.893 ,144,451.0 
6.897 ,145,411.2 
6.900 ,146,381.3 
6.903 ,147,373.4 
6.907 ,148,355.1 
6.910 ,149,369.3 
6.913 ,150,362.9 
6.917 ,151,372.5 
6.920 ,152,358.2 
6.923 ,153,374.7 
6.927 ,154,376.3 
6.930 ,155,367.4 
6.933 ,156,378.4 
6.937 ,157,370.5 
6.940 ,158,374.4 
6.943 ,159,362.7 
6.947 ,160,346.3 
6.950 ,161,334.5 
6.953 ,162,358.7 
6.957 ,163,364.7 
6.960 ,164,374.8 
6.963 ,165,376.9 
6.967 ,166,380.4 
6.970 ,167,384.8 
6.973 ,168,381.8 
6.977 ,169,392.3 
6.980 ,170,392.5 
6.983 ,171,391.6 
6.987 ,172,379.1 
6.990 ,173,391.2 
6.993 ,174,385.9 
6.997 ,175,382.5 
7.000 ,176,391.5 
7.003 ,177,385.1 
7.007 ,178,393.3 
7.010 ,179,381.0 
7.013 ,180,374.6 
7.017 ,181,361.6 
7.020 ,182,352.8 
7.023 ,183,361.9 
7.027 ,184,390.0 
7.030 ,185,387.9 
7.033 ,186,371.0 
7.037 ,187,378.0 
7.040 ,188,376.1 
7.043 ,189,367.1 
7.047 ,190,375.9 
7.050 ,191,360.9 
7.053 ,192,365.8 
7.057 ,193,352.9 
7.065 ,202,349.7 
7.068 ,203,349.9 
7.072 ,204,365.9 
7.075 ,205,367.4 
7.078 ,206,371.0 
7.082 ,207,371.6 
7.085 ,208,382.3 
7.088 ,209,387.7 
7.092 ,210,379.4 
7.095 ,211,381.2 
7.098 ,212,384.7 
7.102 ,213,396.0 
7.105 ,214,390.1 
7.108 ,215,394.0 
7.112 ,216,369.5 
7.115 ,217,381.9 
7.118 ,218,370.9 
7.122 ,219,376.8 
7.125 ,220,383.8 
7.128 ,221,392.0 
7.132 ,222,387.5 
7.135 ,223,379.4 
7.138 ,224,385.5 
7.142 ,225,388.8 
7.145 ,226,377.7 
7.148 ,227,372.6 
7.152 ,228,382.0 
7.155 ,229,383.6 
7.158 ,230,392.8 
7.162 ,231,413.4 
7.165 ,232,415.1 
7.168 ,233,422.7 
7.172 ,234,429.2 
7.175 ,235,426.3 
7.178 ,236,424.6 
7.182 ,237,400.6 
7.185 ,238,380.4 
7.188 ,239,388.3 
7.192 ,240,375.9 
7.195 ,241,381.5 
7.198 ,242,375.9 
7.202 ,243,379.5 
7.205 ,244,388.1 
7.208 ,245,390.1 
7.212 ,246,390.7 
7.215 ,247,410.7 
7.218 ,248,408.8 
7.222 ,249,412.1 
7.225 ,250,397.9 
7.228 ,251,412.1 
7.232 ,252,396.8 
7.235 ,253,400.8 
7.238 ,254,401.2 
7.242 ,255,398.7 
7.245 ,256,402.2 
7.248 ,257,407.4 
7.252 ,258,384.3 
7.255 ,259,377.7 
7.258 ,260,382.7 
7.262 ,261,388.6 
7.265 ,262,410.3 
7.268 ,263,403.3 
7.272 ,264,409.8 
7.275 ,265,414.8 
7.278 ,266,420.6 
7.282 ,267,415.1 
7.285 ,268,409.2 
7.288 ,269,411.4 
7.292 ,270,402.6 
7.295 ,271,384.7 
7.298 ,272,379.9 
7.302 ,273,392.1 
7.305 ,274,404.7 
7.308 ,275,367.4 
7.312 ,276,367.1 
7.315 ,277,368.4 
7.318 ,278,378.6 
7.322 ,279,389.0 
7.325 ,280,392.4 
7.328 ,281,389.0 
7.332 ,282,376.3 
7.335 ,283,387.5 
7.338 ,284,368.8 
7.342 ,285,372.9 
7.345 ,286,378.6 
7.348 ,287,382.8 
7.352 ,288,383.0 
7.355 ,289,387.9 
7.358 ,290,367.2 
7.362 ,291,352.8 
,,
7.370 ,299,336.6 
7.373 ,300,364.8 
7.377 ,301,378.7 
7.380 ,302,382.7 
7.383 ,303,364.8 
7.387 ,304,389.1 
7.390 ,305,387.6 
7.393 ,306,391.5 
7.397 ,307,401.3 
7.400 ,308,411.7 
7.403 ,309,418.7 
7.407 ,310,411.4 
7.410 ,311,412.1 
7.413 ,312,410.8 
7.417 ,313,416.5 
7.420 ,314,424.1 
7.423 ,315,433.6 
7.427 ,316,422.8 
7.430 ,317,432.4 
7.433 ,318,432.6 
7.437 ,319,450.8 
7.440 ,320,433.9 
7.443 ,321,417.9 
7.447 ,322,406.6 
7.450 ,323,399.6 
7.453 ,324,377.5 
7.457 ,325,368.2 
7.460 ,326,355.3 
7.463 ,327,366.9 
7.467 ,328,396.5 
7.470 ,329,411.8 
7.473 ,330,416.9 
7.477 ,331,399.6 
7.480 ,332,403.3 
7.483 ,333,388.9 
7.487 ,334,393.5 
7.490 ,335,390.7 
7.493 ,336,379.8 
7.497 ,337,402.6 
7.500 ,338,399.2 
7.503 ,339,387.0 
7.507 ,340,399.4 
7.510 ,341,402.6 
7.513 ,342,402.2 
7.517 ,343,392.0 
7.520 ,344,409.9 
7.523 ,345,391.3 
7.527 ,346,369.2 
7.530 ,347,358.1 
7.533 ,348,356.4 
7.537 ,349,367.6 
7.540 ,350,390.5 
7.543 ,351,391.4 
7.547 ,352,396.0 
7.550 ,353,387.9 
7.553 ,354,368.7 
7.557 ,355,385.4 
7.560 ,356,372.5 
7.563 ,357,383.4 
7.567 ,358,426.2 
7.570 ,359,454.6 
7.573 ,360,448.1 
7.577 ,361,437.8 
7.580 ,362,459.6 
7.583 ,363,466.6 
7.587 ,364,472.3 
7.590 ,365,456.2 
7.593 ,366,446.3 
7.597 ,367,434.5 
7.600 ,368,432.9 
7.603 ,369,424.0 
7.607 ,370,402.0 
7.610 ,371,394.5 
7.613 ,372,390.7 
7.617 ,373,390.9 
7.620 ,374,389.1 
7.623 ,375,384.8 
7.627 ,376,381.5 
7.630 ,377,391.9 
7.633 ,378,385.2 
7.637 ,379,376.1 
7.640 ,380,368.4 
7.643 ,381,371.3 
7.647 ,382,387.8 
7.650 ,383,382.1 
7.653 ,384,384.2 
7.657 ,385,386.8 
7.660 ,386,386.8 
7.663 ,387,389.1 
7.667 ,388,395.3 
7.670 ,389,400.0 
7.673 ,390,396.4 
7.677 ,391,414.7 
7.680 ,392,414.5 
7.683 ,393,411.1 
7.687 ,394,412.8 
7.690 ,395,411.3 
7.693 ,396,415.1 
7.697 ,397,416.0 
7.700 ,398,410.2 
7.703 ,399,406.9 
7.707 ,400,403.0 
7.710 ,401,403.9 
7.713 ,402,413.7 
7.717 ,403,418.1 
7.720 ,404,411.3 
7.723 ,405,415.3 
7.727 ,406,405.8 
7.730 ,407,421.6 
7.733 ,408,421.2 
7.737 ,409,423.0 
7.740 ,410,407.0 
7.743 ,411,396.0 
7.747 ,412,384.5 
,,
7.755 ,7,362.6 
7.758 ,8,376.2 
7.762 ,9,388.3 
7.765 ,10,383.9 
7.768 ,11,392.3 
7.772 ,12,388.6 
7.775 ,13,385.8 
7.778 ,14,370.7 
7.782 ,15,363.7 
7.785 ,16,370.6 
7.788 ,17,388.3 
7.792 ,18,406.2 
7.795 ,19,423.9 
7.798 ,20,442.4 
7.802 ,21,447.2 
7.805 ,22,427.5 
7.808 ,23,439.6 
7.812 ,24,436.4 
7.815 ,25,446.2 
7.818 ,26,443.2 
7.822 ,27,444.9 
7.825 ,28,410.0 
7.828 ,29,394.8 
7.832 ,30,381.3 
7.835 ,31,380.6 
7.838 ,32,391.6 
7.842 ,33,383.1 
7.845 ,34,389.8 
7.848 ,35,392.8 
7.852 ,36,386.5 
7.855 ,37,404.5 
7.858 ,38,383.9 
7.862 ,39,393.4 
7.865 ,40,401.3 
7.868 ,41,405.8 
7.872 ,42,410.9 
7.875 ,43,412.5 
7.878 ,44,419.9 
7.882 ,45,407.3 
7.885 ,46,406.7 
7.888 ,47,398.5 
7.892 ,48,398.2 
7.895 ,49,390.6 
7.898 ,50,384.4 
7.902 ,51,392.0 
7.905 ,52,390.2 
7.908 ,53,389.6 
7.912 ,54,402.5 
7.915 ,55,399.3 
7.918 ,56,405.7 
7.922 ,57,400.0 
7.925 ,58,406.2 
7.928 ,59,411.5 
7.932 ,60,402.1 
7.935 ,61,398.7 
7.938 ,62,402.1 
7.942 ,63,402.9 
7.945 ,64,398.1 
7.948 ,65,391.9 
7.952 ,66,443.4 
7.955 ,67,441.1 
7.958 ,68,448.8 
7.962 ,69,463.7 
7.965 ,70,458.5 
7.968 ,71,468.4 
7.972 ,72,469.2 
7.975 ,73,470.0 
7.978 ,74,469.6 
7.982 ,75,456.1 
7.985 ,76,458.7 
7.988 ,77,445.3 
7.992 ,78,449.4 
7.995 ,79,458.8 
7.998 ,80,474.1 
8.002 ,81,478.4 
8.005 ,82,468.4 
8.008 ,83,470.4 
8.012 ,84,467.3 
8.015 ,85,467.1 
8.018 ,86,462.4 
8.022 ,87,467.6 
8.025 ,88,467.8 
8.028 ,89,459.6 
8.032 ,90,450.7 
8.035 ,91,450.9 
8.038 ,92,456.2 
8.042 ,93,444.7 
8.045 ,94,454.3 
8.048 ,95,459.9 
8.052 ,96,462.8 
8.055 ,97,479.6 
8.058 ,98,468.0 
8.062 ,99,465.2 
8.065 ,100,461.7 
8.068 ,101,447.1 
8.072 ,102,454.9 
8.075 ,103,435.6 
8.078 ,104,426.8 
8.082 ,105,419.2 
8.085 ,106,424.2 
8.088 ,107,402.6 
8.092 ,108,403.5 
8.095 ,109,402.5 
8.098 ,110,425.3 
8.102 ,111,435.2 
8.105 ,112,433.6 
8.108 ,113,443.0 
8.112 ,114,438.3 
8.115 ,115,420.9 
8.118 ,116,429.8 
8.122 ,117,437.8 
8.125 ,118,426.3 
8.128 ,119,429.7 
8.132 ,120,417.0 
8.135 ,121,415.0 
8.138 ,122,427.4 
8.142 ,123,423.8 
8.145 ,124,418.8 
8.148 ,125,421.2 
8.152 ,126,407.0 
8.155 ,127,421.5 
8.158 ,128,408.8 
8.162 ,129,401.0 
8.165 ,130,403.1 
8.168 ,131,398.9 
8.172 ,132,395.7 
8.175 ,133,392.9 
8.178 ,134,394.0 
8.182 ,135,397.4 
8.185 ,136,397.9 
8.188 ,137,393.8 
8.192 ,138,408.5 
8.195 ,139,397.5 
8.198 ,140,407.2 
8.202 ,141,414.9 
8.205 ,142,410.4 
8.208 ,143,424.3 
8.212 ,144,426.7 
8.215 ,145,422.0 
8.218 ,146,420.4 
8.222 ,147,414.0 
8.225 ,148,409.2 
8.228 ,149,423.1 
8.232 ,150,415.7 
8.235 ,151,422.5 
8.238 ,152,408.7 
8.242 ,153,405.5 
8.245 ,154,412.8 
8.248 ,155,411.9 
8.252 ,156,415.6 
8.255 ,157,402.7 
8.258 ,158,407.9 
8.262 ,159,419.9 
8.265 ,160,425.9 
8.268 ,161,415.8 
,,
8.280 ,169,364.6 
8.283 ,170,369.9 
8.287 ,171,384.4 
8.290 ,172,389.3 
8.293 ,173,392.1 
8.297 ,174,382.3 
8.300 ,175,408.8 
8.303 ,176,403.5 
8.307 ,177,411.8 
8.310 ,178,415.5 
8.313 ,179,414.2 
8.317 ,180,436.5 
8.320 ,181,438.6 
8.323 ,182,447.3 
8.327 ,183,442.9 
8.330 ,184,453.0 
8.333 ,185,443.2 
8.337 ,186,444.1 
8.340 ,187,442.4 
8.343 ,188,444.0 
8.347 ,189,428.6 
8.350 ,190,435.7 
8.353 ,191,437.7 
8.357 ,192,432.1 
8.360 ,193,432.2 
8.363 ,194,435.7 
8.367 ,195,441.0 
8.370 ,196,434.2 
8.373 ,197,425.7 
8.377 ,198,431.7 
8.380 ,199,441.3 
8.383 ,200,444.4 
8.387 ,201,436.7 
8.390 ,202,445.4 
8.393 ,203,447.8 
8.397 ,204,446.7 
8.400 ,205,449.4 
8.403 ,206,424.0 
8.407 ,207,407.4 
8.410 ,208,415.4 
8.413 ,209,417.4 
8.417 ,210,412.1 
8.420 ,211,418.1 
8.423 ,212,421.2 
8.427 ,213,413.2 
8.430 ,214,402.4 
8.433 ,215,416.5 
8.437 ,216,410.6 
8.440 ,217,411.0 
8.443 ,218,411.3 
8.447 ,219,400.6 
8.450 ,220,405.3 
8.453 ,221,398.7 
8.457 ,222,379.7 
8.460 ,223,380.5 
8.463 ,224,368.5 
8.467 ,225,367.4 
8.470 ,226,369.0 
8.473 ,227,368.3 
8.477 ,228,367.4 
8.480 ,229,370.6 
8.483 ,230,365.0 
8.487 ,231,374.2 
8.490 ,232,373.5 
8.493 ,233,374.9 
8.497 ,234,381.8 
8.500 ,235,372.8 
8.503 ,236,382.0 
8.507 ,237,389.5 
8.510 ,238,402.9 
8.513 ,239,440.0 
8.517 ,240,429.0 
8.520 ,241,426.7 
8.523 ,242,428.4 
8.527 ,243,411.0 
8.530 ,244,410.6 
8.533 ,245,397.3 
8.537 ,246,394.0 
8.540 ,247,408.6 
8.543 ,248,414.8 
8.547 ,249,424.9 
8.550 ,250,420.4 
8.553 ,251,413.7 
8.557 ,252,412.7 
8.560 ,253,415.3 
8.563 ,254,415.5 
8.567 ,255,420.8 
8.570 ,256,414.9 
8.573 ,257,425.2 
8.577 ,258,424.3 
8.580 ,259,413.2 
8.583 ,260,412.7 
8.587 ,261,426.3 
8.590 ,262,411.4 
8.593 ,263,416.7 
8.597 ,264,419.0 
8.600 ,265,422.5 
8.603 ,266,421.5 
8.607 ,267,420.1 
8.610 ,268,419.2 
8.613 ,269,420.1 
8.617 ,270,419.9 
8.620 ,271,419.1 
8.623 ,272,416.8 
8.627 ,273,413.6 
8.630 ,274,422.7 
8.633 ,275,427.7 
8.637 ,276,421.6 
8.640 ,277,410.5 
8.643 ,278,422.8 
8.647 ,279,416.9 
8.650 ,280,408.7 
8.653 ,281,418.5 
8.657 ,282,417.2 
8.660 ,283,421.9 
8.663 ,284,428.1 
8.667 ,285,442.2 
8.670 ,286,432.0 
8.673 ,287,444.9 
8.677 ,288,433.5 
8.680 ,289,406.8 
8.683 ,290,410.9 
8.687 ,291,405.7 
8.690 ,292,420.8 
8.693 ,293,418.1 
8.697 ,294,422.3 
8.700 ,295,422.5 
8.703 ,296,439.9 
8.707 ,297,450.1 
8.710 ,298,451.3 
8.713 ,299,452.6 
8.717 ,300,464.2 
8.720 ,301,457.5 
8.723 ,302,431.7 
8.727 ,303,406.5 
8.730 ,304,408.5 
8.733 ,305,405.6 
8.737 ,306,414.4 
8.740 ,307,404.1 
8.743 ,308,401.9 
8.747 ,309,412.8 
8.750 ,310,411.4 
8.753 ,311,415.1 
8.757 ,312,409.2 
8.760 ,313,419.6 
8.763 ,314,399.8 
8.767 ,315,377.1 
,,
8.770 ,321,376.7 
8.773 ,322,402.7 
8.777 ,323,421.0 
8.780 ,324,405.2 
8.783 ,325,420.3 
8.787 ,326,401.2 
8.790 ,327,401.1 
8.793 ,328,395.8 
8.797 ,329,402.3 
8.800 ,330,413.7 
8.803 ,331,432.9 
8.807 ,332,416.8 
8.810 ,333,412.4 
8.813 ,334,412.4 
8.817 ,335,386.7 
8.820 ,336,387.0 
8.823 ,337,395.8 
8.827 ,338,383.7 
8.830 ,339,394.7 
8.833 ,340,406.0 
8.837 ,341,392.9 
8.840 ,342,404.7 
8.843 ,343,434.2 
8.847 ,344,436.1 
8.850 ,345,450.7 
8.853 ,346,462.6 
8.857 ,347,462.5 
8.860 ,348,465.2 
8.863 ,349,457.3 
8.867 ,350,466.3 
8.870 ,351,473.4 
8.873 ,352,463.7 
8.877 ,353,465.4 
8.880 ,354,443.3 
8.883 ,355,433.0 
8.887 ,356,409.4 
8.890 ,357,414.3 
8.893 ,358,425.6 
8.897 ,359,429.4 
8.900 ,360,432.8 
8.903 ,361,434.3 
8.907 ,362,434.4 
8.910 ,363,435.7 
8.913 ,364,435.4 
8.917 ,365,430.3 
8.920 ,366,425.5 
8.923 ,367,395.0 
8.927 ,368,410.0 
8.930 ,369,407.9 
8.933 ,370,410.0 
8.937 ,371,411.6 
8.940 ,372,431.4 
8.943 ,373,421.4 
8.947 ,374,413.4 
8.950 ,375,422.8 
8.953 ,376,423.0 
8.957 ,377,417.3 
8.960 ,378,410.3 
8.963 ,379,455.8 
8.967 ,380,460.3 
8.970 ,381,459.9 
8.973 ,382,452.7 
8.977 ,383,457.3 
8.980 ,384,456.2 
8.983 ,385,455.6 
8.987 ,386,449.3 
8.990 ,387,455.8 
8.993 ,388,457.7 
8.997 ,389,451.3 
9.000 ,390,449.2 
9.003 ,391,452.2 
9.007 ,392,450.7 
9.010 ,393,460.2 
9.013 ,394,451.0 
9.017 ,395,457.0 
9.020 ,396,456.9 
9.023 ,397,465.8 
9.027 ,398,461.2 
9.030 ,399,454.2 
9.033 ,400,452.2 
9.037 ,401,460.7 
9.040 ,402,460.8 
9.043 ,403,442.5 
9.047 ,404,438.1 
9.050 ,405,419.9 
9.053 ,406,408.9 
9.057 ,407,400.7 
9.060 ,408,418.4 
9.063 ,409,417.7 
9.067 ,410,423.3 
9.070 ,411,400.3 
,,
9.083 ,422,387.1 
9.086 ,423,422.0 
9.090 ,424,438.4 
9.093 ,425,424.6 
9.096 ,426,436.2 
9.100 ,427,429.0 
9.103 ,428,429.5 
9.106 ,429,426.1 
9.110 ,430,429.4 
9.113 ,431,426.5 
9.116 ,432,430.2 
9.120 ,433,437.3 
9.123 ,434,440.7 
9.126 ,435,442.4 
9.130 ,436,431.8 
9.133 ,437,448.7 
9.136 ,438,442.1 
9.140 ,439,431.6 
9.143 ,440,378.1 
9.146 ,441,366.4 
9.150 ,442,366.6 
9.153 ,443,366.1 
9.156 ,444,377.3 
9.160 ,445,384.0 
9.163 ,446,402.2 
9.166 ,447,393.3 
9.170 ,448,400.0 
9.173 ,449,403.6 
9.176 ,450,395.3 
9.180 ,451,402.2 
9.183 ,452,406.3 
9.186 ,453,402.8 
9.190 ,454,404.0 
9.193 ,455,400.7 
9.196 ,456,403.8 
9.200 ,457,405.0 
9.203 ,458,416.4 
9.206 ,459,413.7 
9.210 ,460,414.7 
9.213 ,461,397.9 
9.216 ,462,421.8 
9.220 ,463,401.5 
9.223 ,464,407.0 
9.226 ,465,423.5 
9.230 ,466,421.6 
9.233 ,467,448.3 
9.236 ,468,460.5 
9.240 ,469,450.4 
9.243 ,470,440.0 
9.246 ,471,449.8 
9.250 ,472,440.7 
9.253 ,473,447.5 
9.256 ,474,449.3 
9.260 ,475,447.4 
9.263 ,476,444.5 
9.266 ,477,440.1 
9.270 ,478,429.7 
9.273 ,479,444.0 
9.276 ,480,426.7 
9.280 ,481,438.0 
9.283 ,482,421.8 
9.286 ,483,422.0 
9.290 ,484,446.9 
9.293 ,485,451.3 
9.296 ,486,453.2 
9.300 ,487,442.8 
9.303 ,488,445.4 
9.306 ,489,422.7 
9.310 ,490,411.6 
9.313 ,491,416.9 
9.316 ,492,411.1 
9.320 ,493,408.1 
9.323 ,494,404.9 
9.326 ,495,412.5 
9.330 ,496,407.9 
9.333 ,497,447.6 
9.336 ,498,400.6 
,,
9.350 ,9,377.5 
9.353 ,10,384.8 
9.357 ,11,408.4 
9.360 ,12,407.5 
9.363 ,13,408.7 
9.367 ,14,389.8 
9.370 ,15,403.1 
9.373 ,16,393.0 
9.377 ,17,403.6 
9.380 ,18,408.2 
9.383 ,19,395.1 
9.387 ,20,416.3 
9.390 ,21,411.3 
9.393 ,22,411.8 
9.397 ,23,402.3 
9.400 ,24,406.9 
9.403 ,25,418.8 
9.407 ,26,420.0 
9.410 ,27,411.6 
9.413 ,28,408.9 
9.417 ,29,411.5 
9.420 ,30,419.6 
9.423 ,31,408.8 
9.427 ,32,415.6 
9.430 ,33,418.0 
9.433 ,34,423.1 
9.437 ,35,414.3 
9.440 ,36,424.6 
9.443 ,37,418.7 
9.447 ,38,422.6 
9.450 ,39,394.8 
9.453 ,40,397.4 
9.457 ,41,396.7 
9.460 ,42,424.2 
9.463 ,43,423.0 
9.467 ,44,420.2 
9.470 ,45,399.3 
9.473 ,46,392.1 
9.477 ,47,395.1 
9.480 ,48,388.8 
9.483 ,49,394.5 
9.487 ,50,399.0 
9.490 ,51,406.5 
9.493 ,52,407.8 
9.497 ,53,416.6 
9.500 ,54,422.4 
9.503 ,55,393.1 
9.507 ,56,382.1 
9.510 ,57,396.0 
9.513 ,58,387.1 
9.517 ,59,399.0 
9.520 ,60,396.8 
9.523 ,61,384.0 
9.527 ,62,398.3 
9.530 ,63,382.0 
9.533 ,64,395.6 
9.537 ,65,404.8 
9.540 ,66,406.0 
9.543 ,67,403.2 
9.547 ,68,401.2 
9.550 ,69,405.7 
9.553 ,70,409.6 
9.557 ,71,421.5 
9.560 ,72,411.8 
9.563 ,73,429.1 
9.567 ,74,417.1 
9.570 ,75,418.7 
9.573 ,76,403.2 
9.577 ,77,409.7 
9.580 ,78,412.9 
9.583 ,79,421.7 
9.587 ,80,421.2 
9.590 ,81,423.6 
9.593 ,82,422.9 
9.597 ,83,437.3 
9.600 ,84,437.5 
9.603 ,85,449.6 
9.607 ,86,470.0 
9.610 ,87,479.8 
9.613 ,88,488.4 
9.617 ,89,466.5 
9.620 ,90,446.4 
9.623 ,91,461.4 
9.627 ,92,437.1 
9.630 ,93,445.3 
9.633 ,94,443.1 
9.637 ,95,451.7 
9.640 ,96,434.9 
9.643 ,97,424.7 
9.647 ,98,411.3 
9.650 ,99,398.6 
9.653 ,100,382.6 
9.657 ,101,394.5 
9.660 ,102,396.8 
9.663 ,103,395.8 
9.667 ,104,392.8 
9.670 ,105,376.4 
9.673 ,106,398.4 
9.677 ,107,402.1 
9.680 ,108,390.7 
9.683 ,109,402.7 
9.687 ,110,400.3 
9.690 ,111,398.8 
9.693 ,112,412.4 
9.697 ,113,421.1 
9.700 ,114,415.3 
9.703 ,115,426.2 
9.707 ,116,421.3 
9.710 ,117,415.0 
9.713 ,118,429.5 
9.717 ,119,436.0 
9.720 ,120,403.4 
9.723 ,121,390.8 
9.727 ,122,394.2 
9.730 ,123,408.2 
9.733 ,124,398.3 
9.737 ,125,406.6 
9.740 ,126,415.4 
9.743 ,127,416.4 
9.747 ,128,408.9 
9.750 ,129,400.1 
9.753 ,130,376.7 
,,
9.893 ,138,395.4 
9.897 ,139,405.2 
9.900 ,140,404.1 
9.903 ,141,409.4 
9.907 ,142,410.8 
9.910 ,143,406.1 
9.913 ,144,411.6 
9.917 ,145,440.2 
9.920 ,146,416.9 
9.923 ,147,417.3 
9.927 ,148,411.6 
9.930 ,149,408.6 
9.933 ,150,401.1 
9.937 ,151,400.9 
9.940 ,152,403.7 
9.943 ,153,411.0 
9.947 ,154,409.4 
9.950 ,155,411.7 
9.953 ,156,411.1 
9.957 ,157,406.6 
9.960 ,158,421.2 
9.963 ,159,405.8 
9.967 ,160,402.2 
9.970 ,161,416.1 
9.973 ,162,392.7 
9.977 ,163,391.7 
9.980 ,164,382.0 
9.983 ,165,390.4 
9.987 ,166,395.1 
9.990 ,167,400.8 
9.993 ,168,401.8 
9.997 ,169,413.9 
10.000 ,170,406.9 
10.003 ,171,408.9 
10.007 ,172,408.7 
10.010 ,173,401.7 
10.013 ,174,403.0 
10.017 ,175,412.4 
10.020 ,176,441.4 
10.023 ,177,430.2 
10.027 ,178,434.4 
10.030 ,179,419.6 
10.033 ,180,413.1 
10.037 ,181,411.7 
10.040 ,182,388.4 
,,
10.047 ,189,371.0 
10.050 ,190,429.4 
10.053 ,191,440.6 
10.057 ,192,432.6 
10.060 ,193,399.1 
10.063 ,194,406.3 
10.067 ,195,398.4 
10.070 ,196,412.2 
10.073 ,197,411.2 
10.077 ,198,412.9 
10.080 ,199,421.2 
10.083 ,200,416.8 
10.087 ,201,414.8 
10.090 ,202,421.8 
10.093 ,203,474.6 
10.097 ,204,481.0 
10.100 ,205,453.3 
10.103 ,206,440.5 
10.107 ,207,432.1 
10.110 ,208,447.4 
10.113 ,209,438.4 
10.117 ,210,435.1 
10.120 ,211,417.6 
10.123 ,212,405.4 
10.127 ,213,409.6 
10.130 ,214,406.0 
10.133 ,215,419.1 
10.137 ,216,406.7 
10.140 ,217,393.4 
10.143 ,218,408.6 
10.147 ,219,396.4 
10.150 ,220,416.5 
10.153 ,221,423.9 
10.157 ,222,430.1 
10.160 ,223,433.5 
10.163 ,224,453.3 
10.167 ,225,441.7 
10.170 ,226,445.0 
10.173 ,227,450.9 
10.177 ,228,452.2 
10.180 ,229,415.4 
10.183 ,230,425.6 
10.187 ,231,430.8 
10.190 ,232,433.4 
10.193 ,233,438.9 
10.197 ,234,423.2 
10.200 ,235,434.7 
10.203 ,236,454.9 
10.207 ,237,449.5 
10.210 ,238,452.6 
10.213 ,239,441.9 
10.217 ,240,446.2 
10.220 ,241,443.1 
10.223 ,242,440.4 
10.227 ,243,450.3 
10.230 ,244,454.2 
10.233 ,245,457.6 
10.237 ,246,448.0 
10.240 ,247,461.0 
10.243 ,248,448.5 
10.247 ,249,452.4 
10.250 ,250,461.7 
10.253 ,251,448.9 
10.257 ,252,448.0 
10.260 ,253,442.0 
10.263 ,254,435.0 
10.267 ,255,423.6 
10.270 ,256,428.4 
10.273 ,257,434.3 
10.277 ,258,463.0 
,,
10.278 ,262,403.2 
10.282 ,263,416.2 
10.285 ,264,418.0 
10.288 ,265,417.0 
10.292 ,266,428.0 
10.295 ,267,432.9 
10.298 ,268,437.9 
10.302 ,269,418.3 
10.305 ,270,423.2 
10.308 ,271,432.9 
10.312 ,272,426.8 
10.315 ,273,443.1 
10.318 ,274,432.1 
10.322 ,275,427.6 
10.325 ,276,421.5 
10.328 ,277,423.4 
10.332 ,278,421.4 
10.335 ,279,433.7 
10.338 ,280,432.1 
10.342 ,281,435.4 
10.345 ,282,438.9 
10.348 ,283,428.5 
10.352 ,284,437.1 
10.355 ,285,423.9 
10.358 ,286,444.1 
10.362 ,287,431.6 
10.365 ,288,423.3 
10.368 ,289,446.3 
10.372 ,290,473.8 
10.375 ,291,463.8 
10.378 ,292,437.8 
10.382 ,293,420.3 
10.385 ,294,416.7 
10.388 ,295,430.0 
10.392 ,296,440.1 
10.395 ,297,462.6 
10.398 ,298,461.6 
10.402 ,299,447.6 
10.405 ,300,441.2 
10.408 ,301,459.2 
10.412 ,302,438.9 
10.415 ,303,444.2 
10.418 ,304,437.6 
10.422 ,305,449.8 
10.425 ,306,439.8 
10.428 ,307,445.9 
10.432 ,308,445.9 
10.435 ,309,437.9 
10.438 ,310,451.2 
10.442 ,311,442.5 
10.445 ,312,450.0 
10.448 ,313,462.9 
10.452 ,314,456.3 
10.455 ,315,467.1 
10.458 ,316,480.9 
10.462 ,317,476.1 
10.465 ,318,487.8 
10.468 ,319,485.1 
10.472 ,320,475.7 
10.475 ,321,473.5 
10.478 ,322,479.3 
10.482 ,323,465.9 
10.485 ,324,459.1 
10.488 ,325,453.9 
10.492 ,326,446.2 
10.495 ,327,404.0 
10.498 ,328,415.6 
10.502 ,329,440.8 
10.505 ,330,421.1 
10.508 ,331,440.9 
10.512 ,332,422.6 
10.515 ,333,437.8 
10.518 ,334,432.2 
10.522 ,335,419.4 
10.525 ,336,434.8 
10.528 ,337,413.8 
10.532 ,338,418.3 
10.535 ,339,402.2 
10.538 ,340,413.2 
10.542 ,341,410.8 
10.545 ,342,406.8 
10.548 ,343,412.5 
10.552 ,344,413.2 
10.555 ,345,409.7 
10.558 ,346,410.9 
10.562 ,347,418.6 
10.565 ,348,427.8 
10.568 ,349,422.0 
10.572 ,350,433.0 
10.575 ,351,427.0 
10.578 ,352,416.0 
,,
10.590 ,364,430.2 
10.593 ,365,424.9 
10.597 ,366,431.5 
10.600 ,367,437.7 
10.603 ,368,416.3 
10.607 ,369,421.8 
10.610 ,370,412.2 
10.613 ,371,412.6 
10.617 ,372,401.4 
10.620 ,373,393.4 
10.623 ,374,389.4 
10.627 ,375,384.6 
10.630 ,376,397.5 
10.633 ,377,434.8 
10.637 ,378,435.1 
10.640 ,379,412.3 
10.643 ,380,407.0 
10.647 ,381,408.5 
10.650 ,382,404.1 
10.653 ,383,399.6 
10.657 ,384,406.6 
10.660 ,385,382.1 
10.663 ,386,394.1 
10.667 ,387,388.9 
10.670 ,388,408.7 
10.673 ,389,402.3 
10.677 ,390,410.7 
10.680 ,391,412.8 
10.683 ,392,403.4 
10.687 ,393,417.3 
10.690 ,394,424.7 
10.693 ,395,414.8 
10.697 ,396,427.0 
10.700 ,397,422.7 
10.703 ,398,425.3 
10.707 ,399,427.4 
10.710 ,400,422.8 
10.713 ,401,411.1 
10.717 ,402,421.3 
10.720 ,403,430.3 
10.723 ,404,423.8 
10.727 ,405,415.5 
10.730 ,406,386.3 
10.733 ,407,407.5 
10.737 ,408,419.8 
10.740 ,409,416.1 
10.743 ,410,436.3 
10.747 ,411,436.8 
10.750 ,412,439.8 
10.753 ,413,442.1 
10.757 ,414,437.7 
10.760 ,415,436.9 
10.763 ,416,433.6 
10.767 ,417,436.1 
10.770 ,418,435.2 
10.773 ,419,439.8 
10.777 ,420,437.0 
10.780 ,421,443.4 
10.783 ,422,436.1 
10.787 ,423,437.3 
10.790 ,424,448.0 
10.793 ,425,434.8 
10.797 ,426,440.2 
10.800 ,427,442.8 
10.803 ,428,444.3 
10.807 ,429,444.8 
10.810 ,430,457.9 
10.813 ,431,460.1 
10.817 ,432,456.0 
10.820 ,433,448.7 
10.823 ,434,452.2 
10.827 ,435,440.8 
10.830 ,436,424.6 
10.833 ,437,423.4 
10.837 ,438,420.3 
10.840 ,439,422.4 
10.843 ,440,432.1 
10.847 ,441,413.3 
10.850 ,442,403.9 
10.853 ,443,400.9 
,,
10.873 ,448,406.5 
10.877 ,449,402.3 
10.880 ,450,426.9 
10.883 ,451,412.9 
10.887 ,452,419.4 
10.890 ,453,418.8 
10.893 ,454,417.4 
10.897 ,455,413.9 
10.900 ,456,420.3 
10.903 ,457,419.5 
10.907 ,458,418.0 
10.910 ,459,425.5 
10.913 ,460,420.5 
10.917 ,461,411.6 
10.920 ,462,423.6 
10.923 ,463,419.2 
10.927 ,464,414.9 
10.930 ,465,419.9 
10.933 ,466,421.3 
10.937 ,467,431.5 
10.940 ,468,449.5 
10.943 ,469,425.0 
10.947 ,470,454.6 
10.950 ,471,456.7 
10.953 ,472,469.2 
10.957 ,473,444.3 
10.960 ,474,434.6 
10.963 ,475,441.2 
10.967 ,476,453.3 
10.970 ,477,437.6 
10.973 ,478,444.2 
10.977 ,479,441.8 
10.980 ,480,416.5 
10.983 ,481,414.7 
10.987 ,482,416.1 
10.990 ,483,407.8 
10.993 ,484,426.3 
10.997 ,485,414.5 
11.000 ,486,414.4 
11.003 ,487,429.0 
11.007 ,488,433.6 
11.010 ,489,424.2 
11.013 ,490,427.7 
11.017 ,491,439.6 
11.020 ,492,428.6 
11.023 ,493,433.7 
11.027 ,494,430.5 
11.030 ,495,429.6 
11.033 ,496,428.4 
11.037 ,497,428.4 
11.040 ,498,435.6 
11.043 ,499,432.3 
11.047 ,500,426.2 
11.050 ,501,441.9 
11.053 ,502,422.5 
11.057 ,503,404.1 
,,
11.062 ,4,395.8 
11.065 ,5,413.2 
11.068 ,6,433.6 
11.072 ,7,421.8 
11.075 ,8,423.6 
11.078 ,9,435.3 
11.082 ,10,435.8 
11.085 ,11,420.6 
11.088 ,12,415.1 
11.092 ,13,406.5 
11.095 ,14,416.7 
11.098 ,15,428.2 
11.102 ,16,422.3 
11.105 ,17,430.7 
11.108 ,18,430.1 
11.112 ,19,434.7 
11.115 ,20,423.6 
11.118 ,21,433.9 
11.122 ,22,441.4 
11.125 ,23,433.9 
11.128 ,24,431.4 
11.132 ,25,430.9 
11.135 ,26,429.3 
11.138 ,27,428.4 
11.142 ,28,440.3 
11.145 ,29,433.5 
11.148 ,30,423.4 
11.152 ,31,431.9 
11.155 ,32,428.8 
11.158 ,33,435.7 
11.162 ,34,439.5 
11.165 ,35,439.0 
11.168 ,36,445.0 
11.172 ,37,450.4 
11.175 ,38,461.0 
11.178 ,39,459.9 
11.182 ,40,472.5 
11.185 ,41,458.6 
11.188 ,42,444.7 
11.192 ,43,428.1 
11.195 ,44,431.1 
11.198 ,45,438.4 
11.202 ,46,434.2 
11.205 ,47,430.9 
11.208 ,48,432.8 
11.212 ,49,433.9 
11.215 ,50,431.1 
11.218 ,51,436.6 
11.222 ,52,445.4 
11.225 ,53,445.5 
11.228 ,54,452.4 
11.232 ,55,446.4 
11.235 ,56,435.9 
11.238 ,57,433.9 
11.242 ,58,442.1 
11.245 ,59,419.4 
11.248 ,60,420.8 
11.252 ,61,423.7 
11.255 ,62,427.4 
11.258 ,63,428.3 
11.262 ,64,452.2 
11.265 ,65,443.0 
11.268 ,66,431.3 
11.272 ,67,416.7 
11.275 ,68,421.6 
11.278 ,69,422.9 
11.282 ,70,439.9 
11.285 ,71,424.2 
11.288 ,72,420.4 
11.292 ,73,428.2 
11.295 ,74,413.0 
11.298 ,75,415.4 
11.302 ,76,412.1 
11.305 ,77,415.8 
11.308 ,78,419.9 
11.312 ,79,416.7 
11.315 ,80,418.9 
11.318 ,81,423.2 
11.322 ,82,416.6 
11.325 ,83,411.8 
11.328 ,84,424.0 
11.332 ,85,429.1 
11.335 ,86,436.4 
11.338 ,87,435.1 
11.342 ,88,443.0 
11.345 ,89,445.2 
11.348 ,90,424.8 
11.352 ,91,426.1 
11.355 ,92,432.0 
11.358 ,93,428.3 
11.362 ,94,429.5 
11.365 ,95,426.1 
11.368 ,96,412.8 
11.372 ,97,429.2 
11.375 ,98,420.0 
11.378 ,99,430.7 
11.382 ,100,439.5 
11.385 ,101,435.6 
11.388 ,102,420.8 
11.392 ,103,428.7 
11.395 ,104,437.8 
11.398 ,105,444.9 
11.402 ,106,440.8 
11.405 ,107,445.4 
11.408 ,108,434.1 
11.412 ,109,453.4 
11.415 ,110,464.9 
11.418 ,111,465.1 
11.422 ,112,466.4 
11.425 ,113,464.4 
11.428 ,114,465.9 
11.432 ,115,457.8 
11.435 ,116,479.0 
11.438 ,117,464.6 
11.442 ,118,464.0 
11.445 ,119,464.2 
11.448 ,120,459.8 
11.452 ,121,452.4 
11.455 ,122,419.4 
,,
11.460 ,128,424.1 
11.463 ,129,446.2 
11.467 ,130,450.1 
11.470 ,131,413.5 
11.473 ,132,413.0 
11.477 ,133,392.9 
11.480 ,134,403.1 
11.483 ,135,424.2 
11.487 ,136,411.4 
11.490 ,137,391.1 
11.493 ,138,410.0 
11.497 ,139,400.2 
11.500 ,140,418.0 
11.503 ,141,423.4 
11.507 ,142,411.5 
11.510 ,143,404.8 
11.513 ,144,406.4 
11.517 ,145,404.4 
11.520 ,146,419.6 
11.523 ,147,434.2 
11.527 ,148,413.0 
11.530 ,149,425.9 
11.533 ,150,414.1 
11.537 ,151,426.5 
11.540 ,152,410.7 
11.543 ,153,412.4 
11.547 ,154,411.0 
11.550 ,155,420.5 
11.553 ,156,415.9 
11.557 ,157,421.7 
11.560 ,158,417.5 
11.563 ,159,417.7 
11.567 ,160,415.8 
11.570 ,161,426.0 
11.573 ,162,426.3 
11.577 ,163,426.3 
11.580 ,164,422.9 
11.583 ,165,426.3 
11.587 ,166,425.0 
11.590 ,167,435.7 
11.593 ,168,436.0 
11.597 ,169,432.4 
11.600 ,170,435.1 
11.603 ,171,437.0 
11.607 ,172,442.1 
11.610 ,173,442.3 
11.613 ,174,438.3 
11.617 ,175,408.8 
11.620 ,176,422.3 
11.623 ,177,422.5 
11.627 ,178,425.3 
11.630 ,179,421.3 
11.633 ,180,429.2 
11.637 ,181,437.6 
11.640 ,182,437.2 
11.643 ,183,432.2 
11.647 ,184,424.7 
11.650 ,185,424.5 
11.653 ,186,432.0 
11.657 ,187,432.2 
11.660 ,188,449.5 
11.663 ,189,436.8 
11.667 ,190,466.4 
11.670 ,191,456.6 
11.673 ,192,453.9 
11.677 ,193,464.5 
11.680 ,194,443.7 
11.683 ,195,448.2 
11.687 ,196,441.7 
11.690 ,197,435.3 
11.693 ,198,426.8 
11.697 ,199,415.3 
11.700 ,200,410.6 
11.703 ,201,394.6 
11.707 ,202,393.0 
11.710 ,203,404.2 
11.713 ,204,411.6 
11.717 ,205,415.5 
11.720 ,206,422.0 
11.723 ,207,397.2 
11.727 ,208,392.7 
11.730 ,209,414.2 
11.733 ,210,411.8 
11.737 ,211,423.8 
11.740 ,212,394.5 
,,
11.753 ,220,449.8 
11.757 ,221,450.5 
11.760 ,222,461.1 
11.763 ,223,449.3 
11.767 ,224,447.4 
11.770 ,225,445.5 
11.773 ,226,454.0 
11.777 ,227,445.1 
11.780 ,228,459.0 
11.783 ,229,465.6 
11.787 ,230,456.2 
11.790 ,231,449.7 
11.793 ,232,451.3 
11.797 ,233,436.0 
11.800 ,234,439.1 
11.803 ,235,427.3 
11.807 ,236,428.6 
11.810 ,237,425.2 
11.813 ,238,414.2 
11.817 ,239,430.1 
11.820 ,240,430.4 
11.823 ,241,437.4 
11.827 ,242,443.0 
11.830 ,243,441.0 
11.833 ,244,444.4 
11.837 ,245,446.1 
11.840 ,246,453.8 
11.843 ,247,449.1 
11.847 ,248,452.9 
11.850 ,249,467.1 
11.853 ,250,453.4 
11.857 ,251,454.8 
11.860 ,252,455.2 
11.863 ,253,455.2 
11.867 ,254,454.4 
11.870 ,255,469.0 
11.873 ,256,455.2 
11.877 ,257,458.4 
11.880 ,258,457.8 
11.883 ,259,453.5 
11.887 ,260,449.7 
11.890 ,261,461.9 
11.893 ,262,452.0 
11.897 ,263,443.3 
11.900 ,264,459.5 
11.903 ,265,426.4 
11.907 ,266,446.5 
11.910 ,267,426.5 
11.913 ,268,448.0 
11.917 ,269,444.0 
11.920 ,270,451.2 
11.923 ,271,457.8 
11.927 ,272,424.6 
11.930 ,273,433.9 
11.933 ,274,429.2 
11.937 ,275,429.8 
11.940 ,276,420.4 
11.943 ,277,439.2 
11.947 ,278,443.6 
11.950 ,279,441.1 
11.953 ,280,459.7 
11.957 ,281,441.2 
11.960 ,282,442.1 
11.963 ,283,446.1 
11.967 ,284,449.8 
11.970 ,285,458.8 
11.973 ,286,450.4 
11.977 ,287,444.4 
11.980 ,288,453.8 
11.983 ,289,445.9 
11.987 ,290,471.8 
11.990 ,291,468.3 
11.993 ,292,447.0 
11.997 ,293,447.4 
12.000 ,294,451.8 
12.003 ,295,443.4 
12.007 ,296,441.8 
12.010 ,297,453.8 
12.013 ,298,453.6 
12.017 ,299,458.2 
12.020 ,300,454.4 
12.023 ,301,467.4 
12.027 ,302,465.8 
12.030 ,303,470.6 
12.033 ,304,459.9 
12.037 ,305,448.3 
12.040 ,306,437.7 
12.043 ,307,439.8 
12.047 ,308,437.4 
12.050 ,309,441.3 
12.053 ,310,423.7 
12.057 ,311,411.9 
,,
12.073 ,320,407.4 
12.077 ,321,402.9 
12.080 ,322,402.2 
12.083 ,323,426.2 
12.087 ,324,430.4 
12.090 ,325,418.4 
12.093 ,326,427.7 
12.097 ,327,448.2 
12.100 ,328,436.0 
12.103 ,329,427.1 
12.107 ,330,432.1 
12.110 ,331,443.6 
12.113 ,332,436.7 
12.117 ,333,440.4 
12.120 ,334,431.5 
12.123 ,335,428.8 
12.127 ,336,432.3 
12.130 ,337,431.1 
12.133 ,338,433.4 
12.137 ,339,416.0 
12.140 ,340,413.1 
12.143 ,341,426.3 
12.147 ,342,433.6 
12.150 ,343,431.3 
12.153 ,344,430.1 
12.157 ,345,426.5 
12.160 ,346,440.4 
12.163 ,347,433.7 
12.167 ,348,431.3 
12.170 ,349,433.0 
12.173 ,350,435.9 
12.177 ,351,457.9 
12.180 ,352,464.5 
12.183 ,353,461.7 
12.187 ,354,455.6 
12.190 ,355,455.8 
12.193 ,356,458.9 
12.197 ,357,439.6 
12.200 ,358,438.6 
12.203 ,359,446.4 
12.207 ,360,449.3 
12.210 ,361,459.9 
12.213 ,362,453.6 
12.217 ,363,458.9 
12.220 ,364,478.9 
12.223 ,365,470.3 
12.227 ,366,439.3 
12.230 ,367,423.6 
12.233 ,368,413.1 
12.237 ,369,423.2 
12.240 ,370,433.6 
12.243 ,371,430.1 
12.247 ,372,431.3 
12.250 ,373,427.0 
12.253 ,374,438.8 
12.257 ,375,434.4 
12.260 ,376,433.1 
12.263 ,377,439.1 
12.267 ,378,439.3 
12.270 ,379,414.3 
12.273 ,380,437.1 
12.277 ,381,435.6 
12.280 ,382,457.6 
12.283 ,383,442.8 
12.287 ,384,443.2 
12.290 ,385,439.4 
12.293 ,386,420.5 
12.297 ,387,423.3 
,,
12.320 ,397,410.6 
12.323 ,398,428.6 
12.327 ,399,434.8 
12.330 ,400,420.1 
12.333 ,401,419.2 
12.337 ,402,411.0 
12.340 ,403,434.5 
12.343 ,404,431.4 
12.347 ,405,432.6 
12.350 ,406,432.8 
12.353 ,407,425.1 
12.357 ,408,444.0 
12.360 ,409,455.2 
12.363 ,410,461.6 
12.367 ,411,452.6 
12.370 ,412,456.7 
12.373 ,413,446.1 
12.377 ,414,452.6 
12.380 ,415,460.4 
12.383 ,416,455.9 
12.387 ,417,459.1 
12.390 ,418,461.1 
12.393 ,419,458.3 
12.397 ,420,440.3 
12.400 ,421,438.9 
12.403 ,422,450.6 
12.407 ,423,442.2 
12.410 ,424,449.1 
12.413 ,425,453.2 
12.417 ,426,435.0 
12.420 ,427,440.7 
12.423 ,428,435.7 
12.427 ,429,431.4 
12.430 ,430,423.8 
12.433 ,431,438.7 
12.437 ,432,440.6 
12.440 ,433,443.3 
12.443 ,434,443.8 
12.447 ,435,445.4 
12.450 ,436,444.5 
12.453 ,437,447.6 
12.457 ,438,458.4 
12.460 ,439,452.3 
12.463 ,440,458.6 
12.467 ,441,450.8 
12.470 ,442,447.5 
12.473 ,443,435.1 
12.477 ,444,447.3 
12.480 ,445,447.6 
12.483 ,446,447.5 
12.487 ,447,439.8 
12.490 ,448,444.3 
12.493 ,449,425.2 
12.497 ,450,419.2 
12.500 ,451,413.7 
12.503 ,452,423.8 
12.507 ,453,425.0 
12.510 ,454,439.6 
12.513 ,455,449.3 
12.517 ,456,447.2 
12.520 ,457,444.2 
12.523 ,458,436.0 
12.527 ,459,437.9 
12.530 ,460,440.8 
12.533 ,461,458.3 
12.537 ,462,461.9 
12.540 ,463,465.6 
12.543 ,464,474.4 
12.547 ,465,463.2 
12.550 ,466,458.6 
12.553 ,467,471.3 
12.557 ,468,459.9 
12.560 ,469,453.4 
12.563 ,470,442.7 
12.567 ,471,422.5 
12.570 ,472,437.0 
12.573 ,473,430.3 
12.577 ,474,430.5 
12.580 ,475,433.0 
12.583 ,476,437.0 
12.587 ,477,430.2 
12.590 ,478,437.6 
12.593 ,479,442.7 
12.597 ,480,467.3 
12.600 ,481,489.0 
12.603 ,482,473.0 
12.607 ,483,473.1 
12.610 ,484,470.8 
12.613 ,485,456.9 
12.617 ,486,438.2 
12.620 ,487,439.1 
12.623 ,488,440.0 
12.627 ,489,449.7 
12.630 ,490,449.1 
12.633 ,491,456.1 
12.637 ,492,460.9 
12.640 ,493,468.6 
12.643 ,494,461.8 
12.647 ,495,457.8 
12.650 ,496,441.4 
12.653 ,497,412.0 
12.663 ,7,424.3 
12.667 ,8,452.3 
12.670 ,9,462.2 
12.673 ,10,458.4 
12.677 ,11,451.3 
12.680 ,12,437.9 
12.683 ,13,433.7 
12.687 ,14,471.5 
12.690 ,15,476.6 
12.693 ,16,476.4 
12.697 ,17,477.2 
12.700 ,18,477.1 
12.703 ,19,480.8 
12.707 ,20,499.3 
12.710 ,21,500.1 
12.713 ,22,492.8 
12.717 ,23,467.2 
12.720 ,24,431.6 
12.723 ,25,420.5 
12.727 ,26,438.3 
12.730 ,27,433.7 
12.733 ,28,448.4 
12.737 ,29,453.6 
12.740 ,30,469.2 
12.743 ,31,481.8 
12.747 ,32,486.6 
12.750 ,33,492.2 
12.753 ,34,481.0 
12.757 ,35,503.6 
12.760 ,36,486.9 
12.763 ,37,471.9 
12.767 ,38,468.8 
12.770 ,39,465.0 
12.773 ,40,465.7 
12.777 ,41,466.1 
12.780 ,42,461.2 
12.783 ,43,462.9 
12.787 ,44,470.9 
12.790 ,45,472.1 
12.793 ,46,476.9 
12.797 ,47,478.9 
12.800 ,48,477.8 
12.803 ,49,481.5 
12.807 ,50,487.6 
12.810 ,51,484.8 
12.813 ,52,488.1 
12.817 ,53,492.2 
12.820 ,54,501.1 
12.823 ,55,495.1 
12.827 ,56,491.8 
12.830 ,57,503.7 
12.833 ,58,511.2 
12.837 ,59,507.3 
12.840 ,60,513.9 
12.843 ,61,511.4 
12.847 ,62,512.6 
12.850 ,63,512.3 
12.853 ,64,514.9 
12.857 ,65,506.1 
12.860 ,66,510.5 
12.863 ,67,451.6 
12.867 ,68,458.0 
12.870 ,69,449.7 
12.873 ,70,463.3 
12.877 ,71,469.2 
12.880 ,72,484.0 
12.883 ,73,465.4 
12.887 ,74,454.9 
12.890 ,75,461.8 
12.893 ,76,458.7 
12.897 ,77,461.8 
12.900 ,78,451.6 
12.903 ,79,460.3 
12.907 ,80,449.9 
12.910 ,81,459.1 
12.913 ,82,452.2 
12.917 ,83,457.8 
12.920 ,84,464.2 
12.923 ,85,460.2 
12.927 ,86,468.0 
12.930 ,87,458.0 
12.933 ,88,449.2 
12.937 ,89,447.5 
12.940 ,90,438.5 
12.943 ,91,433.6 
12.947 ,92,432.8 
12.950 ,93,430.1 
12.953 ,94,422.1 
12.957 ,95,438.5 
12.960 ,96,425.4 
12.963 ,97,439.7 
12.967 ,98,425.8 
12.970 ,99,439.2 
12.973 ,100,443.7 
12.977 ,101,441.0 
12.980 ,102,430.3 
12.983 ,103,438.4 
12.987 ,104,446.5 
12.990 ,105,453.5 
12.993 ,106,457.1 
12.997 ,107,442.7 
13.000 ,108,452.0 
13.003 ,109,447.8 
13.007 ,110,445.8 
13.010 ,111,462.2 
13.013 ,112,459.1 
13.017 ,113,451.9 
13.020 ,114,447.8 
13.023 ,115,445.9 
13.027 ,116,445.0 
13.030 ,117,446.9 
13.033 ,118,458.9 
13.037 ,119,472.0 
13.040 ,120,474.9 
13.043 ,121,484.8 
13.047 ,122,469.0 
13.050 ,123,474.3 
13.053 ,124,478.7 
13.057 ,125,453.9 
13.060 ,126,451.4 
13.063 ,127,463.4 
13.067 ,128,457.0 
13.070 ,129,450.3 
13.073 ,130,455.8 
13.077 ,131,449.4 
13.080 ,132,445.8 
13.083 ,133,447.1 
13.087 ,134,448.8 
13.090 ,135,462.1 
13.093 ,136,453.9 
13.097 ,137,456.6 
13.100 ,138,452.4 
13.103 ,139,459.8 
13.107 ,140,461.9 
13.110 ,141,473.5 
13.113 ,142,461.5 
13.117 ,143,456.2 
13.120 ,144,462.8 
13.123 ,145,476.9 
13.127 ,146,480.7 
13.130 ,147,473.2 
13.133 ,148,471.6 
13.137 ,149,475.4 
13.140 ,150,469.8 
13.143 ,151,474.3 
13.147 ,152,470.6 
13.150 ,153,463.6 
13.153 ,154,477.1 
13.157 ,155,465.4 
13.160 ,156,471.1 
13.163 ,157,469.4 
13.167 ,158,478.7 
13.170 ,159,470.1 
13.173 ,160,462.6 
13.177 ,161,449.2 
,,
13.190 ,231,458.4 
13.193 ,232,478.8 
13.197 ,233,486.4 
13.200 ,234,471.7 
13.203 ,235,446.6 
13.207 ,236,469.1 
13.210 ,237,469.5 
13.213 ,238,476.1 
13.217 ,239,450.3 
13.220 ,240,464.2 
13.223 ,241,448.8 
13.227 ,242,445.5 
13.230 ,243,440.8 
13.233 ,244,442.6 
13.237 ,245,448.1 
13.240 ,246,467.3 
13.243 ,247,481.5 
13.247 ,248,467.6 
13.250 ,249,455.9 
13.253 ,250,431.3 
13.257 ,251,433.3 
13.260 ,252,429.4 
13.263 ,253,429.2 
13.267 ,254,436.1 
13.270 ,255,436.4 
13.273 ,256,449.9 
13.277 ,257,454.6 
13.280 ,258,449.0 
13.283 ,259,453.9 
13.287 ,260,466.6 
13.290 ,261,455.1 
13.293 ,262,451.8 
13.297 ,263,452.9 
13.300 ,264,441.2 
13.303 ,265,445.3 
13.307 ,266,443.4 
13.310 ,267,445.8 
13.313 ,268,449.2 
13.317 ,269,464.0 
13.320 ,270,467.2 
13.323 ,271,459.3 
13.327 ,272,472.9 
13.330 ,273,466.2 
13.333 ,274,471.0 
13.337 ,275,470.2 
13.340 ,276,482.7 
13.343 ,277,493.4 
13.347 ,278,489.5 
13.350 ,279,476.8 
13.353 ,280,471.6 
13.357 ,281,459.2 
13.360 ,282,457.5 
13.363 ,283,442.5 
13.367 ,284,440.3 
13.370 ,285,431.5 
13.373 ,286,434.6 
13.377 ,287,432.1 
13.380 ,288,445.1 
13.383 ,289,442.5 
13.387 ,290,444.0 
13.390 ,291,435.6 
13.393 ,292,443.8 
13.397 ,293,442.9 
13.400 ,294,444.7 
13.403 ,295,448.4 
13.407 ,296,456.3 
13.410 ,297,449.7 
13.413 ,298,442.2 
13.417 ,299,445.3 
13.420 ,300,448.8 
13.423 ,301,446.9 
13.427 ,302,456.2 
13.430 ,303,449.5 
13.433 ,304,460.1 
13.437 ,305,458.1 
13.440 ,306,453.1 
13.443 ,307,458.3 
13.447 ,308,448.8 
13.450 ,309,455.8 
13.453 ,310,449.5 
13.457 ,311,455.4 
13.460 ,312,446.6 
13.463 ,313,456.2 
13.467 ,314,453.3 
13.470 ,315,450.3 
13.473 ,316,439.4 
13.477 ,317,441.0 
13.480 ,318,439.3 
13.483 ,319,452.6 
13.487 ,320,445.4 
13.490 ,321,452.6 
13.493 ,322,452.1 
13.497 ,323,461.0 
13.500 ,324,460.3 
13.503 ,325,449.7 
13.507 ,326,449.0 
13.510 ,327,451.1 
13.513 ,328,452.8 
13.517 ,329,446.6 
13.520 ,330,448.2 
13.523 ,331,432.2 
13.527 ,332,429.8 
13.530 ,333,431.1 
13.533 ,334,438.6 
13.537 ,335,449.9 
13.540 ,336,445.4 
13.543 ,337,441.2 
13.547 ,338,446.3 
,,
13.560 ,350,448.6 
13.563 ,351,467.0 
13.567 ,352,461.0 
13.570 ,353,460.2 
13.573 ,354,469.2 
13.577 ,355,458.7 
13.580 ,356,476.6 
13.583 ,357,470.8 
13.587 ,358,466.1 
13.590 ,359,462.9 
13.593 ,360,445.2 
13.597 ,361,444.6 
13.600 ,362,445.4 
13.603 ,363,459.8 
13.607 ,364,457.8 
13.610 ,365,452.3 
13.613 ,366,464.8 
13.617 ,367,470.7 
13.620 ,368,456.4 
13.623 ,369,455.8 
13.627 ,370,467.6 
13.630 ,371,456.4 
13.633 ,372,453.1 
13.637 ,373,462.3 
13.640 ,374,458.3 
13.643 ,375,466.0 
13.647 ,376,468.0 
13.650 ,377,463.6 
13.653 ,378,466.1 
13.657 ,379,456.6 
13.660 ,380,475.3 
13.663 ,381,472.6 
13.667 ,382,463.3 
13.670 ,383,469.8 
13.673 ,384,470.6 
13.677 ,385,457.1 
13.680 ,386,439.3 
13.683 ,387,430.4 
13.687 ,388,454.3 
13.690 ,389,460.6 
13.693 ,390,459.7 
13.697 ,391,451.9 
13.700 ,392,459.3 
13.703 ,393,457.9 
13.707 ,394,464.8 
13.710 ,395,458.4 
13.713 ,396,465.4 
13.717 ,397,472.2 
13.720 ,398,465.4 
13.723 ,399,474.9 
13.727 ,400,472.9 
13.730 ,401,464.6 
13.733 ,402,453.3 
13.737 ,403,484.3 
13.740 ,404,466.8 
13.743 ,405,452.1 
13.747 ,406,450.7 
13.750 ,407,445.6 
13.753 ,408,465.4 
13.757 ,409,457.5 
13.760 ,410,467.8 
13.763 ,411,467.3 
13.767 ,412,474.7 
13.770 ,413,473.8 
13.773 ,414,474.9 
13.777 ,415,479.8 
13.780 ,416,459.7 
13.783 ,417,452.0 
13.787 ,418,447.3 
13.790 ,419,435.7 
13.793 ,420,442.8 
13.797 ,421,452.0 
13.800 ,422,456.2 
13.803 ,423,458.3 
13.807 ,424,459.1 
13.810 ,425,456.8 
13.813 ,426,460.1 
13.817 ,427,452.5 
13.820 ,428,458.4 
13.823 ,429,450.9 
13.827 ,430,454.7 
13.830 ,431,458.2 
13.833 ,432,464.9 
13.837 ,433,448.0 
13.840 ,434,455.9 
13.843 ,435,460.1 
13.847 ,436,453.9 
13.850 ,437,464.0 
13.853 ,438,469.2 
13.857 ,439,465.0 
13.860 ,440,462.0 
13.863 ,441,457.6 
13.867 ,442,456.9 
13.870 ,443,448.4 
13.873 ,444,457.6 
13.877 ,445,448.4 
13.880 ,446,446.9 
13.883 ,447,447.1 
13.887 ,448,432.4 
13.890 ,449,440.9 
13.893 ,450,441.4 
13.897 ,451,440.2 
13.900 ,452,446.8 
13.903 ,453,433.8 
13.907 ,454,444.6 
13.910 ,455,450.7 
13.913 ,456,452.9 
13.917 ,457,459.8 
13.920 ,458,451.4 
13.923 ,459,455.8 
13.927 ,460,453.6 
13.930 ,461,456.6 
13.933 ,462,456.3 
13.937 ,463,462.7 
13.940 ,464,447.3 
13.943 ,465,455.1 
13.947 ,466,452.6 
13.950 ,467,452.3 
13.953 ,468,451.5 
13.957 ,469,448.6 
13.960 ,470,441.9 
13.963 ,471,451.4 
13.967 ,472,448.6 
13.970 ,473,459.8 
13.973 ,474,454.3 
13.977 ,475,452.4 
13.980 ,476,446.3 
13.983 ,477,453.7 
13.987 ,478,465.4 
13.990 ,479,452.6 
13.993 ,480,452.9 
13.997 ,481,454.8 
14.000 ,482,460.8 
14.003 ,483,461.0 
14.007 ,484,465.0 
14.010 ,485,453.3 
14.013 ,486,453.3 
14.017 ,487,441.4 
14.020 ,488,454.5 
14.023 ,489,432.7 
14.027 ,490,445.6 
14.030 ,491,440.7 
14.033 ,492,433.6 
14.037 ,493,452.5 
14.040 ,494,483.4 
14.043 ,495,462.5 
,,
14.053 ,11,457.6 
14.057 ,12,454.8 
14.060 ,13,458.8 
14.063 ,14,450.9 
14.067 ,15,453.2 
14.070 ,16,457.5 
14.073 ,17,467.9 
14.077 ,18,492.6 
14.080 ,19,500.4 
14.083 ,20,505.8 
14.087 ,21,500.3 
14.090 ,22,510.8 
14.093 ,23,495.9 
14.097 ,24,506.2 
14.100 ,25,496.3 
14.103 ,26,472.8 
14.107 ,27,468.5 
14.110 ,28,473.3 
14.113 ,29,474.9 
14.117 ,30,480.8 
14.120 ,31,470.6 
14.123 ,32,465.9 
14.127 ,33,484.6 
14.130 ,34,494.7 
14.133 ,35,473.2 
14.137 ,36,468.1 
14.140 ,37,469.7 
14.143 ,38,470.6 
14.147 ,39,457.6 
14.150 ,40,468.1 
14.153 ,41,470.2 
14.157 ,42,472.4 
14.160 ,43,466.4 
14.163 ,44,456.8 
14.167 ,45,464.0 
14.170 ,46,460.6 
14.173 ,47,470.9 
14.177 ,48,462.5 
14.180 ,49,469.8 
14.183 ,50,446.2 
14.187 ,51,449.7 
14.190 ,52,450.5 
14.193 ,53,435.6 
14.197 ,54,437.8 
14.200 ,55,443.0 
14.203 ,56,438.6 
14.207 ,57,429.9 
14.210 ,58,449.7 
14.213 ,59,447.8 
14.217 ,60,447.6 
14.220 ,61,451.0 
14.223 ,62,453.0 
14.227 ,63,457.2 
14.230 ,64,469.5 
14.233 ,65,468.3 
14.237 ,66,467.0 
14.240 ,67,472.7 
14.243 ,68,464.8 
14.247 ,69,466.4 
14.250 ,70,470.8 
14.253 ,71,460.6 
14.257 ,72,461.2 
14.260 ,73,466.2 
14.263 ,74,460.9 
14.267 ,75,452.0 
14.270 ,76,463.7 
14.273 ,77,469.6 
14.277 ,78,458.6 
14.280 ,79,492.1 
14.283 ,80,484.8 
14.287 ,81,468.6 
14.290 ,82,447.8 
14.293 ,83,455.1 
14.297 ,84,444.8 
14.300 ,85,450.9 
14.303 ,86,454.9 
14.307 ,87,438.7 
14.310 ,88,447.9 
14.313 ,89,443.7 
14.317 ,90,450.5 
14.320 ,91,442.6 
14.323 ,92,439.3 
14.327 ,93,444.4 
14.330 ,94,450.5 
14.333 ,95,440.2 
14.337 ,96,449.9 
14.340 ,97,457.6 
14.343 ,98,447.7 
14.347 ,99,453.9 
14.350 ,100,450.1 
14.353 ,101,444.6 
14.357 ,102,461.0 
14.360 ,103,458.3 
14.363 ,104,448.1 
14.367 ,105,456.3 
14.370 ,106,445.0 
14.373 ,107,457.8 
14.377 ,108,455.6 
14.380 ,109,471.7 
14.383 ,110,467.3 
14.387 ,111,465.2 
14.390 ,112,452.6 
14.393 ,113,464.2 
14.397 ,114,468.0 
14.400 ,115,467.5 
14.403 ,116,465.2 
14.407 ,117,466.0 
14.410 ,118,465.4 
14.413 ,119,465.7 
14.417 ,120,476.9 
14.420 ,121,482.9 
14.423 ,122,474.7 
14.427 ,123,446.7 
14.430 ,124,442.7 
14.433 ,125,453.1 
14.437 ,126,459.7 
14.440 ,127,441.0 
14.443 ,128,454.1 
14.447 ,129,462.0 
14.450 ,130,466.6 
14.453 ,131,460.8 
14.457 ,132,455.6 
14.460 ,133,460.1 
14.463 ,134,460.8 
14.467 ,135,464.3 
14.470 ,136,465.8 
14.473 ,137,462.0 
14.477 ,138,457.9 
14.480 ,139,459.7 
14.483 ,140,460.5 
14.487 ,141,438.5 
14.490 ,142,445.7 
14.493 ,143,437.3 
14.497 ,144,444.2 
,,
14.505 ,155,437.3 
14.508 ,156,434.6 
14.512 ,157,468.1 
14.515 ,158,461.4 
14.518 ,159,452.0 
14.522 ,160,452.8 
14.525 ,161,462.0 
14.528 ,162,491.1 
14.532 ,163,504.8 
14.535 ,164,502.3 
14.538 ,165,503.2 
14.542 ,166,493.5 
14.545 ,167,498.6 
14.548 ,168,502.2 
14.552 ,169,502.5 
14.555 ,170,506.1 
14.558 ,171,491.6 
14.562 ,172,497.7 
14.565 ,173,484.5 
14.568 ,174,478.9 
14.572 ,175,469.6 
14.575 ,176,471.9 
14.578 ,177,466.7 
14.582 ,178,453.6 
14.585 ,179,438.9 
14.588 ,180,438.4 
14.592 ,181,450.9 
14.595 ,182,451.7 
14.598 ,183,456.2 
14.602 ,184,456.3 
14.605 ,185,464.7 
14.608 ,186,455.1 
14.612 ,187,437.2 
14.615 ,188,439.5 
14.618 ,189,450.4 
14.622 ,190,468.2 
14.625 ,191,460.4 
14.628 ,192,449.9 
14.632 ,193,453.8 
14.635 ,194,465.6 
14.638 ,195,445.6 
14.642 ,196,446.5 
14.645 ,197,450.7 
14.648 ,198,437.2 
14.652 ,199,436.5 
14.655 ,200,442.0 
14.658 ,201,449.1 
14.662 ,202,456.2 
14.665 ,203,439.7 
14.668 ,204,446.7 
14.672 ,205,450.7 
14.675 ,206,449.4 
14.678 ,207,454.8 
14.682 ,208,457.5 
14.685 ,209,456.1 
14.688 ,210,453.0 
14.692 ,211,455.2 
14.695 ,212,454.7 
14.698 ,213,468.1 
14.702 ,214,474.7 
14.705 ,215,458.2 
14.708 ,216,453.6 
14.712 ,217,450.1 
14.715 ,218,458.9 
14.718 ,219,463.6 
14.722 ,220,465.0 
14.725 ,221,461.0 
14.728 ,222,465.9 
14.732 ,223,470.1 
14.735 ,224,466.5 
14.738 ,225,464.0 
14.742 ,226,482.6 
14.745 ,227,480.6 
14.748 ,228,485.8 
14.752 ,229,482.1 
14.755 ,230,483.8 
14.758 ,231,486.6 
14.762 ,232,491.5 
14.765 ,233,499.6 
14.768 ,234,493.4 
14.772 ,235,504.4 
14.775 ,236,477.1 
14.778 ,237,475.1 
14.782 ,238,468.8 
14.785 ,239,468.3 
14.788 ,240,467.0 
14.792 ,241,458.8 
14.795 ,242,461.4 
14.798 ,243,468.9 
14.802 ,244,471.5 
14.805 ,245,462.7 
14.808 ,246,466.3 
14.812 ,247,468.3 
14.815 ,248,462.3 
14.818 ,249,459.1 
14.822 ,250,467.7 
14.825 ,251,461.1 
14.828 ,252,474.0 
14.832 ,253,452.4 
14.835 ,254,467.0 
14.838 ,255,470.0 
14.842 ,256,464.7 
14.845 ,257,487.6 
14.848 ,258,464.8 
14.852 ,259,464.2 
14.855 ,260,462.9 
14.858 ,261,465.2 
14.862 ,262,456.0 
14.865 ,263,451.1 
14.868 ,264,459.1 
14.872 ,265,461.4 
14.875 ,266,451.1 
14.878 ,267,469.0 
14.882 ,268,474.0 
14.885 ,269,467.4 
14.888 ,270,450.4 
14.892 ,271,443.1 
14.895 ,272,455.8 
14.898 ,273,461.4 
14.902 ,274,465.2 
14.905 ,275,467.5 
14.908 ,276,474.9 
14.912 ,277,467.6 
14.915 ,278,468.2 
14.918 ,279,472.4 
14.922 ,280,458.4 
,,
14.940 ,291,427.9 
14.943 ,292,462.3 
14.947 ,293,467.6 
14.950 ,294,468.5 
14.953 ,295,465.6 
14.957 ,296,468.5 
14.960 ,297,472.5 
14.963 ,298,470.9 
14.967 ,299,464.5 
14.970 ,300,461.3 
14.973 ,301,448.6 
14.977 ,302,452.2 
14.980 ,303,456.2 
14.983 ,304,472.8 
14.987 ,305,464.2 
14.990 ,306,472.3 
14.993 ,307,479.5 
14.997 ,308,484.0 
15.000 ,309,478.3 
15.003 ,310,484.7 
15.007 ,311,477.7 
15.010 ,312,465.2 
15.013 ,313,464.2 
15.017 ,314,470.9 
15.020 ,315,464.0 
15.023 ,316,461.8 
15.027 ,317,469.2 
15.030 ,318,460.3 
15.033 ,319,463.2 
15.037 ,320,457.1 
15.040 ,321,452.6 
15.043 ,322,454.9 
15.047 ,323,454.5 
15.050 ,324,461.0 
15.053 ,325,470.7 
15.057 ,326,477.3 
15.060 ,327,471.0 
15.063 ,328,469.8 
15.067 ,329,461.8 
15.070 ,330,463.3 
15.073 ,331,458.1 
15.077 ,332,460.6 
15.080 ,333,462.7 
15.083 ,334,459.1 
15.087 ,335,453.3 
15.090 ,336,461.8 
15.093 ,337,455.3 
15.097 ,338,470.6 
15.100 ,339,472.6 
15.103 ,340,451.3 
15.107 ,341,457.2 
15.110 ,342,441.1 
15.113 ,343,458.6 
15.117 ,344,463.8 
15.120 ,345,464.3 
15.123 ,346,458.7 
15.127 ,347,454.6 
15.130 ,348,464.8 
15.133 ,349,459.3 
15.137 ,350,460.5 
15.140 ,351,457.6 
15.143 ,352,462.3 
15.147 ,353,466.9 
15.150 ,354,475.8 
15.153 ,355,466.7 
15.157 ,356,476.6 
15.160 ,357,464.6 
15.163 ,358,478.1 
15.167 ,359,477.7 
15.170 ,360,481.9 
15.173 ,361,484.7 
15.177 ,362,466.5 
15.180 ,363,478.6 
15.183 ,364,471.7 
15.187 ,365,488.4 
15.190 ,366,493.9 
15.193 ,367,481.9 
15.197 ,368,484.1 
15.200 ,369,480.0 
15.203 ,370,478.2 
15.207 ,371,485.1 
15.210 ,372,483.4 
15.213 ,373,493.6 
15.217 ,374,486.4 
15.220 ,375,481.7 
15.223 ,376,485.8 
15.227 ,377,484.0 
15.230 ,378,483.8 
15.233 ,379,478.7 
15.237 ,380,489.1 
15.240 ,381,489.3 
15.243 ,382,477.6 
15.247 ,383,482.4 
15.250 ,384,470.3 
15.253 ,385,469.3 
15.257 ,386,450.1 
15.260 ,387,453.9 
15.263 ,388,459.4 
15.267 ,389,461.8 
15.270 ,390,455.3 
15.273 ,391,470.0 
15.277 ,392,463.9 
15.280 ,393,476.1 
15.283 ,394,470.2 
15.287 ,395,476.3 
15.290 ,396,469.2 
15.293 ,397,474.7 
15.297 ,398,475.3 
15.300 ,399,478.8 
15.303 ,400,475.4 
15.307 ,401,472.6 
15.310 ,402,470.9 
15.313 ,403,483.1 
15.317 ,404,484.4 
15.320 ,405,496.1 
15.323 ,406,491.8 
15.327 ,407,516.3 
15.330 ,408,496.6 
,,
15.348 ,8,489.4 
15.352 ,9,503.4 
15.355 ,10,509.2 
15.358 ,11,511.7 
15.362 ,12,503.2 
15.365 ,13,503.2 
15.368 ,14,505.3 
15.372 ,15,507.3 
15.375 ,16,498.6 
15.378 ,17,498.7 
15.382 ,18,498.1 
15.385 ,19,495.3 
15.388 ,20,494.1 
15.392 ,21,473.2 
15.395 ,22,466.5 
15.398 ,23,462.3 
15.402 ,24,458.8 
15.405 ,25,462.7 
15.408 ,26,460.8 
15.412 ,27,454.3 
15.415 ,28,453.8 
15.418 ,29,463.7 
15.422 ,30,472.6 
15.425 ,31,477.1 
15.428 ,32,481.1 
15.432 ,33,447.9 
15.435 ,34,459.5 
15.438 ,35,443.1 
15.442 ,36,455.2 
15.445 ,37,443.2 
15.448 ,38,442.5 
15.452 ,39,442.1 
15.455 ,40,450.9 
15.458 ,41,437.2 
15.462 ,42,443.7 
15.465 ,43,449.1 
15.468 ,44,448.4 
15.472 ,45,443.9 
15.475 ,46,458.1 
15.478 ,47,475.1 
15.482 ,48,483.0 
15.485 ,49,487.2 
15.488 ,50,500.6 
15.492 ,51,488.8 
15.495 ,52,493.4 
15.498 ,53,482.0 
15.502 ,54,493.9 
15.505 ,55,491.1 
15.508 ,56,489.3 
15.512 ,57,485.9 
15.515 ,58,493.9 
15.518 ,59,490.1 
15.522 ,60,482.2 
15.525 ,61,493.0 
15.528 ,62,497.8 
15.532 ,63,489.9 
15.535 ,64,477.8 
15.538 ,65,485.6 
15.542 ,66,493.4 
15.545 ,67,479.4 
15.548 ,68,490.1 
15.552 ,69,479.5 
15.555 ,70,476.1 
15.558 ,71,470.7 
15.562 ,72,461.3 
15.565 ,73,457.8 
15.568 ,74,446.7 
15.572 ,75,455.6 
15.575 ,76,450.9 
15.578 ,77,459.6 
15.582 ,78,457.6 
15.585 ,79,460.9 
15.588 ,80,457.6 
15.592 ,81,467.2 
15.595 ,82,477.8 
15.598 ,83,478.6 
15.602 ,84,488.1 
15.605 ,85,479.3 
15.608 ,86,459.7 
15.612 ,87,458.0 
15.615 ,88,452.1 
15.618 ,89,444.2 
15.622 ,90,450.2 
,,
15.640 ,102,463.5 
15.643 ,103,458.7 
15.647 ,104,460.4 
15.650 ,105,459.8 
15.653 ,106,462.6 
15.657 ,107,460.3 
15.660 ,108,467.9 
15.663 ,109,475.1 
15.667 ,110,482.1 
15.670 ,111,508.8 
15.673 ,112,512.3 
15.677 ,113,521.6 
15.680 ,114,520.4 
15.683 ,115,521.7 
15.687 ,116,519.1 
15.690 ,117,516.6 
15.693 ,118,511.6 
15.697 ,119,497.3 
15.700 ,120,500.8 
15.703 ,121,495.9 
15.707 ,122,509.8 
15.710 ,123,517.2 
15.713 ,124,492.7 
15.717 ,125,505.7 
15.720 ,126,493.2 
15.723 ,127,466.2 
15.727 ,128,483.8 
15.730 ,129,473.1 
15.733 ,130,478.2 
15.737 ,131,464.6 
15.740 ,132,470.7 
15.743 ,133,465.1 
15.747 ,134,477.7 
15.750 ,135,488.2 
15.753 ,136,478.7 
15.757 ,137,476.1 
15.760 ,138,467.9 
15.763 ,139,477.3 
15.767 ,140,474.0 
15.770 ,141,475.7 
15.773 ,142,471.8 
15.777 ,143,468.4 
15.780 ,144,460.5 
15.783 ,145,458.6 
,,
15.800 ,151,470.7 
15.803 ,152,484.1 
15.807 ,153,493.2 
15.810 ,154,484.4 
15.813 ,155,498.2 
15.817 ,156,490.6 
15.820 ,157,475.8 
15.823 ,158,488.8 
15.827 ,159,496.6 
15.830 ,160,490.9 
15.833 ,161,489.9 
15.837 ,162,481.0 
15.840 ,163,482.8 
15.843 ,164,477.3 
15.847 ,165,484.2 
15.850 ,166,483.6 
15.853 ,167,491.9 
15.857 ,168,488.1 
15.860 ,169,466.0 
15.863 ,170,468.4 
15.867 ,171,465.0 
15.870 ,172,462.9 
15.873 ,173,467.4 
15.877 ,174,465.8 
15.880 ,175,468.8 
15.883 ,176,469.6 
15.887 ,177,472.6 
15.890 ,178,474.1 
15.893 ,179,464.3 
15.897 ,180,475.4 
15.900 ,181,482.4 
15.903 ,182,476.1 
15.907 ,183,485.6 
15.910 ,184,473.5 
15.913 ,185,475.5 
15.917 ,186,474.3 
15.920 ,187,470.6 
15.923 ,188,457.0 
15.927 ,189,467.6 
15.930 ,190,501.4 
15.933 ,191,511.4 
15.937 ,192,505.5 
15.940 ,193,495.4 
15.943 ,194,499.7 
15.947 ,195,505.9 
15.950 ,196,492.6 
15.953 ,197,485.1 
15.957 ,198,471.1 
15.960 ,199,470.0 
15.963 ,200,467.0 
15.967 ,201,464.8 
15.970 ,202,462.5 
15.973 ,203,473.7 
15.977 ,204,470.6 
15.980 ,205,475.5 
15.983 ,206,471.0 
15.987 ,207,481.6 
15.990 ,208,489.1 
15.993 ,209,499.1 
15.997 ,210,499.7 
16.000 ,211,487.6 
16.003 ,212,501.3 
16.007 ,213,499.0 
16.010 ,214,494.0 
16.013 ,215,491.4 
16.017 ,216,478.8 
16.020 ,217,471.6 
16.023 ,218,467.4 
16.027 ,219,455.5 
16.030 ,220,448.1 
16.033 ,221,460.0 
16.037 ,222,456.8 
16.040 ,223,451.5 
16.043 ,224,445.9 
16.047 ,225,446.3 
16.050 ,226,450.5 
16.053 ,227,454.3 
16.057 ,228,465.7 
16.060 ,229,458.5 
16.063 ,230,454.4 
16.067 ,231,454.7 
16.070 ,232,461.1 
16.073 ,233,465.7 
16.077 ,234,474.5 
16.080 ,235,493.0 
16.083 ,236,506.7 
16.087 ,237,501.6 
16.090 ,238,485.6 
16.093 ,239,486.4 
16.097 ,240,493.8 
16.100 ,241,487.0 
16.103 ,242,485.2 
,,
16.115 ,1,482.2 
16.118 ,2,488.0 
16.122 ,3,482.3 
16.125 ,4,475.9 
16.128 ,5,471.8 
16.132 ,6,482.1 
16.135 ,7,478.2 
16.138 ,8,465.0 
16.142 ,9,464.2 
16.145 ,10,463.2 
16.148 ,11,462.6 
16.152 ,12,467.0 
16.155 ,13,458.9 
16.158 ,14,464.6 
16.162 ,15,473.3 
16.165 ,16,465.4 
16.168 ,17,466.6 
16.172 ,18,475.6 
16.175 ,19,464.2 
16.178 ,20,465.7 
16.182 ,21,462.0 
16.185 ,22,475.8 
16.188 ,23,467.2 
16.192 ,24,476.1 
16.195 ,25,466.2 
16.198 ,26,472.1 
16.202 ,27,472.0 
16.205 ,28,474.3 
16.208 ,29,478.9 
16.212 ,30,482.4 
16.215 ,31,468.9 
16.218 ,32,485.8 
16.222 ,33,471.9 
16.225 ,34,472.4 
16.228 ,35,475.4 
16.232 ,36,481.8 
16.235 ,37,479.6 
16.238 ,38,477.5 
16.242 ,39,482.0 
16.245 ,40,478.3 
16.248 ,41,482.2 
16.252 ,42,480.1 
16.255 ,43,490.3 
16.258 ,44,484.2 
16.262 ,45,473.3 
16.265 ,46,472.6 
16.268 ,47,481.0 
16.272 ,48,481.0 
16.275 ,49,480.5 
16.278 ,50,486.8 
16.282 ,51,495.8 
16.285 ,52,498.0 
16.288 ,53,505.5 
16.292 ,54,494.0 
16.295 ,55,491.2 
16.298 ,56,469.1 
16.302 ,57,473.9 
16.305 ,58,466.2 
16.308 ,59,467.4 
16.312 ,60,464.8 
16.315 ,61,476.1 
16.318 ,62,467.4 
16.322 ,63,477.3 
16.325 ,64,465.6 
16.328 ,65,472.5 
16.332 ,66,469.2 
16.335 ,67,472.5 
16.338 ,68,476.9 
16.342 ,69,481.3 
16.345 ,70,480.8 
16.348 ,71,484.0 
16.352 ,72,481.7 
16.355 ,73,479.9 
16.358 ,74,476.6 
16.362 ,75,480.8 
16.365 ,76,465.7 
16.368 ,77,502.0 
16.372 ,78,506.4 
16.375 ,79,499.3 
16.378 ,80,475.6 
16.382 ,81,488.7 
16.385 ,82,468.0 
16.388 ,83,453.3 
16.392 ,84,449.7 
16.395 ,85,459.5 
16.398 ,86,469.8 
16.402 ,87,455.4 
16.405 ,88,462.3 
16.408 ,89,468.8 
16.412 ,90,465.8 
16.415 ,91,459.5 
16.418 ,92,461.7 
16.422 ,93,470.2 
16.425 ,94,461.3 
16.428 ,95,465.0 
16.432 ,96,461.6 
16.435 ,97,468.1 
16.438 ,98,450.5 
16.442 ,99,454.8 
16.445 ,100,468.4 
16.448 ,101,479.3 
16.452 ,102,475.9 
16.455 ,103,484.3 
16.458 ,104,489.6 
16.462 ,105,477.3 
16.465 ,106,462.4 
16.468 ,107,457.9 
16.472 ,108,467.9 
16.475 ,109,469.2 
16.478 ,110,450.4 
16.482 ,111,471.3 
16.485 ,112,460.1 
16.488 ,113,457.1 
16.492 ,114,469.1 
16.495 ,115,469.9 
16.498 ,116,471.6 
16.502 ,117,464.6 
16.505 ,118,475.5 
16.508 ,119,470.6 
16.512 ,120,479.1 
16.515 ,121,466.1 
16.518 ,122,465.2 
16.522 ,123,465.6 
16.525 ,124,484.0 
,,
16.553 ,135,448.5 
16.557 ,136,465.7 
16.560 ,137,471.3 
16.563 ,138,463.4 
16.567 ,139,461.0 
16.570 ,140,468.5 
16.573 ,141,461.3 
16.577 ,142,479.0 
16.580 ,143,488.0 
16.583 ,144,471.4 
16.587 ,145,495.1 
16.590 ,146,496.5 
16.593 ,147,491.5 
16.597 ,148,494.1 
16.600 ,149,498.0 
16.603 ,150,488.0 
16.607 ,151,477.4 
16.610 ,152,473.7 
16.613 ,153,482.3 
16.617 ,154,468.0 
16.620 ,155,471.4 
16.623 ,156,474.8 
16.627 ,157,481.3 
16.630 ,158,480.0 
16.633 ,159,494.2 
16.637 ,160,484.9 
16.640 ,161,491.5 
16.643 ,162,498.3 
16.647 ,163,502.9 
16.650 ,164,501.2 
16.653 ,165,487.4 
16.657 ,166,507.3 
16.660 ,167,498.2 
16.663 ,168,491.1 
16.667 ,169,486.8 
16.670 ,170,495.9 
16.673 ,171,504.8 
16.677 ,172,515.6 
16.680 ,173,507.7 
16.683 ,174,505.0 
16.687 ,175,500.7 
16.690 ,176,495.2 
16.693 ,177,492.9 
16.697 ,178,486.8 
16.700 ,179,507.5 
16.703 ,180,499.7 
16.707 ,181,504.4 
16.710 ,182,505.2 
16.713 ,183,506.0 
16.717 ,184,503.3 
16.720 ,185,496.0 
16.723 ,186,518.7 
16.727 ,187,505.0 
16.730 ,188,511.1 
16.733 ,189,509.9 
16.737 ,190,506.0 
16.740 ,191,505.0 
16.743 ,192,510.8 
16.747 ,193,507.9 
16.750 ,194,508.0 
16.753 ,195,505.5 
16.757 ,196,505.2 
16.760 ,197,514.6 
16.763 ,198,521.4 
16.767 ,199,513.4 
16.770 ,200,513.9 
16.773 ,201,512.2 
16.777 ,202,511.6 
16.780 ,203,510.2 
16.783 ,204,508.0 
16.787 ,205,487.2 
16.790 ,206,501.3 
16.793 ,207,485.3 
16.797 ,208,490.3 
16.800 ,209,485.0 
16.803 ,210,477.6 
16.807 ,211,477.0 
16.810 ,212,471.2 
16.813 ,213,490.4 
16.817 ,214,485.1 
16.820 ,215,477.4 
16.823 ,216,479.6 
16.827 ,217,489.9 
16.830 ,218,485.3 
16.833 ,219,483.5 
16.837 ,220,470.6 
16.840 ,221,483.7 
16.843 ,222,486.2 
16.847 ,223,496.4 
16.850 ,224,500.4 
16.853 ,225,501.2 
16.857 ,226,475.9 
16.860 ,227,483.2 
16.863 ,228,486.4 
16.867 ,229,473.4 
16.870 ,230,470.9 
16.873 ,231,489.6 
16.877 ,232,487.5 
16.880 ,233,496.1 
16.883 ,234,494.0 
16.887 ,235,484.8 
16.890 ,236,490.3 
16.893 ,237,484.6 
16.897 ,238,499.3 
16.900 ,239,503.6 
16.903 ,240,502.7 
16.907 ,241,489.2 
16.910 ,242,498.3 
16.913 ,243,494.2 
16.917 ,244,486.8 
16.920 ,245,485.3 
16.923 ,246,488.1 
16.927 ,247,505.4 
16.930 ,248,504.8 
16.933 ,249,483.1 
16.937 ,250,478.0 
16.940 ,251,490.7 
16.943 ,252,483.1 
16.947 ,253,476.6 
16.950 ,254,480.4 
16.953 ,255,494.6 
16.957 ,256,495.5 
16.960 ,257,498.5 
16.963 ,258,482.1 
16.967 ,259,482.3 
16.970 ,260,471.1 
16.973 ,261,501.2 
16.977 ,262,506.4 
16.980 ,263,496.6 
16.983 ,264,505.4 
16.987 ,265,515.2 
16.990 ,266,517.5 
16.993 ,267,512.1 
16.997 ,268,517.0 
17.000 ,269,518.3 
17.003 ,270,507.9 
17.007 ,271,501.7 
17.010 ,272,499.4 
17.013 ,273,493.2 
17.017 ,274,490.9 
17.020 ,275,487.6 
17.023 ,276,481.1 
17.027 ,277,485.0 
17.030 ,278,485.2 
17.033 ,279,489.2 
17.037 ,280,498.9 
17.040 ,281,489.8 
17.043 ,282,475.8 
,,
17.067 ,290,479.7 
17.070 ,291,481.9 
17.073 ,292,486.7 
17.077 ,293,493.1 
17.080 ,294,494.7 
17.083 ,295,502.2 
17.087 ,296,489.9 
17.090 ,297,498.8 
17.093 ,298,495.0 
17.097 ,299,502.7 
17.100 ,300,501.7 
17.103 ,301,490.7 
17.107 ,302,493.6 
17.110 ,303,495.4 
17.113 ,304,510.2 
17.117 ,305,516.6 
17.120 ,306,514.5 
17.123 ,307,516.6 
17.127 ,308,524.3 
17.130 ,309,504.9 
17.133 ,310,522.8 
17.137 ,311,517.0 
17.140 ,312,502.9 
17.143 ,313,482.6 
17.147 ,314,483.0 
17.150 ,315,477.5 
17.153 ,316,479.0 
17.157 ,317,484.4 
17.160 ,318,477.7 
17.163 ,319,495.6 
17.167 ,320,489.5 
17.170 ,321,486.9 
17.173 ,322,500.9 
17.177 ,323,488.0 
17.180 ,324,492.4 
17.183 ,325,498.0 
17.187 ,326,492.6 
17.190 ,327,495.6 
17.193 ,328,483.1 
17.197 ,329,484.6 
17.200 ,330,486.0 
17.203 ,331,495.2 
17.207 ,332,498.5 
17.210 ,333,486.8 
17.213 ,334,491.1 
17.217 ,335,494.7 
17.220 ,336,479.7 
17.223 ,337,475.2 
17.227 ,338,470.4 
17.230 ,339,467.1 
17.233 ,340,497.0 
17.237 ,341,495.6 
17.240 ,342,479.8 
17.243 ,343,484.8 
17.247 ,344,473.0 
17.250 ,345,471.4 
17.253 ,346,478.3 
17.257 ,347,475.6 
17.260 ,348,482.6 
17.263 ,349,505.6 
17.267 ,350,513.4 
17.270 ,351,522.4 
17.273 ,352,516.2 
17.277 ,353,523.7 
17.280 ,354,526.0 
17.283 ,355,533.2 
17.287 ,356,522.7 
17.290 ,357,516.3 
17.293 ,358,505.0 
17.297 ,359,506.3 
17.300 ,360,480.2 
17.303 ,361,469.1 
17.307 ,362,460.7 
17.310 ,363,462.1 
17.313 ,364,471.1 
17.317 ,365,473.3 
17.320 ,366,489.1 
17.323 ,367,471.3 
17.327 ,368,477.9 
17.330 ,369,476.1 
17.333 ,370,480.6 
17.337 ,371,477.1 
17.340 ,372,475.3 
17.343 ,373,481.5 
17.347 ,374,478.1 
17.350 ,375,495.2 
17.353 ,376,495.6 
17.357 ,377,501.9 
17.360 ,378,493.2 
17.363 ,379,480.4 
17.367 ,380,478.3 
17.370 ,381,498.6 
17.373 ,382,475.0 
17.377 ,383,478.2 
17.380 ,384,471.0 
17.383 ,385,476.7 
17.387 ,386,477.4 
17.390 ,387,478.2 
17.393 ,388,480.8 
17.397 ,389,482.3 
,,
17.403 ,398,447.6 
17.407 ,399,458.2 
17.410 ,400,470.2 
17.413 ,401,464.3 
17.417 ,402,458.8 
17.420 ,403,455.6 
17.423 ,404,459.7 
17.427 ,405,455.5 
17.430 ,406,479.1 
17.433 ,407,475.0 
17.437 ,408,469.3 
17.440 ,409,474.0 
17.443 ,410,474.1 
17.447 ,411,472.0 
17.450 ,412,464.5 
17.453 ,413,459.8 
17.457 ,414,457.8 
17.460 ,415,460.4 
17.463 ,416,481.1 
17.467 ,417,493.7 
17.470 ,418,503.0 
17.473 ,419,498.1 
17.477 ,420,499.6 
17.480 ,421,500.7 
17.483 ,422,499.8 
17.487 ,423,496.0 
17.490 ,424,481.3 
17.493 ,425,483.1 
17.497 ,426,472.6 
17.500 ,427,470.4 
17.503 ,428,459.5 
17.507 ,429,468.4 
17.510 ,430,465.2 
17.513 ,431,472.6 
17.517 ,432,476.3 
17.520 ,433,468.5 
17.523 ,434,480.1 
17.527 ,435,486.9 
17.530 ,436,485.5 
17.533 ,437,479.1 
17.537 ,438,468.5 
17.540 ,439,465.0 
17.543 ,440,461.9 
17.547 ,441,453.7 
17.550 ,442,466.9 
17.553 ,443,468.1 
17.557 ,444,470.0 
17.560 ,445,476.0 
17.563 ,446,471.9 
17.567 ,447,490.2 
17.570 ,448,486.3 
17.573 ,449,484.8 
17.577 ,450,483.4 
17.580 ,451,479.8 
17.583 ,452,475.2 
17.587 ,453,480.7 
17.590 ,454,484.7 
17.593 ,455,483.2 
17.597 ,456,482.9 
17.600 ,457,490.2 
17.603 ,458,484.0 
17.607 ,459,474.8 
17.610 ,460,477.8 
17.613 ,461,483.5 
17.617 ,462,483.6 
17.620 ,463,476.0 
17.623 ,464,474.1 
17.627 ,465,485.4 
17.630 ,466,485.6 
17.633 ,467,496.6 
17.637 ,468,485.9 
17.640 ,469,476.5 
17.643 ,470,481.2 
17.647 ,471,475.0 
17.650 ,472,486.0 
17.653 ,473,485.5 
17.657 ,474,471.1 
17.660 ,475,488.6 
17.663 ,476,498.1 
17.667 ,477,502.1 
17.670 ,478,516.7 
17.673 ,479,508.1 
17.677 ,480,507.8 
17.680 ,481,504.3 
17.683 ,482,495.6 
17.687 ,483,506.9 
17.690 ,484,493.5 
17.693 ,485,504.5 
17.697 ,486,507.7 
17.700 ,487,501.2 
17.703 ,488,502.4 
17.707 ,489,515.4 
17.710 ,490,501.2 
17.713 ,491,504.0 
17.717 ,492,489.1 
17.720 ,493,509.8 
17.723 ,494,503.4 
17.727 ,495,476.1 
17.730 ,496,465.2 
17.733 ,497,483.8 
17.737 ,498,472.9 
17.740 ,499,466.5 
,,
17.760 ,1,506.0 
17.763 ,2,532.8 
17.767 ,3,525.8 
17.770 ,4,536.2 
17.773 ,5,530.8 
17.777 ,6,513.0 
17.780 ,7,495.3 
17.783 ,8,495.3 
17.787 ,9,491.3 
17.790 ,10,496.8 
17.793 ,11,485.9 
17.797 ,12,480.6 
17.800 ,13,481.6 
17.803 ,14,470.6 
17.807 ,15,481.1 
17.810 ,16,482.5 
17.813 ,17,486.4 
17.817 ,18,478.8 
17.820 ,19,474.1 
17.823 ,20,486.4 
17.827 ,21,518.2 
17.830 ,22,497.9 
17.833 ,23,515.9 
17.837 ,24,506.5 
17.840 ,25,509.9 
17.843 ,26,505.2 
17.847 ,27,508.3 
17.850 ,28,519.5 
17.853 ,29,505.8 
17.857 ,30,502.4 
17.860 ,31,507.3 
17.863 ,32,513.7 
17.867 ,33,509.2 
17.870 ,34,505.4 
17.873 ,35,485.4 
17.877 ,36,487.5 
17.880 ,37,482.2 
17.883 ,38,481.7 
17.887 ,39,486.6 
17.890 ,40,473.5 
17.893 ,41,463.6 
17.897 ,42,476.6 
17.900 ,43,489.1 
17.903 ,44,497.4 
17.907 ,45,487.8 
17.910 ,46,487.7 
17.913 ,47,488.3 
17.917 ,48,499.0 
17.920 ,49,491.6 
17.923 ,50,487.8 
17.927 ,51,490.8 
17.930 ,52,493.2 
17.933 ,53,486.0 
17.937 ,54,499.5 
17.940 ,55,490.7 
17.943 ,56,496.6 
17.947 ,57,498.5 
17.950 ,58,487.2 
17.953 ,59,501.8 
17.957 ,60,510.7 
17.960 ,61,504.9 
17.963 ,62,506.2 
17.967 ,63,515.1 
17.970 ,64,494.8 
17.973 ,65,494.7 
17.977 ,66,489.7 
17.980 ,67,506.3 
17.983 ,68,497.0 
17.987 ,69,490.2 
17.990 ,70,493.3 
17.993 ,71,491.6 
17.997 ,72,507.2 
18.000 ,73,520.1 
18.003 ,74,519.8 
18.007 ,75,516.4 
18.010 ,76,515.1 
18.013 ,77,519.6 
18.017 ,78,522.3 
18.020 ,79,508.4 
18.023 ,80,503.9 
18.027 ,81,501.7 
18.030 ,82,530.0 
18.033 ,83,532.7 
18.037 ,84,530.0 
18.040 ,85,526.2 
18.043 ,86,529.6 
18.047 ,87,517.4 
18.050 ,88,517.9 
18.053 ,89,522.4 
18.057 ,90,516.1 
18.060 ,91,524.8 
18.063 ,92,519.1 
18.067 ,93,521.0 
18.070 ,94,515.4 
18.073 ,95,516.4 
18.077 ,96,518.9 
18.080 ,97,515.1 
18.083 ,98,506.9 
18.087 ,99,516.4 
18.090 ,100,516.7 
18.093 ,101,524.2 
18.097 ,102,527.9 
18.100 ,103,508.4 
18.103 ,104,518.1 
18.107 ,105,515.3 
18.110 ,106,498.7 
18.113 ,107,500.8 
18.117 ,108,502.3 
18.120 ,109,507.6 
18.123 ,110,515.1 
18.127 ,111,506.7 
18.130 ,112,500.1 
18.133 ,113,479.2 
18.137 ,114,464.5 
18.140 ,115,487.2 
18.143 ,116,488.0 
18.147 ,117,496.4 
18.150 ,118,511.6 
18.153 ,119,512.4 
18.157 ,120,503.5 
18.160 ,121,498.9 
18.163 ,122,494.7 
18.167 ,123,502.6 
18.170 ,124,496.2 
18.173 ,125,485.6 
18.177 ,126,503.3 
18.180 ,127,503.3 
18.183 ,128,498.3 
18.187 ,129,499.6 
18.190 ,130,502.3 
18.193 ,131,495.1 
18.197 ,132,492.0 
18.200 ,133,491.2 
18.203 ,134,487.0 
18.207 ,135,494.3 
18.210 ,136,461.5 
18.220 ,141,466.9 
18.223 ,142,480.1 
18.227 ,143,504.3 
18.230 ,144,515.4 
18.233 ,145,510.7 
18.237 ,146,470.8 
18.240 ,147,457.9 
18.243 ,148,458.8 
18.247 ,149,481.1 
18.250 ,150,480.1 
18.253 ,151,485.3 
18.257 ,152,494.8 
18.260 ,153,494.8 
18.263 ,154,493.7 
18.267 ,155,492.7 
18.270 ,156,492.8 
18.273 ,157,487.2 
18.277 ,158,494.7 
18.280 ,159,499.5 
18.283 ,160,491.2 
18.287 ,161,502.3 
18.290 ,162,500.8 
18.293 ,163,498.1 
18.297 ,164,492.9 
18.300 ,165,485.2 
18.303 ,166,494.7 
18.307 ,167,483.4 
18.310 ,168,482.6 
18.313 ,169,482.5 
18.317 ,170,488.6 
18.320 ,171,492.8 
18.323 ,172,498.5 
18.327 ,173,497.9 
18.330 ,174,484.3 
18.333 ,175,483.0 
18.337 ,176,490.4 
18.340 ,177,489.3 
18.343 ,178,482.7 
18.347 ,179,479.2 
18.350 ,180,489.8 
18.353 ,181,509.4 
18.357 ,182,500.9 
18.360 ,183,505.5 
18.363 ,184,506.7 
18.367 ,185,498.7 
18.370 ,186,495.8 
18.373 ,187,492.4 
18.377 ,188,497.4 
18.380 ,189,503.1 
18.383 ,190,498.7 
18.387 ,191,506.9 
18.390 ,192,505.1 
18.393 ,193,504.8 
18.397 ,194,501.4 
18.400 ,195,500.0 
18.403 ,196,506.7 
18.407 ,197,504.2 
18.410 ,198,502.5 
18.413 ,199,497.6 
18.417 ,200,497.0 
18.420 ,201,499.8 
18.423 ,202,516.5 
18.427 ,203,533.8 
18.430 ,204,530.7 
18.433 ,205,533.8 
18.437 ,206,530.2 
18.440 ,207,526.2 
18.443 ,208,525.8 
18.447 ,209,515.5 
18.450 ,210,511.6 
18.453 ,211,501.7 
18.457 ,212,507.6 
18.460 ,213,499.8 
18.463 ,214,506.3 
18.467 ,215,487.3 
18.470 ,216,493.1 
18.473 ,217,481.5 
18.477 ,218,482.4 
18.480 ,219,484.0 
18.483 ,220,483.4 
18.487 ,221,487.4 
18.490 ,222,482.3 
18.493 ,223,486.6 
18.497 ,224,502.8 
18.500 ,225,495.4 
18.503 ,226,503.9 
18.507 ,227,504.1 
18.510 ,228,496.8 
18.513 ,229,491.5 
18.517 ,230,501.7 
18.520 ,231,507.8 
18.523 ,232,489.6 
18.527 ,233,488.6 
18.530 ,234,477.5 
18.533 ,235,486.8 
18.537 ,236,490.3 
18.540 ,237,478.7 
18.543 ,238,483.2 
18.547 ,239,480.3 
18.550 ,240,495.6 
18.553 ,241,503.9 
18.557 ,242,504.8 
18.560 ,243,492.1 
18.563 ,244,498.3 
18.567 ,245,499.6 
18.570 ,246,504.0 
18.573 ,247,517.4 
18.577 ,248,505.6 
18.580 ,249,496.9 
18.583 ,250,508.9 
18.587 ,251,500.6 
18.590 ,252,503.2 
18.593 ,253,498.2 
18.597 ,254,492.4 
18.600 ,255,504.2 
18.603 ,256,508.3 
18.607 ,257,496.0 
18.610 ,258,505.9 
18.613 ,259,513.3 
18.617 ,260,489.6 
18.620 ,261,500.0 
18.623 ,262,506.2 
18.627 ,263,507.1 
18.630 ,264,509.1 
18.633 ,265,510.7 
18.637 ,266,525.5 
18.640 ,267,522.5 
18.643 ,268,532.8 
18.647 ,269,529.3 
18.650 ,270,531.5 
18.653 ,271,535.0 
18.657 ,272,523.6 
18.660 ,273,527.6 
18.663 ,274,519.9 
18.667 ,275,526.8 
18.670 ,276,503.8 
18.673 ,277,504.8 
18.677 ,278,510.9 
18.680 ,279,491.6 
18.683 ,280,489.4 
18.687 ,281,488.5 
,,
18.707 ,6,453.1 
18.710 ,7,461.6 
18.713 ,8,453.2 
18.717 ,9,467.3 
18.720 ,10,467.6 
18.723 ,11,461.7 
18.727 ,12,473.3 
18.730 ,13,468.8 
18.733 ,14,465.3 
18.737 ,15,458.1 
18.740 ,16,464.9 
18.743 ,17,472.9 
18.747 ,18,461.8 
18.750 ,19,465.4 
18.753 ,20,467.7 
18.757 ,21,472.5 
18.760 ,22,477.3 
18.763 ,23,477.7 
18.767 ,24,463.2 
18.770 ,25,472.2 
18.773 ,26,473.0 
18.777 ,27,480.6 
18.780 ,28,486.6 
18.783 ,29,490.8 
18.787 ,30,489.4 
18.790 ,31,468.2 
18.793 ,32,472.9 
18.797 ,33,465.2 
18.800 ,34,491.4 
18.803 ,35,474.1 
18.807 ,36,492.4 
18.810 ,37,483.6 
18.813 ,38,485.9 
18.817 ,39,481.1 
18.820 ,40,478.3 
18.823 ,41,482.6 
18.827 ,42,488.8 
18.830 ,43,487.0 
18.833 ,44,502.9 
18.837 ,45,496.9 
18.840 ,46,496.7 
18.843 ,47,496.7 
18.847 ,48,506.9 
18.850 ,49,512.5 
18.853 ,50,515.2 
18.857 ,51,508.4 
18.860 ,52,502.7 
18.863 ,53,523.0 
18.867 ,54,509.1 
18.870 ,55,506.1 
18.873 ,56,509.2 
18.877 ,57,500.8 
18.880 ,58,502.9 
18.883 ,59,509.7 
18.887 ,60,517.6 
18.890 ,61,506.4 
18.893 ,62,508.5 
18.897 ,63,523.7 
18.900 ,64,517.7 
18.903 ,65,512.1 
18.907 ,66,512.8 
18.910 ,67,527.0 
18.913 ,68,516.2 
18.917 ,69,495.8 
18.920 ,70,499.6 
18.923 ,71,512.4 
18.927 ,72,506.4 
18.930 ,73,503.3 
18.933 ,74,505.0 
18.937 ,75,520.0 
18.940 ,76,515.2 
18.943 ,77,506.5 
18.947 ,78,482.6 
18.950 ,79,492.7 
18.953 ,80,495.2 
18.957 ,81,499.3 
18.960 ,82,508.2 
18.963 ,83,495.7 
18.967 ,84,483.5 
18.970 ,85,479.2 
18.973 ,86,498.8 
18.977 ,87,503.9 
18.980 ,88,502.5 
18.983 ,89,521.4 
18.987 ,90,514.7 
18.990 ,91,486.7 
18.993 ,92,481.0 
18.997 ,93,498.9 
19.000 ,94,499.2 
19.003 ,95,500.8 
19.007 ,96,508.9 
19.010 ,97,493.7 
19.013 ,98,493.1 
19.017 ,99,500.8 
19.020 ,100,499.1 
19.023 ,101,513.6 
19.027 ,102,498.8 
19.030 ,103,494.1 
19.033 ,104,490.1 
19.037 ,105,497.1 
19.040 ,106,519.0 
19.043 ,107,525.3 
19.047 ,108,530.2 
19.050 ,109,521.6 
19.053 ,110,513.4 
19.057 ,111,481.4 
19.060 ,112,491.1 
19.063 ,113,496.2 
19.067 ,114,504.1 
19.070 ,115,519.0 
19.073 ,116,518.8 
19.077 ,117,506.4 
19.080 ,118,515.1 
19.083 ,119,520.3 
19.087 ,120,513.0 
19.090 ,121,530.1 
19.093 ,122,521.3 
19.097 ,123,525.4 
19.100 ,124,521.4 
19.103 ,125,522.6 
19.107 ,126,523.0 
19.110 ,127,542.0 
19.113 ,128,521.7 
19.117 ,129,519.2 
19.120 ,130,508.9 
19.123 ,131,505.1 
19.127 ,132,500.6 
19.130 ,133,506.1 
19.133 ,134,500.3 
19.137 ,135,498.0 
19.140 ,136,510.7 
19.143 ,137,507.4 
19.147 ,138,510.8 
19.150 ,139,522.1 
19.153 ,140,519.1 
19.157 ,141,513.4 
19.160 ,142,515.5 
19.163 ,143,519.9 
19.167 ,144,495.8 
19.170 ,145,509.9 
19.173 ,146,518.8 
19.177 ,147,527.3 
19.180 ,148,511.9 
19.183 ,149,507.2 
19.187 ,150,507.0 
19.190 ,151,504.4 
19.193 ,152,500.7 
,,
19.208 ,165,471.0 
19.212 ,166,490.0 
19.215 ,167,503.2 
19.218 ,168,496.5 
19.222 ,169,495.7 
19.225 ,170,514.7 
19.228 ,171,507.4 
19.232 ,172,520.0 
19.235 ,173,525.0 
19.238 ,174,511.8 
19.242 ,175,504.0 
19.245 ,176,494.6 
19.248 ,177,493.7 
19.252 ,178,471.5 
19.255 ,179,481.1 
19.258 ,180,479.2 
19.262 ,181,463.6 
19.265 ,182,485.8 
19.268 ,183,482.6 
19.272 ,184,483.2 
19.275 ,185,490.1 
19.278 ,186,484.8 
19.282 ,187,502.8 
19.285 ,188,525.7 
19.288 ,189,518.8 
19.292 ,190,508.1 
19.295 ,191,509.1 
19.298 ,192,505.4 
19.302 ,193,506.3 
19.305 ,194,512.9 
19.308 ,195,504.9 
19.312 ,196,504.9 
19.315 ,197,501.8 
19.318 ,198,496.7 
19.322 ,199,500.7 
19.325 ,200,499.8 
19.328 ,201,497.1 
19.332 ,202,502.4 
19.335 ,203,502.4 
19.338 ,204,511.3 
19.342 ,205,511.4 
19.345 ,206,511.5 
19.348 ,207,497.7 
19.352 ,208,498.6 
19.355 ,209,508.7 
19.358 ,210,508.3 
19.362 ,211,514.1 
19.365 ,212,509.2 
19.368 ,213,504.6 
19.372 ,214,508.3 
19.375 ,215,490.9 
19.378 ,216,498.3 
19.382 ,217,491.2 
19.385 ,218,497.0 
19.388 ,219,488.7 
19.392 ,220,493.3 
19.395 ,221,480.8 
19.398 ,222,484.5 
19.402 ,223,485.7 
19.405 ,224,490.1 
19.408 ,225,487.7 
19.412 ,226,493.7 
19.415 ,227,494.7 
19.418 ,228,494.2 
19.422 ,229,497.2 
19.425 ,230,497.7 
19.428 ,231,499.5 
19.432 ,232,501.8 
19.435 ,233,495.7 
19.438 ,234,497.0 
19.442 ,235,497.2 
19.445 ,236,497.9 
19.448 ,237,486.9 
19.452 ,238,486.5 
19.455 ,239,492.4 
19.458 ,240,493.9 
19.462 ,241,493.7 
19.465 ,242,491.2 
19.468 ,243,495.4 
19.472 ,244,486.9 
19.475 ,245,489.3 
19.478 ,246,488.0 
19.482 ,247,483.0 
19.485 ,248,502.6 
19.488 ,249,483.8 
19.492 ,250,474.5 
19.495 ,251,485.4 
19.498 ,252,480.0 
19.502 ,253,485.7 
19.505 ,254,488.9 
19.508 ,255,471.3 
19.512 ,256,481.0 
19.515 ,257,494.4 
19.518 ,258,479.6 
19.522 ,259,492.1 
19.525 ,260,497.7 
19.528 ,261,498.1 
19.532 ,262,507.4 
19.535 ,263,477.8 
19.538 ,264,496.2 
19.542 ,265,485.5 
19.545 ,266,489.3 
19.548 ,267,487.4 
19.552 ,268,495.3 
19.555 ,269,484.9 
19.558 ,270,493.1 
19.562 ,271,491.9 
19.565 ,272,482.5 
19.568 ,273,492.2 
19.572 ,274,488.1 
19.575 ,275,484.1 
19.578 ,276,482.2 
19.582 ,277,489.3 
19.585 ,278,480.0 
19.588 ,279,475.4 
19.592 ,280,487.5 
19.595 ,281,477.1 
19.598 ,282,508.4 
19.602 ,283,512.2 
19.605 ,284,510.8 
19.608 ,285,488.7 
19.612 ,286,496.4 
19.615 ,287,495.9 
19.618 ,288,494.9 
19.622 ,289,488.8 
19.625 ,290,506.2 
19.628 ,291,492.4 
19.632 ,292,505.0 
19.635 ,293,504.2 
19.638 ,294,507.2 
19.642 ,295,519.1 
19.645 ,296,521.2 
19.648 ,297,516.1 
19.652 ,298,519.0 
19.655 ,299,497.2 
19.658 ,300,498.2 
19.662 ,301,507.8 
19.665 ,302,502.9 
19.668 ,303,508.8 
19.672 ,304,504.3 
19.675 ,305,504.7 
19.678 ,306,507.5 
19.682 ,307,512.8 
,,
19.705 ,318,501.5 
19.708 ,319,505.2 
19.712 ,320,510.2 
19.715 ,321,487.9 
19.718 ,322,487.3 
19.722 ,323,503.0 
19.725 ,324,492.8 
19.728 ,325,495.0 
19.732 ,326,494.2 
19.735 ,327,487.6 
19.738 ,328,485.8 
19.742 ,329,495.6 
19.745 ,330,505.8 
19.748 ,331,526.8 
19.752 ,332,512.3 
19.755 ,333,510.9 
19.758 ,334,517.1 
19.762 ,335,524.6 
19.765 ,336,507.2 
19.768 ,337,511.4 
19.772 ,338,523.1 
19.775 ,339,507.1 
19.778 ,340,504.6 
19.782 ,341,497.6 
19.785 ,342,504.4 
19.788 ,343,501.4 
19.792 ,344,502.7 
19.795 ,345,506.5 
19.798 ,346,502.5 
19.802 ,347,508.9 
19.805 ,348,499.1 
19.808 ,349,503.2 
19.812 ,350,506.4 
19.815 ,351,502.8 
19.818 ,352,493.2 
19.822 ,353,485.9 
19.825 ,354,492.1 
19.828 ,355,491.9 
19.832 ,356,482.4 
19.835 ,357,483.5 
19.838 ,358,487.4 
19.842 ,359,490.8 
19.845 ,360,494.6 
19.848 ,361,496.3 
19.852 ,362,493.4 
19.855 ,363,505.4 
19.858 ,364,505.0 
19.862 ,365,498.7 
19.865 ,366,500.2 
19.868 ,367,502.6 
19.872 ,368,494.0 
19.875 ,369,490.9 
19.878 ,370,495.7 
19.882 ,371,514.2 
19.885 ,372,511.6 
19.888 ,373,530.0 
19.892 ,374,526.5 
19.895 ,375,521.7 
19.898 ,376,498.9 
19.902 ,377,488.4 
19.905 ,378,483.6 
19.908 ,379,481.6 
19.912 ,380,487.6 
19.915 ,381,487.1 
19.918 ,382,492.1 
19.922 ,383,488.1 
19.925 ,384,494.5 
19.928 ,385,494.5 
19.932 ,386,524.3 
19.935 ,387,526.5 
19.938 ,388,525.4 
19.942 ,389,517.3 
19.945 ,390,518.7 
19.948 ,391,506.9 
19.952 ,392,513.4 
19.955 ,393,514.2 
19.958 ,394,518.7 
19.962 ,395,525.1 
19.965 ,396,519.5 
19.968 ,397,523.5 
19.972 ,398,529.9 
19.975 ,399,515.8 
19.978 ,400,525.4 
19.982 ,401,525.9 
19.985 ,402,508.1 
19.988 ,403,512.6 
19.992 ,404,519.3 
19.995 ,405,513.7 
19.998 ,406,513.6 
20.002 ,407,515.5 
20.005 ,408,518.4 
20.008 ,409,511.9 
20.012 ,410,520.5 
20.015 ,411,516.5 
20.018 ,412,512.5 
20.022 ,413,514.1 
20.025 ,414,522.7 
20.028 ,415,507.7 
20.032 ,416,516.7 
20.035 ,417,501.1 
20.038 ,418,497.3 
20.042 ,419,506.4 
20.045 ,420,507.0 
20.048 ,421,511.5 
20.052 ,422,509.1 
20.055 ,423,507.6 
20.058 ,424,491.0 
20.062 ,425,491.2 
20.065 ,426,483.7 
20.068 ,427,497.9 
20.072 ,428,510.9 
20.075 ,429,491.8 
20.078 ,430,502.3 
20.082 ,431,498.5 
20.085 ,432,491.5 
20.088 ,433,497.9 
20.092 ,434,509.7 
20.095 ,435,506.5 
20.098 ,436,502.9 
20.102 ,437,476.2 
20.105 ,438,483.9 
20.108 ,439,493.8 
20.112 ,440,485.5 
20.115 ,441,487.2 
20.118 ,442,485.6 
20.122 ,443,499.1 
20.125 ,444,495.3 
20.128 ,445,507.2 
20.132 ,446,506.5 
20.135 ,447,500.6 
20.138 ,448,500.9 
20.142 ,449,499.0 
20.145 ,450,501.3 
20.148 ,451,496.5 
20.152 ,452,505.3 
20.155 ,453,508.1 
20.158 ,454,514.6 
20.162 ,455,525.2 
20.165 ,456,516.4 
20.168 ,457,516.2 
20.172 ,458,521.9 
20.175 ,459,530.7 
20.178 ,460,531.4 
20.182 ,461,517.7 
20.185 ,462,522.9 
20.188 ,463,532.7 
20.192 ,464,526.9 
20.195 ,465,526.0 
20.198 ,466,507.3 
,,
20.215 ,16,492.7 
20.218 ,17,505.3 
20.222 ,18,510.9 
20.225 ,19,513.1 
20.228 ,20,515.1 
20.232 ,21,493.1 
20.235 ,22,512.8 
20.238 ,23,509.0 
20.242 ,24,500.9 
20.245 ,25,496.1 
20.248 ,26,497.4 
20.252 ,27,499.7 
20.255 ,28,505.6 
20.258 ,29,493.5 
20.262 ,30,497.4 
20.265 ,31,487.1 
20.268 ,32,491.9 
20.272 ,33,493.1 
20.275 ,34,500.9 
20.278 ,35,505.9 
20.282 ,36,495.6 
20.285 ,37,499.8 
20.288 ,38,507.2 
20.292 ,39,511.3 
20.295 ,40,519.5 
20.298 ,41,522.0 
20.302 ,42,519.2 
20.305 ,43,522.1 
20.308 ,44,488.6 
20.312 ,45,498.1 
20.315 ,46,503.3 
20.318 ,47,504.0 
20.322 ,48,485.2 
20.325 ,49,495.0 
20.328 ,50,494.4 
20.332 ,51,485.9 
20.335 ,52,490.5 
20.338 ,53,500.5 
20.342 ,54,499.2 
20.345 ,55,505.4 
20.348 ,56,500.4 
20.352 ,57,494.2 
20.355 ,58,499.5 
20.358 ,59,499.6 
20.362 ,60,508.1 
20.365 ,61,512.3 
20.368 ,62,520.1 
20.372 ,63,504.0 
20.375 ,64,511.6 
20.378 ,65,506.8 
20.382 ,66,505.7 
20.385 ,67,507.2 
20.388 ,68,508.7 
20.392 ,69,522.1 
20.395 ,70,521.5 
20.398 ,71,513.8 
20.402 ,72,501.6 
20.405 ,73,503.7 
20.408 ,74,510.7 
20.412 ,75,504.7 
20.415 ,76,508.1 
20.418 ,77,497.8 
20.422 ,78,511.1 
20.425 ,79,498.3 
20.428 ,80,512.0 
20.432 ,81,521.7 
20.435 ,82,521.2 
20.438 ,83,521.3 
20.442 ,84,515.8 
20.445 ,85,510.8 
20.448 ,86,510.7 
20.452 ,87,523.9 
20.455 ,88,520.6 
20.458 ,89,512.2 
20.462 ,90,508.7 
20.465 ,91,507.0 
20.468 ,92,507.7 
20.472 ,93,508.5 
20.475 ,94,502.5 
20.478 ,95,498.7 
20.482 ,96,505.2 
20.485 ,97,510.1 
20.488 ,98,497.8 
20.492 ,99,508.2 
20.495 ,100,509.2 
20.498 ,101,519.1 
20.502 ,102,505.8 
20.505 ,103,505.5 
20.508 ,104,509.7 
20.512 ,105,491.2 
20.515 ,106,495.0 
20.518 ,107,488.7 
20.522 ,108,483.3 
20.525 ,109,486.4 
20.528 ,110,491.8 
20.532 ,111,471.9 
20.535 ,112,475.7 
20.538 ,113,481.3 
20.542 ,114,484.0 
20.545 ,115,484.2 
20.548 ,116,489.0 
20.552 ,117,477.1 
20.555 ,118,474.8 
20.558 ,119,489.6 
20.562 ,120,485.0 
20.565 ,121,482.2 
20.568 ,122,490.2 
20.572 ,123,495.4 
20.575 ,124,487.7 
20.578 ,125,487.3 
20.582 ,126,490.1 
20.585 ,127,490.7 
20.588 ,128,484.9 
20.592 ,129,490.7 
20.595 ,130,489.0 
20.598 ,131,503.4 
20.602 ,132,487.6 
20.605 ,133,513.5 
20.608 ,134,516.9 
20.612 ,135,498.4 
20.615 ,136,508.7 
20.618 ,137,491.5 
20.622 ,138,493.7 
20.625 ,139,480.4 
20.628 ,140,494.4 
20.632 ,141,501.9 
20.635 ,142,491.2 
20.638 ,143,488.2 
20.642 ,144,493.8 
20.645 ,145,499.7 
20.648 ,146,492.0 
20.652 ,147,490.7 
20.655 ,148,499.3 
20.658 ,149,484.5 
,,
20.658 ,153,507.5 
20.662 ,154,521.6 
20.665 ,155,529.8 
20.668 ,156,528.9 
20.672 ,157,532.9 
20.675 ,158,500.1 
20.678 ,159,502.1 
20.682 ,160,517.7 
20.685 ,161,501.1 
20.688 ,162,514.0 
20.692 ,163,507.6 
20.695 ,164,508.4 
20.698 ,165,511.0 
20.702 ,166,516.1 
20.705 ,167,512.5 
20.708 ,168,521.4 
20.712 ,169,515.2 
20.715 ,170,523.0 
20.718 ,171,502.3 
20.722 ,172,525.0 
20.725 ,173,515.7 
20.728 ,174,525.0 
20.732 ,175,523.0 
20.735 ,176,521.9 
20.738 ,177,533.2 
20.742 ,178,527.1 
20.745 ,179,530.0 
20.748 ,180,543.6 
20.752 ,181,543.2 
20.755 ,182,541.9 
20.758 ,183,544.4 
20.762 ,184,548.4 
20.765 ,185,560.9 
20.768 ,186,559.6 
20.772 ,187,575.8 
20.775 ,188,572.7 
20.778 ,189,567.6 
20.782 ,190,560.5 
20.785 ,191,566.7 
20.788 ,192,558.4 
20.792 ,193,553.8 
20.795 ,194,534.9 
20.798 ,195,515.3 
20.802 ,196,512.1 
20.805 ,197,505.6 
20.808 ,198,513.6 
20.812 ,199,510.0 
20.815 ,200,503.8 
20.818 ,201,518.2 
20.822 ,202,522.7 
20.825 ,203,518.4 
20.828 ,204,515.0 
20.832 ,205,519.9 
20.835 ,206,520.1 
20.838 ,207,522.0 
20.842 ,208,501.6 
20.845 ,209,502.3 
20.848 ,210,501.6 
20.852 ,211,496.9 
20.855 ,212,497.8 
20.858 ,213,507.0 
20.862 ,214,512.8 
20.865 ,215,518.0 
20.868 ,216,516.0 
20.872 ,217,524.7 
20.875 ,218,534.1 
20.878 ,219,519.7 
20.882 ,220,514.6 
20.885 ,221,520.6 
20.888 ,222,510.6 
20.892 ,223,528.6 
20.895 ,224,509.4 
20.898 ,225,527.7 
20.902 ,226,523.9 
20.905 ,227,515.2 
20.908 ,228,514.3 
20.912 ,229,515.2 
20.915 ,230,515.3 
20.918 ,231,525.0 
20.922 ,232,511.5 
20.925 ,233,514.0 
20.928 ,234,506.8 
20.932 ,235,530.9 
20.935 ,236,531.3 
20.938 ,237,516.9 
20.942 ,238,502.8 
20.945 ,239,495.2 
20.948 ,240,486.8 
20.952 ,241,486.1 
20.955 ,242,479.1 
20.958 ,243,501.1 
20.962 ,244,495.3 
20.965 ,245,497.0 
20.968 ,246,491.9 
20.972 ,247,495.0 
20.975 ,248,491.6 
20.978 ,249,485.5 
20.982 ,250,496.8 
20.985 ,251,477.7 
20.988 ,252,483.6 
20.992 ,253,478.8 
20.995 ,254,483.4 
20.998 ,255,483.5 
21.002 ,256,508.7 
21.005 ,257,506.2 
21.008 ,258,495.5 
21.012 ,259,493.5 
21.015 ,260,496.6 
21.018 ,261,500.0 
21.022 ,262,496.6 
21.025 ,263,485.3 
21.028 ,264,490.2 
21.032 ,265,493.7 
21.035 ,266,477.6 
21.038 ,267,485.5 
21.042 ,268,492.5 
21.045 ,269,485.0 
21.048 ,270,497.1 
21.052 ,271,490.1 
21.055 ,272,473.4 
21.058 ,273,481.1 
21.062 ,274,478.8 
21.065 ,275,471.7 
21.068 ,276,476.5 
21.072 ,277,466.4 
21.075 ,278,477.2 
21.078 ,279,477.4 
21.082 ,280,475.9 
21.085 ,281,477.0 
21.088 ,282,478.8 
21.092 ,283,488.4 
21.095 ,284,489.1 
21.098 ,285,482.9 
21.102 ,286,492.9 
21.105 ,287,485.9 
21.108 ,288,481.7 
21.112 ,289,487.4 
21.115 ,290,490.4 
21.118 ,291,488.2 
21.122 ,292,499.4 
21.125 ,293,500.7 
21.128 ,294,484.4 
21.132 ,295,506.7 
21.135 ,296,530.1 
21.138 ,297,532.8 
21.142 ,298,535.9 
21.145 ,299,538.5 
21.148 ,300,534.3 
21.152 ,301,527.3 
,,
21.155 ,305,515.6 
21.158 ,306,527.3 
21.162 ,307,529.1 
21.165 ,308,522.5 
21.168 ,309,545.7 
21.172 ,310,525.3 
21.175 ,311,545.6 
21.178 ,312,537.3 
21.182 ,313,526.7 
21.185 ,314,537.1 
21.188 ,315,536.8 
21.192 ,316,541.0 
21.195 ,317,542.5 
21.198 ,318,548.7 
21.202 ,319,532.0 
21.205 ,320,535.9 
21.208 ,321,540.1 
21.212 ,322,512.9 
21.215 ,323,518.0 
21.218 ,324,518.3 
21.222 ,325,515.2 
21.225 ,326,506.8 
21.228 ,327,494.4 
21.232 ,328,502.7 
21.235 ,329,500.1 
21.238 ,330,485.4 
21.242 ,331,494.2 
21.245 ,332,487.8 
21.248 ,333,495.9 
21.252 ,334,489.2 
21.255 ,335,493.6 
21.258 ,336,504.6 
21.262 ,337,495.0 
21.265 ,338,498.0 
21.268 ,339,497.1 
21.272 ,340,495.8 
21.275 ,341,498.1 
21.278 ,342,491.7 
21.282 ,343,502.9 
21.285 ,344,506.3 
21.288 ,345,506.0 
21.292 ,346,504.3 
21.295 ,347,519.9 
21.298 ,348,539.2 
21.302 ,349,532.4 
21.305 ,350,540.6 
21.308 ,351,538.0 
21.312 ,352,541.4 
21.315 ,353,537.9 
21.318 ,354,542.4 
21.322 ,355,544.8 
21.325 ,356,541.0 
21.328 ,357,536.9 
21.332 ,358,520.7 
21.335 ,359,511.7 
21.338 ,360,516.3 
21.342 ,361,501.7 
21.345 ,362,500.1 
21.348 ,363,509.9 
21.352 ,364,513.0 
21.355 ,365,508.8 
21.358 ,366,518.4 
21.362 ,367,513.5 
21.365 ,368,521.0 
21.368 ,369,511.9 
21.372 ,370,528.2 
21.375 ,371,533.2 
21.378 ,372,529.0 
21.382 ,373,532.4 
21.385 ,374,528.9 
21.388 ,375,516.3 
21.392 ,376,526.9 
21.395 ,377,530.6 
21.398 ,378,522.7 
21.402 ,379,522.7 
21.405 ,380,514.1 
21.408 ,381,507.6 
21.412 ,382,505.1 
21.415 ,383,511.1 
21.418 ,384,517.2 
21.422 ,385,507.8 
21.425 ,386,508.0 
21.428 ,387,508.4 
21.432 ,388,507.9 
21.435 ,389,506.8 
21.438 ,390,500.3 
21.442 ,391,491.1 
21.445 ,392,492.7 
21.448 ,393,497.2 
21.452 ,394,494.2 
21.455 ,395,491.8 
21.458 ,396,495.2 
21.462 ,397,496.5 
21.465 ,398,494.7 
21.468 ,399,481.5 
21.472 ,400,482.5 
21.475 ,401,504.5 
21.478 ,402,520.4 
21.482 ,403,510.1 
21.485 ,404,514.6 
21.488 ,405,504.8 
21.492 ,406,474.4 
21.495 ,407,490.5 
21.498 ,408,486.9 
21.502 ,409,487.3 
21.505 ,410,485.4 
21.508 ,411,490.9 
21.512 ,412,507.4 
21.515 ,413,505.5 
21.518 ,414,507.8 
21.522 ,415,502.7 
21.525 ,416,498.3 
21.528 ,417,487.4 
21.532 ,418,498.5 
21.535 ,419,491.5 
21.538 ,420,499.5 
21.542 ,421,488.0 
21.545 ,422,496.1 
21.548 ,423,486.7 
21.552 ,424,496.2 
21.555 ,425,504.3 
21.558 ,426,504.4 
21.562 ,427,517.1 
21.565 ,428,515.2 
21.568 ,429,510.5 
21.572 ,430,511.2 
21.575 ,431,502.2 
21.578 ,432,506.4 
21.582 ,433,519.9 
21.585 ,434,520.7 
21.588 ,435,517.9 
21.592 ,436,521.6 
21.595 ,437,521.5 
21.598 ,438,514.5 
21.602 ,439,517.9 
21.605 ,440,512.7 
21.608 ,441,515.5 
21.612 ,442,507.8 
21.615 ,443,507.6 
21.618 ,444,520.6 
21.622 ,445,517.7 
21.625 ,446,502.1 
,,
21.655 ,2,479.1 
21.658 ,3,509.2 
21.662 ,4,488.1 
21.665 ,5,487.7 
21.668 ,6,512.7 
21.672 ,7,500.0 
21.675 ,8,503.8 
21.678 ,9,503.8 
21.682 ,10,496.4 
21.685 ,11,500.5 
21.688 ,12,503.4 
21.692 ,13,530.4 
21.695 ,14,523.0 
21.698 ,15,535.8 
21.702 ,16,536.9 
21.705 ,17,535.1 
21.708 ,18,529.4 
21.712 ,19,529.6 
21.715 ,20,502.2 
21.718 ,21,502.6 
21.722 ,22,506.9 
21.725 ,23,506.9 
21.728 ,24,509.2 
21.732 ,25,505.3 
21.735 ,26,506.7 
21.738 ,27,511.2 
21.742 ,28,503.8 
21.745 ,29,498.8 
21.748 ,30,503.2 
21.752 ,31,499.3 
21.755 ,32,506.5 
21.758 ,33,503.4 
21.762 ,34,511.2 
21.765 ,35,507.7 
21.768 ,36,514.0 
21.772 ,37,509.2 
21.775 ,38,512.3 
21.778 ,39,511.0 
21.782 ,40,519.5 
21.785 ,41,525.4 
21.788 ,42,520.4 
21.792 ,43,519.8 
21.795 ,44,521.5 
21.798 ,45,523.5 
21.802 ,46,538.7 
21.805 ,47,527.4 
21.808 ,48,522.5 
21.812 ,49,528.8 
21.815 ,50,539.6 
21.818 ,51,549.8 
21.822 ,52,556.6 
21.825 ,53,541.9 
21.828 ,54,555.5 
21.832 ,55,559.2 
21.835 ,56,552.0 
21.838 ,57,556.5 
21.842 ,58,554.6 
21.845 ,59,545.0 
21.848 ,60,551.1 
21.852 ,61,549.4 
21.855 ,62,555.4 
21.858 ,63,556.2 
21.862 ,64,549.0 
21.865 ,65,551.1 
21.868 ,66,549.4 
21.872 ,67,532.5 
21.875 ,68,524.9 
21.878 ,69,523.8 
21.882 ,70,536.5 
21.885 ,71,522.1 
21.888 ,72,529.4 
21.892 ,73,528.8 
21.895 ,74,532.5 
21.898 ,75,534.3 
21.902 ,76,531.4 
21.905 ,77,540.5 
21.908 ,78,542.4 
21.912 ,79,530.6 
21.915 ,80,533.5 
21.918 ,81,523.4 
21.922 ,82,527.2 
21.925 ,83,535.5 
21.928 ,84,530.7 
21.932 ,85,525.5 
21.935 ,86,523.5 
21.938 ,87,550.5 
21.942 ,88,545.0 
21.945 ,89,543.5 
21.948 ,90,543.5 
21.952 ,91,547.8 
21.955 ,92,547.8 
21.958 ,93,554.8 
21.962 ,94,574.1 
21.965 ,95,578.7 
21.968 ,96,564.8 
21.972 ,97,543.3 
21.975 ,98,537.5 
21.978 ,99,530.0 
21.982 ,100,526.3 
21.985 ,101,520.5 
21.988 ,102,534.3 
21.992 ,103,529.6 
21.995 ,104,521.8 
21.998 ,105,526.6 
22.002 ,106,539.4 
22.005 ,107,526.0 
22.008 ,108,515.7 
22.012 ,109,519.5 
22.015 ,110,523.2 
22.018 ,111,522.8 
22.022 ,112,514.0 
22.025 ,113,508.9 
22.028 ,114,529.6 
22.032 ,115,526.8 
22.035 ,116,530.0 
22.038 ,117,527.8 
22.042 ,118,516.5 
22.045 ,119,514.9 
22.048 ,120,521.2 
22.052 ,121,524.5 
22.055 ,122,529.8 
22.058 ,123,527.4 
22.062 ,124,523.7 
22.065 ,125,540.9 
22.068 ,126,539.8 
22.072 ,127,536.1 
22.075 ,128,530.9 
22.078 ,129,529.7 
22.082 ,130,527.8 
22.085 ,131,524.3 
22.088 ,132,533.1 
22.092 ,133,526.3 
22.095 ,134,521.5 
22.098 ,135,542.9 
,,
22.102 ,137,519.5 
22.105 ,138,505.0 
22.108 ,139,516.5 
22.112 ,140,509.6 
22.115 ,141,503.5 
22.118 ,142,513.8 
22.122 ,143,491.6 
22.125 ,144,505.6 
22.128 ,145,489.9 
22.132 ,146,510.5 
22.135 ,147,512.3 
22.138 ,148,525.5 
22.142 ,149,525.2 
22.145 ,150,519.2 
22.148 ,151,504.7 
22.152 ,152,502.6 
22.155 ,153,505.7 
22.158 ,154,510.1 
22.162 ,155,512.9 
22.165 ,156,498.0 
22.168 ,157,514.0 
22.172 ,158,508.4 
22.175 ,159,516.4 
22.178 ,160,518.2 
22.182 ,161,519.2 
22.185 ,162,523.5 
22.188 ,163,526.9 
22.192 ,164,518.0 
22.195 ,165,523.3 
22.198 ,166,511.9 
22.202 ,167,522.0 
22.205 ,168,510.9 
22.208 ,169,515.1 
22.212 ,170,527.6 
22.215 ,171,520.2 
22.218 ,172,526.3 
22.222 ,173,530.5 
22.225 ,174,551.0 
22.228 ,175,554.4 
22.232 ,176,553.9 
22.235 ,177,555.9 
22.238 ,178,562.9 
22.242 ,179,545.5 
22.245 ,180,548.9 
22.248 ,181,549.4 
22.252 ,182,550.7 
22.255 ,183,556.1 
22.258 ,184,560.0 
22.262 ,185,554.5 
22.265 ,186,544.1 
22.268 ,187,552.3 
22.272 ,188,557.7 
22.275 ,189,543.8 
22.278 ,190,550.2 
22.282 ,191,558.5 
22.285 ,192,552.0 
22.288 ,193,561.8 
22.292 ,194,556.5 
22.295 ,195,533.7 
22.298 ,196,514.4 
22.302 ,197,519.7 
22.305 ,198,519.4 
22.308 ,199,514.2 
22.312 ,200,527.9 
22.315 ,201,509.6 
22.318 ,202,515.4 
22.322 ,203,504.8 
22.325 ,204,510.8 
22.328 ,205,501.7 
22.332 ,206,506.4 
22.335 ,207,527.1 
22.338 ,208,518.8 
22.342 ,209,510.5 
22.345 ,210,524.4 
22.348 ,211,531.2 
22.352 ,212,522.6 
22.355 ,213,531.1 
22.358 ,214,518.0 
22.362 ,215,538.6 
22.365 ,216,533.2 
22.368 ,217,515.6 
22.372 ,218,512.0 
22.375 ,219,502.4 
22.378 ,220,506.9 
22.382 ,221,516.4 
22.385 ,222,507.9 
22.388 ,223,507.0 
22.392 ,224,505.4 
22.395 ,225,511.3 
22.398 ,226,502.6 
22.402 ,227,495.5 
22.405 ,228,510.7 
22.408 ,229,517.3 
22.412 ,230,510.0 
22.415 ,231,508.8 
22.418 ,232,510.9 
22.422 ,233,509.3 
22.425 ,234,509.2 
22.428 ,235,508.8 
22.432 ,236,523.5 
22.435 ,237,510.3 
22.438 ,238,510.7 
22.442 ,239,512.5 
22.445 ,240,509.6 
22.448 ,241,514.0 
22.452 ,242,517.0 
22.455 ,243,501.1 
22.458 ,244,512.1 
22.462 ,245,499.6 
22.465 ,246,503.6 
22.468 ,247,520.6 
22.472 ,248,509.0 
22.475 ,249,519.4 
22.478 ,250,525.4 
22.482 ,251,527.8 
22.485 ,252,523.1 
22.488 ,253,504.0 
22.492 ,254,492.1 
22.490 ,256,493.4 
22.493 ,257,493.9 
22.497 ,258,505.7 
22.500 ,259,516.6 
22.503 ,260,515.0 
22.507 ,261,516.4 
22.510 ,262,511.6 
22.513 ,263,509.6 
22.517 ,264,514.1 
22.520 ,265,522.8 
22.523 ,266,504.6 
22.527 ,267,510.0 
22.530 ,268,504.2 
22.533 ,269,510.7 
22.537 ,270,510.9 
22.540 ,271,507.9 
22.543 ,272,512.5 
22.547 ,273,505.4 
22.550 ,274,508.6 
22.553 ,275,516.4 
22.557 ,276,507.0 
22.560 ,277,510.7 
22.563 ,278,515.1 
22.567 ,279,516.2 
22.570 ,280,517.6 
22.573 ,281,521.5 
22.577 ,282,526.7 
22.580 ,283,527.3 
22.583 ,284,533.9 
22.587 ,285,541.4 
22.590 ,286,535.2 
22.593 ,287,510.1 
22.597 ,288,500.7 
22.600 ,289,511.9 
22.603 ,290,513.8 
22.607 ,291,514.0 
22.610 ,292,513.2 
22.613 ,293,512.3 
22.617 ,294,506.8 
22.620 ,295,507.1 
22.623 ,296,514.4 
22.627 ,297,519.7 
22.630 ,298,520.0 
22.633 ,299,514.0 
22.637 ,300,522.1 
22.640 ,301,518.9 
22.643 ,302,517.8 
22.647 ,303,522.5 
22.650 ,304,510.9 
22.653 ,305,520.3 
22.657 ,306,523.8 
22.660 ,307,522.8 
22.663 ,308,525.3 
22.667 ,309,522.9 
22.670 ,310,514.4 
22.673 ,311,519.2 
22.677 ,312,517.8 
22.680 ,313,515.2 
22.683 ,314,500.4 
22.687 ,315,512.7 
22.690 ,316,523.0 
22.693 ,317,506.8 
22.697 ,318,508.9 
22.700 ,319,509.2 
22.703 ,320,493.8 
22.707 ,321,504.8 
22.710 ,322,488.4 
22.713 ,323,518.2 
22.717 ,324,532.7 
22.720 ,325,526.5 
22.723 ,326,520.4 
22.727 ,327,529.2 
22.730 ,328,538.8 
22.733 ,329,524.7 
22.737 ,330,531.2 
22.740 ,331,538.5 
22.743 ,332,532.3 
22.747 ,333,536.0 
22.750 ,334,523.9 
22.753 ,335,522.9 
22.757 ,336,522.7 
22.760 ,337,523.1 
22.763 ,338,523.4 
22.767 ,339,515.0 
22.770 ,340,526.6 
22.773 ,341,528.4 
22.777 ,342,517.0 
22.780 ,343,524.7 
22.783 ,344,529.0 
22.787 ,345,532.6 
22.790 ,346,523.3 
22.793 ,347,526.9 
22.797 ,348,523.0 
22.800 ,349,524.7 
22.803 ,350,518.0 
22.807 ,351,530.2 
22.810 ,352,531.2 
22.813 ,353,530.3 
22.817 ,354,547.4 
22.820 ,355,553.6 
22.823 ,356,544.5 
22.827 ,357,551.7 
22.830 ,358,551.3 
22.833 ,359,535.1 
22.837 ,360,539.2 
22.840 ,361,529.4 
22.843 ,362,524.1 
22.847 ,363,533.9 
22.850 ,364,531.4 
22.853 ,365,526.7 
22.857 ,366,532.3 
22.860 ,367,542.7 
22.863 ,368,536.8 
22.867 ,369,527.5 
,,
22.890 ,374,515.1 
22.893 ,375,498.0 
22.897 ,376,503.1 
22.900 ,377,506.0 
22.903 ,378,510.9 
22.907 ,379,530.5 
22.910 ,380,538.3 
22.913 ,381,533.9 
22.917 ,382,528.4 
22.920 ,383,512.7 
22.923 ,384,520.9 
22.927 ,385,525.8 
22.930 ,386,514.7 
22.933 ,387,514.0 
22.937 ,388,520.5 
22.940 ,389,526.3 
22.943 ,390,521.0 
22.947 ,391,530.3 
22.950 ,392,517.5 
22.953 ,393,528.1 
22.957 ,394,533.7 
22.960 ,395,534.5 
22.963 ,396,526.5 
22.967 ,397,519.8 
22.970 ,398,520.6 
22.973 ,399,520.9 
22.977 ,400,524.9 
22.980 ,401,524.3 
22.983 ,402,517.5 
22.987 ,403,515.9 
22.990 ,404,522.1 
22.993 ,405,523.5 
22.997 ,406,517.4 
23.000 ,407,503.0 
23.003 ,408,505.0 
23.007 ,409,512.0 
23.010 ,410,510.7 
23.013 ,411,517.2 
23.017 ,412,506.4 
23.020 ,413,503.8 
23.023 ,414,510.8 
23.027 ,415,511.7 
23.030 ,416,509.5 
23.033 ,417,507.2 
23.037 ,418,513.6 
23.040 ,419,512.5 
23.043 ,420,503.2 
23.047 ,421,507.4 
23.050 ,422,509.9 
23.053 ,423,513.8 
23.057 ,424,509.9 
23.060 ,425,517.2 
23.063 ,426,509.1 
23.067 ,427,517.4 
23.070 ,428,514.8 
23.073 ,429,525.2 
23.077 ,430,515.8 
23.080 ,431,522.5 
23.083 ,432,517.5 
23.087 ,433,530.8 
23.090 ,434,519.3 
23.093 ,435,524.5 
23.097 ,436,513.0 
23.100 ,437,502.4 
23.103 ,438,508.3 
23.107 ,439,515.9 
23.110 ,440,509.2 
23.113 ,441,517.7 
23.117 ,442,511.1 
23.120 ,443,507.2 
23.123 ,444,515.4 
23.127 ,445,517.2 
23.130 ,446,516.0 
23.133 ,447,517.4 
23.137 ,448,523.2 
23.140 ,449,528.0 
23.143 ,450,525.1 
23.147 ,451,527.9 
23.150 ,452,519.3 
23.153 ,453,513.3 
23.157 ,454,525.0 
23.160 ,455,524.9 
23.163 ,456,534.1 
23.167 ,457,539.9 
23.170 ,458,518.0 
23.173 ,459,528.3 
23.177 ,460,517.3 
23.180 ,461,515.2 
23.183 ,462,508.4 
23.187 ,463,524.1 
23.190 ,464,519.7 
23.193 ,465,512.4 
23.197 ,466,518.0 
23.200 ,467,520.3 
23.203 ,468,519.6 
23.207 ,469,525.5 
23.210 ,470,522.1 
23.213 ,471,529.1 
23.217 ,472,517.2 
23.220 ,473,519.8 
23.223 ,474,532.5 
23.227 ,475,527.7 
23.230 ,476,513.0 
23.233 ,477,524.9 
23.237 ,478,508.3 
23.240 ,479,505.4 
23.243 ,480,515.5 
23.247 ,481,519.1 
23.250 ,482,521.7 
23.253 ,483,526.3 
23.257 ,484,519.0 
23.260 ,485,512.5 
23.263 ,486,518.4 
23.267 ,487,502.6 
23.270 ,488,523.5 
23.273 ,489,514.2 
23.277 ,490,522.1 
23.280 ,491,526.3 
23.283 ,492,526.5 
23.287 ,493,544.7 
23.290 ,494,536.7 
23.293 ,495,534.6 
23.297 ,496,545.2 
23.300 ,497,526.3 
,,
23.320 ,0,548.0 
23.323 ,1,541.2 
23.327 ,2,543.8 
23.330 ,3,559.3 
23.333 ,4,542.0 
23.337 ,5,549.9 
23.340 ,6,553.5 
23.343 ,7,550.6 
23.347 ,8,548.3 
23.350 ,9,545.8 
23.353 ,10,553.0 
23.357 ,11,537.2 
23.360 ,12,532.4 
23.363 ,13,550.3 
23.367 ,14,548.5 
23.370 ,15,540.2 
23.373 ,16,531.1 
23.377 ,17,552.8 
23.380 ,18,541.8 
23.383 ,19,542.8 
23.387 ,20,554.0 
23.390 ,21,539.4 
23.393 ,22,537.3 
23.397 ,23,536.3 
23.400 ,24,542.9 
23.403 ,25,529.6 
23.407 ,26,532.7 
23.410 ,27,536.3 
23.413 ,28,522.4 
23.417 ,29,524.4 
23.420 ,30,527.0 
23.423 ,31,516.8 
23.427 ,32,520.2 
23.430 ,33,520.4 
23.433 ,34,523.2 
23.437 ,35,527.4 
23.440 ,36,530.3 
23.443 ,37,536.9 
23.447 ,38,537.0 
23.450 ,39,546.3 
23.453 ,40,540.3 
23.457 ,41,539.4 
23.460 ,42,535.5 
23.463 ,43,520.2 
23.467 ,44,531.3 
23.470 ,45,522.0 
23.473 ,46,522.3 
23.477 ,47,525.5 
23.480 ,48,527.1 
23.483 ,49,522.0 
23.487 ,50,515.4 
23.490 ,51,520.9 
23.493 ,52,527.6 
23.497 ,53,535.6 
23.500 ,54,557.1 
23.503 ,55,553.7 
23.507 ,56,561.2 
23.510 ,57,572.9 
23.513 ,58,571.8 
23.517 ,59,572.4 
23.520 ,60,565.4 
23.523 ,61,564.6 
23.527 ,62,568.2 
23.530 ,63,538.7 
23.533 ,64,528.3 
23.537 ,65,535.1 
23.540 ,66,517.8 
23.543 ,67,521.6 
23.547 ,68,516.2 
23.550 ,69,519.4 
23.553 ,70,519.9 
23.557 ,71,529.0 
23.560 ,72,520.6 
23.563 ,73,530.2 
23.567 ,74,525.2 
23.570 ,75,513.2 
23.573 ,76,528.0 
23.577 ,77,507.1 
23.580 ,78,509.8 
23.583 ,79,529.8 
23.587 ,80,508.0 
23.590 ,81,520.3 
23.593 ,82,517.6 
23.597 ,83,532.7 
23.600 ,84,527.6 
23.603 ,85,518.8 
23.607 ,86,532.1 
23.610 ,87,527.0 
23.613 ,88,521.3 
23.617 ,89,533.5 
23.620 ,90,547.7 
23.623 ,91,545.0 
23.627 ,92,551.8 
23.630 ,93,543.8 
23.633 ,94,530.8 
23.637 ,95,526.6 
23.640 ,96,519.0 
23.643 ,97,517.7 
23.647 ,98,514.0 
23.650 ,99,522.9 
23.653 ,100,530.8 
23.657 ,101,525.1 
23.660 ,102,511.9 
23.663 ,103,530.8 
23.667 ,104,529.4 
23.670 ,105,539.1 
23.673 ,106,546.3 
23.677 ,107,535.1 
23.680 ,108,522.8 
23.683 ,109,526.6 
23.687 ,110,526.5 
23.690 ,111,519.7 
23.693 ,112,517.2 
23.697 ,113,519.9 
23.700 ,114,532.0 
23.703 ,115,536.8 
23.707 ,116,530.2 
23.710 ,117,532.4 
23.713 ,118,531.2 
23.717 ,119,538.4 
23.720 ,120,533.0 
23.723 ,121,529.1 
23.727 ,122,543.1 
23.730 ,123,529.0 
23.733 ,124,520.6 
23.737 ,125,535.9 
23.740 ,126,528.9 
23.743 ,127,534.9 
23.747 ,128,531.4 
23.750 ,129,527.4 
23.753 ,130,522.5 
23.757 ,131,523.5 
23.760 ,132,529.0 
23.763 ,133,523.0 
23.767 ,134,521.5 
23.770 ,135,535.8 
23.773 ,136,540.0 
23.777 ,137,552.9 
23.780 ,138,560.3 
23.783 ,139,570.4 
23.787 ,140,547.7 
23.790 ,141,552.0 
23.793 ,142,534.9 
,,
23.810 ,149,485.4 
23.813 ,150,471.2 
23.817 ,151,476.3 
23.820 ,152,485.2 
23.823 ,153,490.1 
23.827 ,154,505.4 
23.830 ,155,498.2 
23.833 ,156,499.1 
23.837 ,157,500.0 
23.840 ,158,505.5 
23.843 ,159,506.4 
23.847 ,160,516.5 
23.850 ,161,512.8 
23.853 ,162,521.1 
23.857 ,163,497.2 
23.860 ,164,507.3 
23.863 ,165,523.9 
23.867 ,166,525.7 
23.870 ,167,525.4 
23.873 ,168,522.8 
23.877 ,169,518.1 
23.880 ,170,530.5 
23.883 ,171,514.6 
23.887 ,172,521.8 
23.890 ,173,529.3 
23.893 ,174,516.4 
23.897 ,175,510.1 
23.900 ,176,516.2 
23.903 ,177,523.9 
23.907 ,178,536.6 
23.910 ,179,525.4 
23.913 ,180,530.3 
23.917 ,181,529.1 
23.920 ,182,521.6 
23.923 ,183,533.7 
23.927 ,184,531.5 
23.930 ,185,526.9 
23.933 ,186,506.5 
23.937 ,187,515.2 
23.940 ,188,511.2 
23.943 ,189,521.7 
23.947 ,190,515.3 
23.950 ,191,520.3 
23.953 ,192,503.7 
23.957 ,193,516.4 
23.960 ,194,510.4 
23.963 ,195,513.8 
23.967 ,196,514.4 
23.970 ,197,513.5 
23.973 ,198,511.4 
23.977 ,199,530.3 
23.980 ,200,518.7 
23.983 ,201,517.4 
23.987 ,202,520.1 
23.990 ,203,525.4 
23.993 ,204,522.3 
23.997 ,205,523.5 
24.000 ,206,521.7 
24.003 ,207,521.7 
24.007 ,208,528.5 
24.010 ,209,527.8 
24.013 ,210,521.3 
24.017 ,211,519.0 
24.020 ,212,518.0 
24.023 ,213,518.3 
24.027 ,214,529.6 
24.030 ,215,525.8 
24.033 ,216,520.2 
24.037 ,217,514.9 
24.040 ,218,519.5 
24.043 ,219,521.1 
24.047 ,220,525.0 
24.050 ,221,512.1 
24.053 ,222,542.4 
24.057 ,223,538.2 
24.060 ,224,556.2 
24.063 ,225,553.7 
24.067 ,226,549.4 
24.070 ,227,546.1 
24.073 ,228,532.8 
24.077 ,229,525.7 
24.080 ,230,525.8 
24.083 ,231,520.4 
24.087 ,232,508.1 
24.090 ,233,508.5 
24.093 ,234,504.0 
24.097 ,235,506.7 
24.100 ,236,517.9 
24.103 ,237,537.3 
24.107 ,238,525.4 
24.110 ,239,524.9 
24.113 ,240,525.6 
24.117 ,241,512.3 
24.120 ,242,517.7 
24.123 ,243,513.8 
24.127 ,244,513.7 
24.130 ,245,508.5 
24.133 ,246,515.8 
24.137 ,247,509.4 
24.140 ,248,507.0 
24.143 ,249,510.2 
24.147 ,250,503.3 
24.150 ,251,503.4 
24.153 ,252,505.0 
24.157 ,253,502.9 
24.160 ,254,512.4 
24.163 ,255,496.0 
24.167 ,256,510.0 
24.170 ,257,499.7 
24.173 ,258,515.4 
24.177 ,259,516.9 
24.180 ,260,507.6 
24.183 ,261,536.2 
24.187 ,262,520.6 
24.190 ,263,528.9 
24.193 ,264,522.0 
24.197 ,265,496.7 
24.200 ,266,502.4 
24.203 ,267,505.8 
24.207 ,268,492.9 
24.210 ,269,493.6 
24.213 ,270,502.5 
24.217 ,271,496.6 
24.220 ,272,490.8 
24.223 ,273,500.8 
24.227 ,274,506.8 
24.230 ,275,499.7 
24.233 ,276,517.5 
24.237 ,277,510.8 
24.240 ,278,508.3 
24.243 ,279,510.8 
24.247 ,280,505.2 
24.250 ,281,519.1 
24.253 ,282,513.9 
24.257 ,283,505.6 
24.260 ,284,515.4 
24.263 ,285,512.2 
24.267 ,286,508.5 
24.270 ,287,495.6 
24.273 ,288,491.9 
24.277 ,289,501.6 
24.280 ,290,513.5 
24.283 ,291,502.7 
24.287 ,292,508.6 
24.290 ,293,501.3 
,,
24.313 ,298,538.7 
24.317 ,299,557.6 
24.320 ,300,548.5 
24.323 ,301,546.0 
24.327 ,302,550.1 
24.330 ,303,544.2 
24.333 ,304,548.4 
24.337 ,305,548.1 
24.340 ,306,550.5 
24.343 ,307,547.1 
24.347 ,308,534.0 
24.350 ,309,549.6 
24.353 ,310,549.4 
24.357 ,311,540.5 
24.360 ,312,540.4 
24.363 ,313,548.0 
24.367 ,314,549.5 
24.370 ,315,540.8 
24.373 ,316,549.1 
24.377 ,317,557.9 
24.380 ,318,545.6 
24.383 ,319,547.4 
24.387 ,320,543.3 
24.390 ,321,544.5 
24.393 ,322,562.8 
24.397 ,323,570.3 
24.400 ,324,562.5 
24.403 ,325,569.3 
24.407 ,326,560.2 
24.410 ,327,568.1 
24.413 ,328,576.5 
24.417 ,329,571.9 
24.420 ,330,570.7 
24.423 ,331,564.1 
24.427 ,332,573.5 
24.430 ,333,562.3 
24.433 ,334,568.3 
24.437 ,335,572.1 
24.440 ,336,564.9 
24.443 ,337,565.2 
24.447 ,338,568.3 
24.450 ,339,551.6 
24.453 ,340,560.8 
24.457 ,341,571.2 
24.460 ,342,569.9 
24.463 ,343,563.4 
24.467 ,344,557.3 
24.470 ,345,563.3 
24.473 ,346,531.5 
24.477 ,347,518.6 
24.480 ,348,518.8 
24.483 ,349,507.9 
24.487 ,350,521.1 
24.490 ,351,528.6 
24.493 ,352,507.5 
24.497 ,353,528.5 
24.500 ,354,527.7 
24.503 ,355,520.6 
24.507 ,356,530.2 
24.510 ,357,535.5 
24.513 ,358,536.2 
24.517 ,359,559.8 
24.520 ,360,562.6 
24.523 ,361,573.5 
24.527 ,362,561.4 
24.530 ,363,540.3 
24.533 ,364,534.0 
24.537 ,365,544.5 
24.540 ,366,546.2 
24.543 ,367,533.4 
24.547 ,368,533.4 
24.550 ,369,526.0 
24.553 ,370,532.4 
24.557 ,371,537.8 
24.560 ,372,534.0 
24.563 ,373,523.6 
24.567 ,374,525.8 
24.570 ,375,529.4 
24.573 ,376,524.3 
24.577 ,377,538.6 
24.580 ,378,526.8 
24.583 ,379,523.7 
24.587 ,380,530.5 
24.590 ,381,522.9 
24.593 ,382,534.3 
24.597 ,383,544.5 
24.600 ,384,562.5 
24.603 ,385,547.2 
24.607 ,386,557.7 
24.610 ,387,553.1 
24.613 ,388,546.6 
24.617 ,389,545.3 
24.620 ,390,548.0 
24.623 ,391,544.0 
24.627 ,392,544.3 
24.630 ,393,548.1 
24.633 ,394,549.9 
24.637 ,395,559.1 
24.640 ,396,554.8 
24.643 ,397,571.5 
24.647 ,398,556.3 
24.650 ,399,556.4 
24.653 ,400,555.4 
24.657 ,401,565.4 
24.660 ,402,550.8 
24.663 ,403,566.7 
24.667 ,404,555.0 
24.670 ,405,564.3 
24.673 ,406,558.3 
24.677 ,407,562.5 
24.680 ,408,567.3 
24.683 ,409,566.1 
24.687 ,410,546.3 
24.690 ,411,541.5 
24.693 ,412,541.5 
24.697 ,413,536.8 
24.700 ,414,539.2 
24.703 ,415,538.8 
24.707 ,416,540.3 
24.710 ,417,533.1 
24.713 ,418,533.6 
24.717 ,419,535.1 
24.720 ,420,535.5 
24.723 ,421,546.4 
24.727 ,422,535.7 
24.730 ,423,535.4 
24.733 ,424,535.4 
24.737 ,425,540.9 
24.740 ,426,533.2 
24.743 ,427,529.5 
24.747 ,428,517.7 
24.750 ,429,524.7 
24.753 ,430,531.1 
24.757 ,431,536.8 
24.760 ,432,531.3 
24.763 ,433,532.3 
24.767 ,434,538.8 
24.770 ,435,541.2 
24.773 ,436,531.1 
24.777 ,437,538.2 
24.780 ,438,538.4 
24.783 ,439,540.9 
24.787 ,440,528.8 
24.790 ,441,513.3 
24.793 ,442,528.3 
24.797 ,443,520.1 
24.800 ,444,513.2 
24.803 ,445,494.0 
,,
24.812 ,1,523.8 
24.815 ,2,526.1 
24.818 ,3,543.6 
24.822 ,4,553.8 
24.825 ,5,553.8 
24.828 ,6,551.5 
24.832 ,7,546.8 
24.835 ,8,528.5 
24.838 ,9,524.4 
24.842 ,10,528.4 
24.845 ,11,549.8 
24.848 ,12,554.3 
24.852 ,13,555.9 
24.855 ,14,531.2 
24.858 ,15,543.3 
24.862 ,16,535.0 
24.865 ,17,539.8 
24.868 ,18,539.6 
24.872 ,19,535.3 
24.875 ,20,527.4 
24.878 ,21,536.2 
24.882 ,22,547.7 
24.885 ,23,530.4 
24.888 ,24,528.1 
24.892 ,25,532.2 
24.895 ,26,521.8 
24.898 ,27,524.3 
24.902 ,28,528.3 
24.905 ,29,540.3 
24.908 ,30,529.4 
24.912 ,31,532.7 
24.915 ,32,545.0 
24.918 ,33,535.7 
24.922 ,34,528.5 
24.925 ,35,528.6 
24.928 ,36,529.3 
24.932 ,37,530.3 
24.935 ,38,530.4 
24.938 ,39,536.2 
24.942 ,40,541.7 
24.945 ,41,536.2 
24.948 ,42,529.9 
24.952 ,43,533.9 
24.955 ,44,543.2 
24.958 ,45,537.6 
24.962 ,46,555.9 
24.965 ,47,544.5 
24.968 ,48,539.8 
24.972 ,49,547.8 
24.975 ,50,540.9 
24.978 ,51,540.9 
24.982 ,52,538.3 
24.985 ,53,541.6 
24.988 ,54,547.5 
24.992 ,55,543.5 
24.995 ,56,544.0 
24.998 ,57,552.8 
25.002 ,58,563.0 
25.005 ,59,547.9 
25.008 ,60,545.8 
25.012 ,61,527.1 
25.015 ,62,548.3 
25.018 ,63,548.7 
25.022 ,64,545.2 
25.025 ,65,545.7 
25.028 ,66,543.4 
25.032 ,67,550.0 
25.035 ,68,528.9 
25.038 ,69,539.1 
25.042 ,70,531.1 
25.045 ,71,530.2 
25.048 ,72,532.2 
25.052 ,73,550.6 
25.055 ,74,554.3 
25.058 ,75,550.1 
25.062 ,76,563.3 
25.065 ,77,552.8 
25.068 ,78,553.2 
25.072 ,79,546.4 
25.075 ,80,552.3 
25.078 ,81,546.6 
25.082 ,82,532.9 
25.085 ,83,538.1 
25.088 ,84,521.6 
25.092 ,85,516.6 
25.095 ,86,523.9 
25.098 ,87,525.9 
25.102 ,88,527.5 
25.105 ,89,515.4 
25.108 ,90,532.4 
25.112 ,91,524.2 
25.115 ,92,519.7 
25.118 ,93,525.7 
25.122 ,94,530.2 
25.125 ,95,525.4 
25.128 ,96,532.9 
25.132 ,97,531.9 
25.135 ,98,531.3 
25.138 ,99,545.0 
25.142 ,100,539.8 
25.145 ,101,535.6 
25.148 ,102,538.5 
25.152 ,103,533.7 
25.155 ,104,545.2 
25.158 ,105,539.6 
25.162 ,106,540.9 
25.165 ,107,541.3 
25.168 ,108,540.9 
25.172 ,109,544.2 
25.175 ,110,533.7 
25.178 ,111,538.2 
25.182 ,112,533.9 
25.185 ,113,535.6 
25.188 ,114,531.4 
25.192 ,115,542.9 
25.195 ,116,548.5 
25.198 ,117,540.9 
25.202 ,118,553.4 
25.205 ,119,561.5 
25.208 ,120,554.0 
25.212 ,121,559.3 
25.215 ,122,549.8 
25.218 ,123,550.1 
25.222 ,124,540.8 
25.225 ,125,526.4 
25.228 ,126,541.9 
25.232 ,127,550.6 
25.235 ,128,546.0 
25.238 ,129,547.7 
25.242 ,130,548.0 
25.245 ,131,535.0 
25.248 ,132,551.5 
25.252 ,133,535.9 
25.255 ,134,538.0 
25.258 ,135,529.6 
25.262 ,136,528.3 
25.265 ,137,537.6 
25.268 ,138,532.8 
25.272 ,139,528.9 
25.275 ,140,510.4 
,,
25.287 ,145,518.8 
25.290 ,146,535.4 
25.293 ,147,527.7 
25.297 ,148,532.5 
25.300 ,149,535.3 
25.303 ,150,526.5 
25.307 ,151,517.2 
25.310 ,152,512.3 
25.313 ,153,523.3 
25.317 ,154,517.3 
25.320 ,155,524.0 
25.323 ,156,534.6 
25.327 ,157,534.6 
25.330 ,158,537.9 
25.333 ,159,549.0 
25.337 ,160,539.4 
25.340 ,161,529.2 
25.343 ,162,542.4 
25.347 ,163,531.1 
25.350 ,164,538.8 
25.353 ,165,524.8 
25.357 ,166,521.9 
25.360 ,167,524.8 
25.363 ,168,530.8 
25.367 ,169,518.2 
25.370 ,170,523.0 
25.373 ,171,524.5 
25.377 ,172,531.1 
25.380 ,173,529.3 
25.383 ,174,529.9 
25.387 ,175,527.9 
25.390 ,176,525.2 
25.393 ,177,530.5 
25.397 ,178,522.1 
25.400 ,179,539.2 
25.403 ,180,537.7 
25.407 ,181,547.6 
25.410 ,182,531.0 
25.413 ,183,523.9 
25.417 ,184,532.0 
25.420 ,185,539.8 
25.423 ,186,533.4 
25.427 ,187,534.7 
25.430 ,188,546.5 
25.433 ,189,541.8 
25.437 ,190,537.4 
25.440 ,191,536.2 
25.443 ,192,543.0 
25.447 ,193,536.7 
25.450 ,194,541.1 
25.453 ,195,537.1 
25.457 ,196,517.2 
25.460 ,197,546.1 
25.463 ,198,547.2 
25.467 ,199,535.7 
25.470 ,200,546.4 
25.473 ,201,541.3 
25.477 ,202,543.3 
25.480 ,203,542.9 
25.483 ,204,540.5 
25.487 ,205,541.8 
25.490 ,206,542.2 
25.493 ,207,544.1 
25.497 ,208,552.4 
25.500 ,209,544.8 
25.503 ,210,544.4 
25.507 ,211,543.3 
25.510 ,212,553.4 
25.513 ,213,555.9 
25.517 ,214,552.7 
25.520 ,215,530.2 
25.523 ,216,558.7 
25.527 ,217,542.5 
25.530 ,218,555.2 
25.533 ,219,553.6 
25.537 ,220,549.4 
25.540 ,221,542.1 
25.543 ,222,544.8 
25.547 ,223,544.2 
25.550 ,224,529.4 
25.553 ,225,544.5 
25.557 ,226,549.7 
25.560 ,227,550.1 
25.563 ,228,549.6 
25.567 ,229,560.3 
25.570 ,230,553.4 
25.573 ,231,551.7 
25.577 ,232,554.2 
25.580 ,233,562.7 
25.583 ,234,560.7 
25.587 ,235,559.4 
25.590 ,236,551.3 
25.593 ,237,553.4 
25.597 ,238,549.5 
25.600 ,239,543.0 
25.603 ,240,550.1 
25.607 ,241,549.5 
25.610 ,242,550.0 
25.613 ,243,551.4 
25.617 ,244,544.0 
25.620 ,245,539.9 
25.623 ,246,553.1 
25.627 ,247,557.4 
25.630 ,248,537.7 
25.633 ,249,539.3 
25.637 ,250,546.7 
25.640 ,251,542.3 
25.643 ,252,551.1 
25.647 ,253,545.9 
25.650 ,254,523.6 
25.653 ,255,532.2 
25.657 ,256,545.6 
25.660 ,257,537.0 
25.663 ,258,548.0 
25.667 ,259,534.9 
25.670 ,260,536.6 
25.673 ,261,537.6 
25.677 ,262,536.0 
25.680 ,263,551.5 
25.683 ,264,549.8 
25.687 ,265,559.4 
25.690 ,266,559.0 
25.693 ,267,554.3 
25.697 ,268,544.8 
,,
25.710 ,275,537.7 
25.713 ,276,545.4 
25.717 ,277,542.4 
25.720 ,278,537.4 
25.723 ,279,541.9 
25.727 ,280,540.2 
25.730 ,281,536.6 
25.733 ,282,550.2 
25.737 ,283,540.3 
25.740 ,284,545.7 
25.743 ,285,532.5 
25.747 ,286,538.0 
25.750 ,287,524.7 
25.753 ,288,535.3 
25.757 ,289,532.4 
25.760 ,290,525.4 
25.763 ,291,529.3 
25.767 ,292,536.1 
25.770 ,293,547.4 
25.773 ,294,541.5 
25.777 ,295,541.9 
25.780 ,296,545.7 
25.783 ,297,545.5 
25.787 ,298,552.8 
25.790 ,299,541.8 
25.793 ,300,540.1 
25.797 ,301,527.1 
25.800 ,302,548.0 
25.803 ,303,540.0 
25.807 ,304,527.8 
25.810 ,305,537.7 
25.813 ,306,543.1 
25.817 ,307,533.6 
25.820 ,308,547.7 
25.823 ,309,544.3 
25.827 ,310,548.2 
25.830 ,311,551.0 
25.833 ,312,539.2 
25.837 ,313,543.9 
25.840 ,314,547.7 
25.843 ,315,543.6 
25.847 ,316,554.5 
25.850 ,317,544.4 
25.853 ,318,556.8 
25.857 ,319,558.6 
25.860 ,320,546.3 
25.863 ,321,545.5 
25.867 ,322,548.3 
25.870 ,323,540.4 
25.873 ,324,536.3 
25.877 ,325,542.3 
25.880 ,326,538.2 
25.883 ,327,548.6 
25.887 ,328,547.9 
25.890 ,329,556.1 
25.893 ,330,556.0 
25.897 ,331,548.2 
25.900 ,332,560.4 
25.903 ,333,551.3 
25.907 ,334,558.4 
25.910 ,335,551.2 
25.913 ,336,562.6 
25.917 ,337,562.0 
25.920 ,338,563.0 
25.923 ,339,565.4 
25.927 ,340,554.8 
25.930 ,341,564.2 
25.933 ,342,566.3 
25.937 ,343,557.0 
25.940 ,344,538.4 
25.943 ,345,570.6 
25.947 ,346,571.3 
25.950 ,347,565.7 
25.953 ,348,566.5 
25.957 ,349,567.9 
25.960 ,350,565.7 
25.963 ,351,561.9 
25.967 ,352,555.7 
25.970 ,353,558.8 
25.973 ,354,556.8 
25.977 ,355,547.9 
25.980 ,356,534.9 
25.983 ,357,538.6 
25.987 ,358,543.3 
25.990 ,359,533.7 
25.993 ,360,542.7 
25.997 ,361,554.9 
26.000 ,362,547.7 
26.003 ,363,541.6 
26.007 ,364,535.0 
26.010 ,365,541.0 
26.013 ,366,539.3 
26.017 ,367,532.9 
26.020 ,368,532.6 
26.023 ,369,534.3 
26.027 ,370,537.2 
26.030 ,371,544.2 
26.033 ,372,531.8 
26.037 ,373,534.5 
26.040 ,374,529.2 
26.043 ,375,541.9 
26.047 ,376,527.3 
26.050 ,377,532.0 
26.053 ,378,534.4 
26.057 ,379,540.6 
26.060 ,380,541.5 
26.063 ,381,541.4 
26.067 ,382,532.7 
26.070 ,383,541.3 
26.073 ,384,555.3 
26.077 ,385,554.9 
26.080 ,386,532.6 
26.083 ,387,530.9 
26.087 ,388,536.3 
26.090 ,389,542.8 
26.093 ,390,530.3 
,,
26.115 ,1,541.8 
26.118 ,2,539.0 
26.122 ,3,542.7 
26.125 ,4,546.0 
26.128 ,5,545.9 
26.132 ,6,544.3 
26.135 ,7,540.6 
26.138 ,8,543.2 
26.142 ,9,545.5 
26.145 ,10,547.1 
26.148 ,11,549.5 
26.152 ,12,546.7 
26.155 ,13,539.4 
26.158 ,14,546.7 
26.162 ,15,548.6 
26.165 ,16,550.6 
26.168 ,17,540.8 
26.172 ,18,545.8 
26.175 ,19,544.8 
26.178 ,20,556.3 
26.182 ,21,554.0 
26.185 ,22,552.2 
26.188 ,23,557.2 
26.192 ,24,552.6 
26.195 ,25,551.1 
26.198 ,26,542.6 
26.202 ,27,541.1 
26.205 ,28,551.0 
26.208 ,29,534.9 
26.212 ,30,536.9 
26.215 ,31,530.2 
26.218 ,32,535.7 
26.222 ,33,538.6 
26.225 ,34,546.1 
26.228 ,35,543.1 
26.232 ,36,533.2 
26.235 ,37,538.2 
26.238 ,38,533.9 
26.242 ,39,539.8 
26.245 ,40,551.6 
26.248 ,41,552.2 
26.252 ,42,568.1 
26.255 ,43,561.6 
26.258 ,44,553.4 
26.262 ,45,562.9 
26.265 ,46,551.8 
26.268 ,47,547.7 
26.272 ,48,543.2 
26.275 ,49,555.7 
26.278 ,50,554.4 
26.282 ,51,563.6 
26.285 ,52,551.0 
26.288 ,53,566.6 
26.292 ,54,565.2 
26.295 ,55,569.8 
26.298 ,56,568.1 
26.302 ,57,578.9 
26.305 ,58,576.6 
26.308 ,59,579.9 
26.312 ,60,570.3 
26.315 ,61,549.1 
26.318 ,62,540.9 
26.322 ,63,545.0 
26.325 ,64,554.9 
26.328 ,65,556.3 
26.332 ,66,548.0 
26.335 ,67,552.2 
26.338 ,68,550.5 
26.342 ,69,552.5 
26.345 ,70,535.2 
26.348 ,71,531.7 
26.352 ,72,538.0 
26.355 ,73,541.1 
26.358 ,74,539.9 
26.362 ,75,536.4 
26.365 ,76,539.4 
26.368 ,77,536.1 
26.372 ,78,537.9 
26.375 ,79,542.1 
26.378 ,80,536.6 
26.382 ,81,540.7 
26.385 ,82,551.4 
26.388 ,83,542.9 
26.392 ,84,539.8 
26.395 ,85,539.3 
26.398 ,86,554.5 
26.402 ,87,547.1 
26.405 ,88,550.0 
26.408 ,89,550.5 
26.412 ,90,540.2 
26.415 ,91,550.4 
26.418 ,92,556.3 
26.422 ,93,540.7 
26.425 ,94,550.3 
26.428 ,95,542.5 
26.432 ,96,548.3 
26.435 ,97,548.6 
26.438 ,98,536.9 
26.442 ,99,553.3 
26.445 ,100,560.3 
26.448 ,101,539.3 
26.452 ,102,544.8 
26.455 ,103,524.9 
26.458 ,104,539.3 
26.462 ,105,532.6 
26.465 ,106,532.9 
26.468 ,107,540.6 
26.472 ,108,562.2 
26.475 ,109,560.8 
26.478 ,110,545.0 
26.482 ,111,556.0 
26.485 ,112,539.3 
,,
26.510 ,122,526.4 
26.513 ,123,543.0 
26.517 ,124,533.6 
26.520 ,125,531.6 
26.523 ,126,535.9 
26.527 ,127,532.4 
26.530 ,128,535.1 
26.533 ,129,548.5 
26.537 ,130,544.4 
26.540 ,131,544.9 
26.543 ,132,538.6 
26.547 ,133,530.5 
26.550 ,134,543.6 
26.553 ,135,536.6 
26.557 ,136,538.6 
26.560 ,137,534.8 
26.563 ,138,546.2 
26.567 ,139,558.0 
26.570 ,140,546.5 
26.573 ,141,543.0 
26.577 ,142,543.8 
26.580 ,143,546.1 
26.583 ,144,541.7 
26.587 ,145,550.1 
26.590 ,146,547.9 
26.593 ,147,542.7 
26.597 ,148,544.8 
26.600 ,149,541.9 
26.603 ,150,545.4 
26.607 ,151,556.4 
26.610 ,152,532.9 
26.613 ,153,537.6 
26.617 ,154,549.1 
26.620 ,155,535.0 
26.623 ,156,544.0 
26.627 ,157,557.1 
26.630 ,158,546.9 
26.633 ,159,542.1 
26.637 ,160,542.5 
26.640 ,161,531.8 
26.643 ,162,540.7 
26.647 ,163,543.0 
26.650 ,164,539.0 
26.653 ,165,535.6 
26.657 ,166,555.9 
26.660 ,167,555.8 
26.663 ,168,559.7 
26.667 ,169,559.3 
26.670 ,170,557.6 
26.673 ,171,565.5 
26.677 ,172,570.2 
26.680 ,173,554.5 
26.683 ,174,564.0 
26.687 ,175,535.2 
26.690 ,176,541.1 
26.693 ,177,547.6 
26.697 ,178,550.0 
26.700 ,179,551.6 
26.703 ,180,559.3 
26.707 ,181,549.7 
26.710 ,182,559.8 
26.713 ,183,537.8 
26.717 ,184,554.4 
26.720 ,185,549.8 
26.723 ,186,556.1 
26.727 ,187,557.3 
26.730 ,188,565.1 
26.733 ,189,570.5 
26.737 ,190,576.6 
26.740 ,191,571.2 
26.743 ,192,575.1 
26.747 ,193,573.4 
26.750 ,194,576.7 
26.753 ,195,572.7 
26.757 ,196,571.2 
26.760 ,197,574.8 
26.763 ,198,567.6 
26.767 ,199,558.6 
26.770 ,200,571.5 
26.773 ,201,569.8 
26.777 ,202,570.2 
26.780 ,203,564.5 
26.783 ,204,559.7 
26.787 ,205,543.0 
26.790 ,206,553.0 
26.793 ,207,552.8 
26.797 ,208,555.9 
26.800 ,209,572.6 
26.803 ,210,578.2 
26.807 ,211,566.9 
26.810 ,212,559.0 
26.813 ,213,556.4 
26.817 ,214,546.7 
26.820 ,215,553.0 
26.823 ,216,567.1 
26.827 ,217,567.7 
26.830 ,218,562.2 
26.833 ,219,543.4 
26.837 ,220,544.2 
26.840 ,221,528.5 
26.843 ,222,538.2 
26.847 ,223,547.0 
26.850 ,224,536.3 
26.853 ,225,530.6 
26.857 ,226,538.4 
26.860 ,227,536.4 
26.863 ,228,535.2 
26.867 ,229,529.2 
26.870 ,230,526.3 
26.873 ,231,518.2 
26.877 ,232,540.1 
26.880 ,233,540.1 
26.883 ,234,528.4 
26.887 ,235,545.6 
26.890 ,236,535.9 
,,
26.910 ,248,542.0 
26.913 ,249,556.1 
26.917 ,250,561.1 
26.920 ,251,559.3 
26.923 ,252,556.8 
26.927 ,253,553.1 
26.930 ,254,554.7 
26.933 ,255,556.6 
26.937 ,256,567.8 
26.940 ,257,563.9 
26.943 ,258,570.4 
26.947 ,259,562.2 
26.950 ,260,563.8 
26.953 ,261,561.6 
26.957 ,262,559.1 
26.960 ,263,564.5 
26.963 ,264,569.2 
26.967 ,265,566.5 
26.970 ,266,573.0 
26.973 ,267,560.1 
26.977 ,268,573.3 
26.980 ,269,570.2 
26.983 ,270,563.1 
26.987 ,271,567.1 
26.990 ,272,554.0 
26.993 ,273,552.3 
26.997 ,274,554.5 
27.000 ,275,562.5 
27.003 ,276,556.1 
27.007 ,277,560.7 
27.010 ,278,571.4 
27.013 ,279,556.4 
27.017 ,280,562.9 
27.020 ,281,560.3 
27.023 ,282,578.7 
27.027 ,283,582.8 
27.030 ,284,579.8 
27.033 ,285,544.7 
27.037 ,286,532.5 
27.040 ,287,537.1 
27.043 ,288,543.5 
27.047 ,289,542.7 
27.050 ,290,554.1 
27.053 ,291,563.1 
27.057 ,292,555.3 
27.060 ,293,556.7 
27.063 ,294,547.5 
27.067 ,295,548.1 
27.070 ,296,555.8 
27.073 ,297,563.9 
27.077 ,298,552.6 
27.080 ,299,566.9 
27.083 ,300,569.5 
27.087 ,301,584.3 
27.090 ,302,560.8 
27.093 ,303,563.4 
27.097 ,304,567.1 
27.100 ,305,565.4 
27.103 ,306,581.2 
27.107 ,307,576.0 
27.110 ,308,565.4 
27.113 ,309,566.9 
27.117 ,310,561.1 
27.120 ,311,567.5 
27.123 ,312,556.1 
27.127 ,313,548.0 
27.130 ,314,571.4 
27.133 ,315,566.9 
27.137 ,316,566.4 
27.140 ,317,564.0 
27.143 ,318,580.1 
27.147 ,319,573.8 
27.150 ,320,571.0 
27.153 ,321,572.0 
27.157 ,322,563.0 
27.160 ,323,577.8 
27.163 ,324,555.2 
27.167 ,325,568.3 
27.170 ,326,567.3 
27.173 ,327,561.2 
27.177 ,328,560.5 
27.180 ,329,562.4 
27.183 ,330,565.7 
27.187 ,331,569.0 
27.190 ,332,565.8 
27.193 ,333,573.9 
27.197 ,334,568.3 
27.200 ,335,558.7 
27.203 ,336,553.3 
27.207 ,337,531.4 
27.210 ,338,536.7 
27.213 ,339,544.7 
27.217 ,340,539.5 
27.220 ,341,542.3 
27.223 ,342,527.9 
27.227 ,343,540.3 
27.230 ,344,524.7 
27.233 ,345,539.3 
27.237 ,346,542.1 
27.240 ,347,530.2 
27.243 ,348,539.8 
27.247 ,349,539.5 
27.250 ,350,538.8 
27.253 ,351,533.1 
27.257 ,352,544.2 
27.260 ,353,528.7 
27.263 ,354,551.3 
27.267 ,355,534.7 
27.270 ,356,539.6 
27.273 ,357,539.8 
27.277 ,358,538.3 
27.280 ,359,552.6 
27.283 ,360,546.9 
27.287 ,361,541.9 
,,
27.300 ,372,532.3 
27.303 ,373,534.4 
27.307 ,374,530.3 
27.310 ,375,540.4 
27.313 ,376,537.4 
27.317 ,377,536.9 
27.320 ,378,536.0 
27.323 ,379,545.6 
27.327 ,380,530.3 
27.330 ,381,532.9 
27.333 ,382,543.3 
27.337 ,383,549.8 
27.340 ,384,524.4 
27.343 ,385,532.5 
27.347 ,386,527.1 
27.350 ,387,518.3 
27.353 ,388,523.4 
27.357 ,389,527.2 
27.360 ,390,539.6 
27.363 ,391,522.3 
27.367 ,392,525.2 
27.370 ,393,522.3 
27.373 ,394,533.2 
27.377 ,395,557.5 
27.380 ,396,556.7 
27.383 ,397,560.5 
27.387 ,398,544.5 
27.390 ,399,548.9 
27.393 ,400,551.5 
27.397 ,401,551.8 
27.400 ,402,552.7 
27.403 ,403,553.2 
27.407 ,404,556.7 
27.410 ,405,549.4 
27.413 ,406,554.6 
27.417 ,407,567.5 
27.420 ,408,552.8 
27.423 ,409,564.0 
27.427 ,410,556.1 
27.430 ,411,548.8 
27.433 ,412,551.0 
27.437 ,413,547.5 
27.440 ,414,553.0 
27.443 ,415,549.2 
27.447 ,416,552.5 
27.450 ,417,543.1 
27.453 ,418,539.2 
27.457 ,419,544.9 
27.460 ,420,548.8 
27.463 ,421,567.1 
27.467 ,422,563.5 
27.470 ,423,555.5 
27.473 ,424,566.1 
27.477 ,425,560.4 
27.480 ,426,554.2 
27.483 ,427,563.5 
27.487 ,428,573.5 
27.490 ,429,558.9 
27.493 ,430,572.6 
27.497 ,431,567.1 
27.500 ,432,562.1 
27.503 ,433,562.4 
27.507 ,434,564.3 
27.510 ,435,564.8 
27.513 ,436,557.6 
27.517 ,437,558.8 
27.520 ,438,557.7 
27.523 ,439,553.6 
27.527 ,440,544.0 
27.530 ,441,547.0 
27.533 ,442,549.0 
27.537 ,443,547.4 
27.540 ,444,551.6 
27.543 ,445,548.6 
27.547 ,446,541.3 
27.550 ,447,552.1 
27.553 ,448,549.8 
27.557 ,449,562.0 
27.560 ,450,562.6 
27.563 ,451,566.4 
27.567 ,452,562.9 
27.570 ,453,556.7 
27.573 ,454,559.1 
27.577 ,455,551.1 
27.580 ,456,541.4 
27.583 ,457,558.6 
27.587 ,458,544.1 
27.590 ,459,558.3 
27.593 ,460,561.9 
27.597 ,461,566.9 
27.600 ,462,562.9 
,,
27.617 ,1,556.9 
27.620 ,2,557.6 
27.623 ,3,563.7 
27.627 ,4,562.6 
27.630 ,5,554.4 
27.633 ,6,561.0 
27.637 ,7,553.0 
27.640 ,8,551.6 
27.643 ,9,552.6 
27.647 ,10,545.4 
27.650 ,11,555.1 
27.653 ,12,543.5 
27.657 ,13,550.7 
27.660 ,14,556.9 
27.663 ,15,549.1 
27.667 ,16,535.9 
27.670 ,17,543.8 
27.673 ,18,559.3 
27.677 ,19,552.7 
27.680 ,20,550.6 
27.683 ,21,559.9 
27.687 ,22,559.5 
27.690 ,23,563.4 
27.693 ,24,562.9 
27.697 ,25,557.5 
27.700 ,26,543.3 
27.703 ,27,538.5 
27.707 ,28,545.0 
27.710 ,29,542.5 
27.713 ,30,544.3 
27.717 ,31,551.7 
27.720 ,32,551.0 
27.723 ,33,552.3 
27.727 ,34,559.9 
27.730 ,35,561.8 
27.733 ,36,546.8 
27.737 ,37,551.6 
27.740 ,38,543.3 
27.743 ,39,542.8 
27.747 ,40,556.5 
27.750 ,41,548.7 
27.753 ,42,553.0 
27.757 ,43,554.6 
27.760 ,44,549.7 
27.763 ,45,562.8 
27.767 ,46,546.2 
27.770 ,47,549.3 
27.773 ,48,556.7 
27.777 ,49,568.8 
27.780 ,50,562.0 
27.783 ,51,556.3 
27.787 ,52,558.7 
27.790 ,53,554.3 
27.793 ,54,547.1 
27.797 ,55,552.9 
27.800 ,56,560.2 
27.803 ,57,552.6 
27.807 ,58,548.5 
27.810 ,59,540.1 
27.813 ,60,558.9 
27.817 ,61,556.3 
27.820 ,62,562.6 
27.823 ,63,569.7 
27.827 ,64,559.1 
27.830 ,65,552.4 
27.833 ,66,551.6 
27.837 ,67,554.3 
27.840 ,68,560.2 
27.843 ,69,553.4 
27.847 ,70,550.3 
27.850 ,71,544.1 
27.853 ,72,546.7 
27.857 ,73,545.8 
27.860 ,74,550.6 
27.863 ,75,549.6 
27.867 ,76,558.0 
27.870 ,77,564.9 
27.873 ,78,558.5 
27.877 ,79,566.8 
27.880 ,80,548.4 
27.883 ,81,549.4 
27.887 ,82,555.9 
27.890 ,83,564.6 
27.893 ,84,560.9 
27.897 ,85,560.9 
27.900 ,86,555.0 
27.903 ,87,548.8 
27.907 ,88,557.9 
27.910 ,89,548.3 
27.913 ,90,549.2 
27.917 ,91,554.5 
27.920 ,92,564.9 
27.923 ,93,558.4 
27.927 ,94,565.9 
27.930 ,95,569.4 
27.933 ,96,550.2 
27.937 ,97,546.4 
27.940 ,98,554.3 
27.943 ,99,539.8 
27.947 ,100,559.3 
27.950 ,101,552.6 
27.953 ,102,548.1 
27.957 ,103,547.0 
27.960 ,104,552.2 
27.963 ,105,559.5 
27.967 ,106,564.9 
27.970 ,107,554.1 
27.973 ,108,559.4 
27.977 ,109,570.7 
27.980 ,110,566.6 
27.983 ,111,571.6 
27.987 ,112,564.9 
27.990 ,113,571.7 
27.993 ,114,575.1 
27.997 ,115,571.1 
28.000 ,116,569.7 
28.003 ,117,549.8 
28.007 ,118,558.2 
28.010 ,119,572.4 
28.013 ,120,563.0 
28.017 ,121,558.1 
28.020 ,122,562.4 
28.023 ,123,566.5 
28.027 ,124,563.8 
28.030 ,125,572.8 
28.033 ,126,572.1 
28.037 ,127,560.9 
28.040 ,128,563.0 
28.043 ,129,577.2 
28.047 ,130,565.3 
28.050 ,131,558.7 
28.053 ,132,554.9 
28.057 ,133,555.1 
28.060 ,134,551.0 
28.063 ,135,555.9 
28.067 ,136,546.4 
28.070 ,137,534.7 
28.073 ,138,552.9 
28.077 ,139,549.6 
28.080 ,140,552.5 
28.083 ,141,545.0 
28.087 ,142,539.8 
28.090 ,143,544.1 
28.093 ,144,543.1 
,,
28.120 ,149,552.1 
28.123 ,150,559.5 
28.127 ,151,559.7 
28.130 ,152,561.0 
28.133 ,153,560.7 
28.137 ,154,556.4 
28.140 ,155,554.5 
28.143 ,156,560.0 
28.147 ,157,554.2 
28.150 ,158,558.8 
28.153 ,159,555.5 
28.157 ,160,556.1 
28.160 ,161,564.6 
28.163 ,162,556.9 
28.167 ,163,555.9 
28.170 ,164,556.7 
28.173 ,165,569.7 
28.177 ,166,557.2 
28.180 ,167,562.8 
28.183 ,168,563.0 
28.187 ,169,556.1 
28.190 ,170,548.3 
28.193 ,171,549.9 
28.197 ,172,556.2 
28.200 ,173,557.4 
28.203 ,174,549.6 
28.207 ,175,547.6 
28.210 ,176,560.0 
28.213 ,177,559.9 
28.217 ,178,555.5 
28.220 ,179,550.4 
28.223 ,180,546.0 
28.227 ,181,545.5 
28.230 ,182,555.2 
28.233 ,183,557.5 
28.237 ,184,543.1 
28.240 ,185,555.8 
28.243 ,186,546.1 
28.247 ,187,546.3 
28.250 ,188,547.8 
28.253 ,189,569.4 
28.257 ,190,566.2 
28.260 ,191,559.1 
28.263 ,192,559.3 
28.267 ,193,538.9 
28.270 ,194,556.2 
28.273 ,195,557.7 
28.277 ,196,552.1 
28.280 ,197,544.9 
28.283 ,198,574.0 
28.287 ,199,578.5 
28.290 ,200,571.8 
28.293 ,201,577.9 
28.297 ,202,572.5 
28.300 ,203,579.8 
28.303 ,204,587.3 
28.307 ,205,564.8 
28.310 ,206,562.2 
28.313 ,207,561.8 
28.317 ,208,567.6 
28.320 ,209,562.4 
28.323 ,210,563.6 
28.327 ,211,570.4 
28.330 ,212,558.1 
28.333 ,213,571.8 
28.337 ,214,561.0 
28.340 ,215,552.4 
28.343 ,216,568.5 
28.347 ,217,547.3 
28.350 ,218,578.6 
28.353 ,219,574.1 
28.357 ,220,572.9 
28.360 ,221,573.2 
28.363 ,222,561.2 
28.367 ,223,563.9 
28.370 ,224,565.7 
28.373 ,225,552.6 
28.377 ,226,558.9 
28.380 ,227,550.6 
28.383 ,228,552.2 
28.387 ,229,566.4 
28.390 ,230,549.4 
28.393 ,231,559.5 
28.397 ,232,559.5 
28.400 ,233,556.1 
28.403 ,234,555.4 
28.407 ,235,564.4 
28.410 ,236,565.3 
28.413 ,237,558.1 
28.417 ,238,555.6 
28.420 ,239,568.4 
28.423 ,240,564.4 
28.427 ,241,553.7 
28.430 ,242,562.8 
28.433 ,243,560.7 
28.437 ,244,573.9 
28.440 ,245,569.1 
28.443 ,246,556.8 
28.447 ,247,556.3 
28.450 ,248,566.6 
28.453 ,249,561.7 
28.457 ,250,567.7 
28.460 ,251,556.2 
28.463 ,252,559.4 
28.467 ,253,559.1 
28.470 ,254,557.2 
28.473 ,255,559.0 
28.477 ,256,565.2 
28.480 ,257,566.8 
28.483 ,258,565.3 
28.487 ,259,570.2 
28.490 ,260,562.4 
28.493 ,261,557.1 
28.497 ,262,570.2 
28.500 ,263,561.0 
28.503 ,264,557.7 
28.507 ,265,553.2 
28.510 ,266,567.8 
28.513 ,267,577.8 
28.517 ,268,566.1 
28.520 ,269,562.8 
28.523 ,270,576.4 
28.527 ,271,572.5 
28.530 ,272,569.0 
28.533 ,273,573.8 
28.537 ,274,574.8 
28.540 ,275,570.3 
28.543 ,276,568.1 
28.547 ,277,567.0 
28.550 ,278,574.9 
28.553 ,279,583.1 
28.557 ,280,575.5 
28.560 ,281,579.2 
28.563 ,282,576.4 
28.567 ,283,587.9 
28.570 ,284,571.9 
28.573 ,285,580.7 
28.577 ,286,581.4 
28.580 ,287,569.3 
28.583 ,288,563.0 
28.587 ,289,574.2 
28.590 ,290,565.3 
28.593 ,291,574.4 
28.597 ,292,568.1 
28.600 ,293,557.7 
28.603 ,294,547.1 
,,
28.623 ,302,565.4 
28.627 ,303,562.8 
28.630 ,304,574.5 
28.633 ,305,571.4 
28.637 ,306,564.0 
28.640 ,307,566.5 
28.643 ,308,572.3 
28.647 ,309,568.7 
28.650 ,310,569.2 
28.653 ,311,567.3 
28.657 ,312,565.5 
28.660 ,313,571.2 
28.663 ,314,554.6 
28.667 ,315,563.4 
28.670 ,316,571.0 
28.673 ,317,559.0 
28.677 ,318,547.8 
28.680 ,319,557.6 
28.683 ,320,555.1 
28.687 ,321,560.0 
28.690 ,322,549.8 
28.693 ,323,551.5 
28.697 ,324,555.5 
28.700 ,325,553.1 
28.703 ,326,567.0 
28.707 ,327,576.0 
28.710 ,328,561.9 
28.713 ,329,565.0 
28.717 ,330,560.0 
28.720 ,331,576.4 
28.723 ,332,565.1 
28.727 ,333,569.4 
28.730 ,334,575.6 
28.733 ,335,567.0 
28.737 ,336,580.2 
28.740 ,337,571.4 
28.743 ,338,566.1 
28.747 ,339,584.4 
28.750 ,340,569.7 
28.753 ,341,582.5 
28.757 ,342,594.1 
28.760 ,343,577.7 
28.763 ,344,575.8 
28.767 ,345,583.1 
28.770 ,346,586.6 
28.773 ,347,576.2 
28.777 ,348,587.3 
28.780 ,349,577.6 
28.783 ,350,573.0 
,,
28.800 ,353,568.9 
28.803 ,354,573.5 
28.807 ,355,559.5 
28.810 ,356,566.8 
28.813 ,357,554.5 
28.817 ,358,568.0 
28.820 ,359,557.2 
28.823 ,360,567.9 
28.827 ,361,563.4 
28.830 ,362,576.4 
28.833 ,363,572.4 
28.837 ,364,575.0 
28.840 ,365,578.9 
28.843 ,366,583.1 
28.847 ,367,573.9 
28.850 ,368,579.4 
28.853 ,369,562.1 
28.857 ,370,574.0 
28.860 ,371,566.1 
28.863 ,372,588.1 
28.867 ,373,585.8 
28.870 ,374,575.0 
28.873 ,375,584.2 
28.877 ,376,575.6 
28.880 ,377,585.8 
28.883 ,378,583.3 
28.887 ,379,573.0 
28.890 ,380,582.2 
28.893 ,381,589.7 
28.897 ,382,574.8 
28.900 ,383,576.9 
28.903 ,384,582.2 
28.907 ,385,579.3 
28.910 ,386,585.7 
28.913 ,387,575.8 
28.917 ,388,576.8 
28.920 ,389,577.6 
28.923 ,390,582.1 
28.927 ,391,578.5 
28.930 ,392,576.6 
28.933 ,393,569.8 
28.937 ,394,577.8 
28.940 ,395,588.7 
28.943 ,396,585.5 
28.947 ,397,580.5 
28.950 ,398,579.5 
28.953 ,399,571.9 
28.957 ,400,573.4 
28.960 ,401,577.7 
28.963 ,402,582.0 
28.967 ,403,577.2 
28.970 ,404,589.0 
28.973 ,405,578.1 
28.977 ,406,578.0 
28.980 ,407,575.4 
28.983 ,408,587.5 
28.987 ,409,577.9 
28.990 ,410,571.6 
28.993 ,411,555.0 
28.997 ,412,556.8 
29.000 ,413,551.0 
29.003 ,414,545.2 
29.007 ,415,548.6 
29.010 ,416,546.0 
29.013 ,417,553.3 
29.017 ,418,547.0 
29.020 ,419,548.8 
29.023 ,420,545.6 
29.027 ,421,551.3 
29.030 ,422,561.6 
29.033 ,423,553.3 
29.037 ,424,557.3 
29.040 ,425,558.3 
29.043 ,426,567.4 
29.047 ,427,576.0 
29.050 ,428,573.1 
29.053 ,429,569.7 
29.057 ,430,561.1 
29.060 ,431,559.1 
29.063 ,432,563.0 
29.067 ,433,543.8 
29.070 ,434,549.9 
29.073 ,435,559.5 
29.077 ,436,553.8 
29.080 ,437,563.3 
29.083 ,438,561.8 
29.087 ,439,557.0 
29.090 ,440,560.8 
29.093 ,441,553.7 
29.097 ,442,561.8 
29.100 ,443,565.9 
29.103 ,444,566.6 
29.107 ,445,555.3 
29.110 ,446,546.7 
29.113 ,447,558.3 
29.117 ,448,545.6 
29.120 ,449,544.4 
29.123 ,450,539.5 
29.127 ,451,529.0 
29.130 ,452,545.7 
29.133 ,453,547.0 
29.137 ,454,549.2 
29.140 ,455,563.7 
29.143 ,456,571.7 
29.147 ,457,557.6 
29.150 ,458,547.8 
29.153 ,459,543.7 
29.157 ,460,555.0 
29.160 ,461,556.7 
29.163 ,462,545.9 
29.167 ,463,555.9 
29.170 ,464,555.5 
29.173 ,465,558.2 
29.177 ,466,560.5 
29.180 ,467,558.6 
29.183 ,468,567.7 
29.187 ,469,558.0 
29.190 ,470,555.7 
29.193 ,471,556.9 
29.197 ,472,555.3 
29.200 ,473,571.6 
29.203 ,474,577.5 
29.207 ,475,581.4 
29.210 ,476,583.0 
29.213 ,477,569.4 
29.217 ,478,589.7 
29.220 ,479,582.4 
29.223 ,480,577.1 
29.227 ,481,574.1 
29.230 ,482,568.4 
29.233 ,483,577.3 
29.237 ,484,586.6 
29.240 ,485,576.4 
29.243 ,486,581.4 
29.247 ,487,582.6 
29.250 ,488,580.2 
,,
29.293 ,1,568.4 
29.297 ,2,562.0 
29.300 ,3,562.6 
29.303 ,4,567.6 
29.307 ,5,554.1 
29.310 ,6,567.0 
29.313 ,7,570.8 
29.317 ,8,573.2 
29.320 ,9,577.6 
29.323 ,10,569.0 
29.327 ,11,579.0 
29.330 ,12,573.9 
29.333 ,13,567.4 
29.337 ,14,558.9 
29.340 ,15,565.5 
29.343 ,16,579.4 
29.347 ,17,571.0 
29.350 ,18,568.6 
29.353 ,19,575.4 
29.357 ,20,579.4 
29.360 ,21,580.3 
29.363 ,22,575.0 
29.367 ,23,577.5 
29.370 ,24,576.1 
29.373 ,25,569.6 
29.377 ,26,575.6 
29.380 ,27,573.2 
29.383 ,28,578.3 
29.387 ,29,576.0 
29.390 ,30,585.3 
29.393 ,31,579.5 
29.397 ,32,573.9 
29.400 ,33,580.9 
29.403 ,34,574.0 
29.407 ,35,568.6 
29.410 ,36,579.6 
29.413 ,37,577.2 
29.417 ,38,561.2 
29.420 ,39,573.1 
29.423 ,40,577.7 
29.427 ,41,570.2 
29.430 ,42,570.7 
29.433 ,43,584.5 
29.437 ,44,574.4 
29.440 ,45,569.4 
29.443 ,46,574.3 
29.447 ,47,583.3 
29.450 ,48,570.9 
29.453 ,49,583.1 
29.457 ,50,582.6 
29.460 ,51,582.0 
29.463 ,52,586.7 
29.467 ,53,571.5 
29.470 ,54,571.3 
29.473 ,55,570.4 
29.477 ,56,553.8 
29.480 ,57,552.1 
29.483 ,58,549.0 
29.487 ,59,541.3 
29.490 ,60,553.6 
29.493 ,61,553.9 
29.497 ,62,553.8 
29.500 ,63,538.0 
29.503 ,64,550.8 
29.507 ,65,560.0 
29.510 ,66,540.7 
29.513 ,67,548.0 
29.517 ,68,558.0 
29.520 ,69,553.5 
29.523 ,70,547.8 
29.527 ,71,565.6 
29.530 ,72,570.2 
29.533 ,73,570.7 
29.537 ,74,568.4 
29.540 ,75,564.0 
29.543 ,76,558.7 
29.547 ,77,553.8 
29.550 ,78,559.3 
29.553 ,79,563.8 
29.557 ,80,554.5 
29.560 ,81,552.8 
29.563 ,82,561.7 
29.567 ,83,558.6 
29.570 ,84,543.9 
29.573 ,85,562.3 
29.577 ,86,553.8 
29.580 ,87,560.8 
29.583 ,88,556.4 
29.587 ,89,550.6 
29.590 ,90,559.0 
29.593 ,91,563.9 
29.597 ,92,540.5 
29.600 ,93,539.9 
29.603 ,94,532.0 
29.607 ,95,528.6 
29.610 ,96,554.3 
29.613 ,97,554.8 
29.617 ,98,539.2 
29.620 ,99,559.6 
29.623 ,100,567.8 
29.627 ,101,568.4 
29.630 ,102,551.7 
29.633 ,103,560.4 
29.637 ,104,548.1 
29.640 ,105,554.7 
29.643 ,106,562.5 
29.647 ,107,547.9 
29.650 ,108,562.6 
29.653 ,109,560.8 
29.657 ,110,578.1 
29.660 ,111,556.5 
29.663 ,112,560.5 
29.667 ,113,555.2 
29.670 ,114,564.3 
29.673 ,115,565.1 
29.677 ,116,559.7 
29.680 ,117,568.5 
29.683 ,118,571.0 
29.687 ,119,563.5 
29.690 ,120,574.6 
29.693 ,121,577.7 
29.697 ,122,585.6 
29.700 ,123,578.5 
29.703 ,124,580.8 
29.707 ,125,573.9 
29.710 ,126,575.2 
29.713 ,127,571.1 
29.717 ,128,577.9 
29.720 ,129,586.1 
29.723 ,130,582.0 
29.727 ,131,588.4 
29.730 ,132,596.7 
29.733 ,133,576.0 
29.737 ,134,585.7 
29.740 ,135,581.3 
29.743 ,136,581.4 
29.747 ,137,588.2 
29.750 ,138,584.3 
29.753 ,139,577.5 
29.757 ,140,586.4 
29.760 ,141,590.0 
29.763 ,142,588.6 
29.767 ,143,585.4 
29.770 ,144,596.0 
29.773 ,145,579.5 
,,
29.803 ,151,580.0 
29.807 ,152,585.1 
29.810 ,153,584.5 
29.813 ,154,595.3 
29.817 ,155,588.7 
29.820 ,156,585.5 
29.823 ,157,585.1 
29.827 ,158,577.9 
29.830 ,159,566.6 
29.833 ,160,558.7 
29.837 ,161,557.0 
29.840 ,162,566.9 
29.843 ,163,561.6 
29.847 ,164,558.2 
29.850 ,165,560.8 
29.853 ,166,547.6 
29.857 ,167,559.0 
29.860 ,168,553.7 
29.863 ,169,543.8 
29.867 ,170,555.8 
29.870 ,171,554.1 
29.873 ,172,565.6 
29.877 ,173,557.8 
29.880 ,174,557.2 
29.883 ,175,557.6 
29.887 ,176,551.2 
29.890 ,177,557.6 
29.893 ,178,553.5 
29.897 ,179,578.7 
29.900 ,180,567.0 
29.903 ,181,570.8 
29.907 ,182,578.8 
29.910 ,183,564.8 
29.913 ,184,561.6 
29.917 ,185,564.5 
29.920 ,186,560.2 
29.923 ,187,567.4 
29.927 ,188,558.0 
29.930 ,189,558.8 
29.933 ,190,564.5 
29.937 ,191,560.6 
29.940 ,192,572.5 
29.943 ,193,567.1 
29.947 ,194,559.9 
29.950 ,195,557.8 
29.953 ,196,564.9 
29.957 ,197,556.2 
29.960 ,198,550.9 
29.963 ,199,551.8 
29.967 ,200,551.6 
29.970 ,201,549.1 
29.973 ,202,568.4 
29.977 ,203,571.1 
29.980 ,204,562.4 
29.983 ,205,571.5 
29.987 ,206,554.3 
29.990 ,207,568.5 
29.993 ,208,562.9 
29.997 ,209,549.9 
30.000 ,210,558.2 
30.003 ,211,555.7 
30.007 ,212,565.7 
30.010 ,213,565.8 
30.013 ,214,558.4 
30.017 ,215,555.8 
30.020 ,216,566.8 
30.023 ,217,556.2 
30.027 ,218,566.0 
,,
30.033 ,5,555.5 
30.037 ,6,573.4 
30.040 ,7,571.4 
30.043 ,8,571.4 
30.047 ,9,568.9 
30.050 ,10,563.9 
30.053 ,11,562.3 
30.057 ,12,562.8 
30.060 ,13,548.4 
30.063 ,14,554.7 
30.067 ,15,566.5 
30.070 ,16,570.4 
30.073 ,17,545.4 
30.077 ,18,551.2 
30.080 ,19,550.3 
30.083 ,20,549.9 
30.087 ,21,552.8 
30.090 ,22,544.8 
30.093 ,23,550.9 
30.097 ,24,551.8 
30.100 ,25,540.9 
30.103 ,26,547.6 
30.107 ,27,545.8 
30.110 ,28,550.2 
30.113 ,29,555.7 
30.117 ,30,538.1 
30.120 ,31,552.5 
30.123 ,32,547.1 
30.127 ,33,553.7 
30.130 ,34,533.7 
30.133 ,35,548.9 
30.137 ,36,541.8 
30.140 ,37,551.4 
30.143 ,38,561.3 
30.147 ,39,554.1 
30.150 ,40,569.8 
30.153 ,41,562.1 
30.157 ,42,566.6 
30.160 ,43,566.0 
30.163 ,44,566.3 
30.167 ,45,563.4 
30.170 ,46,558.4 
30.173 ,47,553.7 
30.177 ,48,560.0 
30.180 ,49,572.0 
30.183 ,50,548.2 
30.187 ,51,560.6 
30.190 ,52,548.5 
30.193 ,53,546.3 
30.197 ,54,558.4 
30.200 ,55,557.2 
30.203 ,56,562.1 
30.207 ,57,556.3 
30.210 ,58,555.6 
30.213 ,59,552.4 
30.217 ,60,555.2 
30.220 ,61,551.6 
30.223 ,62,567.8 
30.227 ,63,568.2 
30.230 ,64,556.1 
30.233 ,65,551.8 
30.237 ,66,558.9 
30.240 ,67,555.8 
30.243 ,68,568.1 
30.247 ,69,562.9 
30.250 ,70,548.8 
30.253 ,71,557.0 
30.257 ,72,555.1 
30.260 ,73,570.4 
30.263 ,74,555.8 
30.267 ,75,558.4 
30.270 ,76,562.4 
30.273 ,77,560.6 
30.277 ,78,560.0 
30.280 ,79,568.9 
30.283 ,80,559.5 
30.287 ,81,550.9 
30.290 ,82,574.7 
30.293 ,83,591.7 
30.297 ,84,578.3 
30.300 ,85,590.1 
30.303 ,86,556.9 
30.307 ,87,571.6 
30.310 ,88,566.5 
30.313 ,89,560.6 
30.317 ,90,563.4 
30.320 ,91,558.1 
30.323 ,92,563.8 
30.327 ,93,567.9 
30.330 ,94,562.1 
30.333 ,95,560.2 
30.337 ,96,558.8 
30.340 ,97,551.5 
30.343 ,98,560.5 
30.347 ,99,559.3 
30.350 ,100,549.1 
30.353 ,101,559.4 
30.357 ,102,568.0 
30.360 ,103,564.7 
30.363 ,104,565.1 
30.367 ,105,552.3 
30.370 ,106,554.6 
30.373 ,107,561.3 
30.377 ,108,556.8 
30.380 ,109,566.1 
30.383 ,110,567.3 
30.387 ,111,571.2 
30.390 ,112,572.3 
30.393 ,113,584.9 
30.397 ,114,556.3 
30.400 ,115,565.5 
30.403 ,116,562.6 
30.407 ,117,558.4 
30.410 ,118,552.9 
30.413 ,119,553.9 
30.417 ,120,553.0 
30.420 ,121,562.7 
30.423 ,122,582.4 
30.427 ,123,575.2 
30.430 ,124,577.3 
30.433 ,125,575.6 
30.437 ,126,576.7 
30.440 ,127,573.0 
30.443 ,128,553.0 
30.447 ,129,551.9 
30.450 ,130,544.3 
30.453 ,131,552.1 
30.457 ,132,548.9 
30.460 ,133,545.1 
30.463 ,134,552.2 
30.467 ,135,559.3 
30.470 ,136,549.7 
30.473 ,137,541.1 
30.477 ,138,549.7 
30.480 ,139,556.0 
30.483 ,140,555.3 
30.487 ,141,561.0 
30.490 ,142,558.0 
30.493 ,143,560.7 
30.497 ,144,556.1 
30.500 ,145,571.2 
30.503 ,146,566.9 
30.507 ,147,567.1 
30.510 ,148,575.5 
30.513 ,149,561.5 
30.517 ,150,550.3 
,,
30.533 ,155,538.8 
30.537 ,156,541.7 
30.540 ,157,555.9 
30.543 ,158,555.6 
30.547 ,159,542.9 
30.550 ,160,552.3 
30.553 ,161,551.9 
30.557 ,162,558.2 
30.560 ,163,557.7 
30.563 ,164,552.5 
30.567 ,165,547.2 
30.570 ,166,550.1 
30.573 ,167,551.4 
30.577 ,168,559.5 
30.580 ,169,559.7 
30.583 ,170,570.8 
30.587 ,171,556.1 
30.590 ,172,565.7 
30.593 ,173,566.3 
30.597 ,174,569.6 
30.600 ,175,570.8 
30.603 ,176,574.1 
30.607 ,177,576.1 
30.610 ,178,570.4 
30.613 ,179,578.6 
30.617 ,180,577.3 
30.620 ,181,572.4 
30.623 ,182,584.2 
30.627 ,183,575.9 
30.630 ,184,578.6 
30.633 ,185,583.4 
30.637 ,186,588.8 
30.640 ,187,586.2 
30.643 ,188,595.9 
30.647 ,189,595.3 
30.650 ,190,591.1 
30.653 ,191,580.9 
30.657 ,192,590.6 
30.660 ,193,580.7 
30.663 ,194,572.8 
30.667 ,195,574.2 
30.670 ,196,566.0 
30.673 ,197,557.8 
30.677 ,198,569.8 
30.680 ,199,560.1 
30.683 ,200,574.1 
30.687 ,201,560.8 
30.690 ,202,568.3 
30.693 ,203,573.0 
30.697 ,204,567.5 
30.700 ,205,562.5 
30.703 ,206,566.5 
30.707 ,207,574.6 
30.710 ,208,569.2 
30.713 ,209,576.3 
30.717 ,210,569.4 
30.720 ,211,584.2 
30.723 ,212,586.7 
30.727 ,213,596.3 
30.730 ,214,581.9 
30.733 ,215,572.2 
30.737 ,216,579.0 
30.740 ,217,575.9 
30.743 ,218,580.5 
30.747 ,219,579.0 
30.750 ,220,582.6 
30.753 ,221,574.8 
30.757 ,222,579.0 
30.760 ,223,570.5 
30.763 ,224,580.2 
30.767 ,225,569.6 
30.770 ,226,571.1 
30.773 ,227,578.6 
30.777 ,228,571.5 
30.780 ,229,569.9 
30.783 ,230,583.0 
30.787 ,231,570.9 
30.790 ,232,561.8 
30.793 ,233,570.5 
30.797 ,234,571.9 
30.800 ,235,570.1 
30.803 ,236,578.3 
30.807 ,237,581.2 
30.810 ,238,596.1 
30.813 ,239,595.5 
30.817 ,240,601.2 
30.820 ,241,581.7 
30.823 ,242,575.5 
30.827 ,243,587.9 
30.830 ,244,569.4 
30.833 ,245,568.4 
30.837 ,246,561.6 
30.840 ,247,574.8 
30.843 ,248,574.8 
30.847 ,249,577.7 
30.850 ,250,572.8 
30.853 ,251,580.4 
30.857 ,252,583.1 
30.860 ,253,579.4 
30.863 ,254,577.5 
30.867 ,255,579.8 
30.870 ,256,581.4 
30.873 ,257,587.5 
30.877 ,258,584.3 
30.880 ,259,584.4 
30.883 ,260,580.2 
30.887 ,261,576.5 
30.890 ,262,583.6 
30.893 ,263,563.0 
30.897 ,264,574.5 
30.900 ,265,569.9 
30.903 ,266,577.9 
30.907 ,267,580.4 
30.910 ,268,565.2 
30.913 ,269,571.7 
30.917 ,270,578.1 
30.920 ,271,576.3 
30.923 ,272,572.4 
30.927 ,273,572.6 
30.930 ,274,566.2 
30.933 ,275,572.4 
30.937 ,276,569.4 
30.940 ,277,580.7 
30.943 ,278,578.8 
30.947 ,279,568.8 
30.950 ,280,579.3 
30.953 ,281,572.0 
30.957 ,282,566.6 
30.960 ,283,569.9 
30.963 ,284,567.6 
30.967 ,285,585.4 
30.970 ,286,568.3 
30.973 ,287,563.5 
,,
30.992 ,6,569.4 
30.995 ,7,584.8 
30.999 ,8,566.1 
31.002 ,9,579.2 
31.005 ,10,582.7 
31.009 ,11,566.5 
31.012 ,12,566.7 
31.015 ,13,565.4 
31.019 ,14,550.6 
31.022 ,15,569.6 
31.025 ,16,578.5 
31.029 ,17,567.2 
31.032 ,18,569.9 
31.035 ,19,583.4 
31.039 ,20,590.0 
31.042 ,21,583.1 
31.045 ,22,582.9 
31.049 ,23,585.4 
31.052 ,24,587.8 
31.055 ,25,587.2 
31.059 ,26,586.5 
31.062 ,27,594.6 
31.065 ,28,584.0 
31.069 ,29,593.2 
31.072 ,30,595.3 
31.075 ,31,583.7 
31.079 ,32,586.1 
31.082 ,33,588.6 
31.085 ,34,580.6 
31.089 ,35,590.9 
31.092 ,36,580.0 
31.095 ,37,573.2 
31.099 ,38,584.2 
31.102 ,39,565.9 
31.105 ,40,573.1 
31.109 ,41,577.9 
31.112 ,42,576.3 
31.115 ,43,584.4 
31.119 ,44,563.0 
31.122 ,45,557.3 
31.125 ,46,558.2 
31.129 ,47,560.8 
31.132 ,48,560.2 
31.135 ,49,567.0 
31.139 ,50,576.0 
31.142 ,51,569.0 
31.145 ,52,563.5 
31.149 ,53,574.5 
31.152 ,54,573.0 
31.155 ,55,582.7 
31.159 ,56,572.6 
31.162 ,57,587.3 
31.165 ,58,567.4 
31.169 ,59,568.6 
31.172 ,60,552.7 
31.175 ,61,557.3 
31.179 ,62,566.1 
31.182 ,63,574.9 
31.185 ,64,579.4 
31.189 ,65,563.5 
31.192 ,66,556.9 
31.195 ,67,559.6 
31.199 ,68,550.3 
31.202 ,69,563.1 
31.205 ,70,559.4 
31.209 ,71,564.9 
31.212 ,72,560.7 
31.215 ,73,561.3 
31.219 ,74,565.5 
31.222 ,75,564.9 
31.225 ,76,571.7 
31.229 ,77,575.5 
31.232 ,78,570.7 
31.235 ,79,569.0 
31.239 ,80,557.9 
31.242 ,81,554.8 
31.245 ,82,565.5 
31.249 ,83,568.8 
31.252 ,84,560.4 
31.255 ,85,572.1 
31.259 ,86,571.6 
31.262 ,87,576.6 
31.265 ,88,557.7 
31.269 ,89,584.0 
31.272 ,90,576.7 
31.275 ,91,572.2 
31.279 ,92,565.3 
31.282 ,93,567.6 
31.285 ,94,579.2 
31.289 ,95,589.4 
31.292 ,96,590.1 
31.295 ,97,592.5 
31.299 ,98,582.5 
31.302 ,99,586.1 
31.305 ,100,598.6 
31.309 ,101,584.4 
31.312 ,102,589.4 
31.315 ,103,600.1 
31.319 ,104,585.7 
31.322 ,105,579.6 
31.325 ,106,586.3 
31.329 ,107,593.1 
31.332 ,108,591.6 
31.335 ,109,586.3 
31.339 ,110,576.8 
31.342 ,111,569.0 
31.345 ,112,579.0 
31.349 ,113,580.3 
31.352 ,114,570.6 
31.355 ,115,576.7 
31.359 ,116,588.7 
31.362 ,117,579.6 
31.365 ,118,579.9 
31.369 ,119,581.7 
31.372 ,120,582.9 
31.375 ,121,575.5 
31.379 ,122,590.8 
31.382 ,123,586.9 
31.385 ,124,587.1 
31.389 ,125,568.6 
31.392 ,126,582.4 
31.395 ,127,584.4 
31.399 ,128,587.5 
31.402 ,129,583.9 
31.405 ,130,585.2 
31.409 ,131,598.4 
31.412 ,132,582.1 
31.415 ,133,592.5 
31.419 ,134,593.0 
31.422 ,135,590.0 
31.425 ,136,581.7 
31.429 ,137,582.9 
31.432 ,138,577.5 
31.435 ,139,572.1 
31.439 ,140,572.3 
31.442 ,141,571.5 
31.445 ,142,587.3 
31.449 ,143,609.6 
31.452 ,144,601.4 
31.455 ,145,602.2 
31.459 ,146,600.6 
31.462 ,147,596.9 
31.465 ,148,579.9 
31.469 ,149,574.4 
31.472 ,150,582.5 
31.475 ,151,582.8 
31.479 ,152,584.8 
31.482 ,153,573.6 
,,
31.495 ,158,585.1 
31.498 ,159,576.4 
31.502 ,160,584.4 
31.505 ,161,576.4 
31.508 ,162,590.4 
31.512 ,163,578.6 
31.515 ,164,585.8 
31.518 ,165,578.6 
31.522 ,166,585.8 
31.525 ,167,573.6 
31.528 ,168,586.1 
31.532 ,169,575.5 
31.535 ,170,583.9 
31.538 ,171,571.0 
31.542 ,172,585.2 
31.545 ,173,558.7 
31.548 ,174,566.5 
31.552 ,175,561.3 
31.555 ,176,564.1 
31.558 ,177,567.7 
31.562 ,178,573.7 
31.565 ,179,576.6 
31.568 ,180,566.2 
31.572 ,181,565.0 
31.575 ,182,564.5 
31.578 ,183,556.5 
31.582 ,184,565.7 
31.585 ,185,563.8 
31.588 ,186,577.7 
31.592 ,187,558.2 
31.595 ,188,562.3 
31.598 ,189,557.9 
31.602 ,190,555.6 
31.605 ,191,563.0 
31.608 ,192,575.7 
31.612 ,193,575.9 
31.615 ,194,584.1 
31.618 ,195,581.7 
31.622 ,196,573.3 
31.625 ,197,570.0 
31.628 ,198,570.6 
31.632 ,199,570.8 
31.635 ,200,577.3 
31.638 ,201,565.7 
31.642 ,202,557.8 
31.645 ,203,562.3 
31.648 ,204,577.2 
31.652 ,205,567.1 
31.655 ,206,564.5 
31.658 ,207,562.6 
31.662 ,208,566.8 
31.665 ,209,568.9 
31.668 ,210,572.3 
31.672 ,211,574.8 
31.675 ,212,583.1 
31.678 ,213,580.9 
31.682 ,214,582.3 
31.685 ,215,569.2 
31.688 ,216,568.8 
31.692 ,217,581.1 
31.695 ,218,576.1 
31.698 ,219,582.3 
31.702 ,220,581.2 
31.705 ,221,584.9 
31.708 ,222,584.6 
31.712 ,223,595.4 
31.715 ,224,583.9 
31.718 ,225,577.3 
31.722 ,226,592.9 
31.725 ,227,578.4 
31.728 ,228,579.0 
31.732 ,229,580.0 
31.735 ,230,583.0 
31.738 ,231,583.1 
31.742 ,232,586.0 
31.745 ,233,581.1 
31.748 ,234,579.0 
31.752 ,235,576.0 
31.755 ,236,584.7 
31.758 ,237,579.2 
31.762 ,238,579.3 
31.765 ,239,579.0 
31.768 ,240,571.4 
31.772 ,241,590.9 
31.775 ,242,574.5 
31.778 ,243,571.4 
31.782 ,244,570.6 
31.785 ,245,562.3 
31.788 ,246,571.1 
31.792 ,247,559.5 
31.795 ,248,550.7 
31.798 ,249,562.3 
31.802 ,250,553.8 
31.805 ,251,557.5 
31.808 ,252,571.2 
31.812 ,253,564.7 
31.815 ,254,552.1 
31.818 ,255,564.9 
31.822 ,256,563.2 
31.825 ,257,562.5 
31.828 ,258,571.9 
31.832 ,259,560.8 
31.835 ,260,562.6 
31.838 ,261,569.5 
31.842 ,262,565.0 
31.845 ,263,555.7 
31.848 ,264,558.8 
31.852 ,265,576.6 
31.855 ,266,567.9 
31.858 ,267,570.7 
31.862 ,268,574.1 
31.865 ,269,581.7 
31.868 ,270,559.2 
31.872 ,271,562.7 
31.875 ,272,563.5 
31.878 ,273,561.5 
31.882 ,274,556.1 
31.885 ,275,574.1 
31.888 ,276,568.4 
31.892 ,277,566.9 
31.895 ,278,568.2 
31.898 ,279,555.0 
31.902 ,280,565.4 
31.905 ,281,557.7 
31.908 ,282,561.1 
31.912 ,283,567.7 
31.915 ,284,573.7 
31.918 ,285,561.7 
31.922 ,286,562.1 
31.925 ,287,563.5 
31.928 ,288,568.2 
31.932 ,289,571.2 
31.935 ,290,578.2 
31.938 ,291,583.3 
31.942 ,292,565.7 
31.945 ,293,560.6 
31.948 ,294,573.3 
31.952 ,295,562.0 
31.955 ,296,571.2 
31.958 ,297,563.1 
31.962 ,298,567.6 
31.965 ,299,559.4 
31.968 ,300,570.8 
31.972 ,301,575.5 
31.975 ,302,568.5 
31.978 ,303,562.1 
31.982 ,304,540.2 
31.980 ,306,545.2 
31.983 ,307,536.0 
31.987 ,308,555.3 
31.990 ,309,549.7 
31.993 ,310,547.4 
31.997 ,311,551.7 
32.000 ,312,553.1 
32.003 ,313,551.1 
32.007 ,314,566.8 
32.010 ,315,561.1 
32.013 ,316,570.8 
32.017 ,317,571.7 
32.020 ,318,563.2 
32.023 ,319,570.5 
32.027 ,320,574.5 
32.030 ,321,570.2 
32.033 ,322,567.2 
32.037 ,323,580.1 
32.040 ,324,580.5 
32.043 ,325,580.1 
32.047 ,326,577.2 
32.050 ,327,573.8 
32.053 ,328,584.4 
32.057 ,329,583.7 
32.060 ,330,579.4 
32.063 ,331,584.1 
32.067 ,332,573.1 
32.070 ,333,574.8 
32.073 ,334,581.5 
32.077 ,335,579.3 
32.080 ,336,584.0 
32.083 ,337,571.6 
32.087 ,338,573.0 
32.090 ,339,576.1 
32.093 ,340,575.6 
32.097 ,341,561.1 
32.100 ,342,573.3 
32.103 ,343,571.1 
32.107 ,344,581.9 
32.110 ,345,578.1 
32.113 ,346,575.7 
32.117 ,347,574.3 
32.120 ,348,567.2 
32.123 ,349,569.4 
32.127 ,350,572.8 
32.130 ,351,563.0 
32.133 ,352,556.5 
32.137 ,353,555.2 
32.140 ,354,549.3 
32.143 ,355,542.9 
32.147 ,356,547.9 
32.150 ,357,553.3 
32.153 ,358,560.5 
32.157 ,359,550.9 
,,
32.170 ,366,552.5 
32.173 ,367,561.7 
32.177 ,368,556.5 
32.180 ,369,561.9 
32.183 ,370,558.7 
32.187 ,371,581.4 
32.190 ,372,584.1 
32.193 ,373,568.0 
32.197 ,374,566.1 
32.200 ,375,567.4 
32.203 ,376,569.7 
32.207 ,377,572.7 
32.210 ,378,572.3 
32.213 ,379,579.0 
32.217 ,380,583.0 
32.220 ,381,592.4 
32.223 ,382,579.7 
32.227 ,383,595.0 
32.230 ,384,584.3 
32.233 ,385,583.6 
32.237 ,386,577.9 
32.240 ,387,576.1 
32.243 ,388,569.6 
32.247 ,389,571.7 
32.250 ,390,579.4 
32.253 ,391,566.7 
32.257 ,392,577.1 
32.260 ,393,573.5 
32.263 ,394,572.2 
32.267 ,395,580.7 
32.270 ,396,587.0 
32.273 ,397,579.8 
32.277 ,398,578.0 
32.280 ,399,574.9 
32.283 ,400,583.4 
32.287 ,401,581.7 
32.290 ,402,584.6 
32.293 ,403,579.8 
32.297 ,404,584.9 
32.300 ,405,580.9 
32.303 ,406,579.0 
32.307 ,407,571.6 
32.310 ,408,575.1 
32.313 ,409,559.6 
32.317 ,410,587.5 
32.320 ,411,582.7 
32.323 ,412,582.7 
32.327 ,413,583.8 
32.330 ,414,582.3 
32.333 ,415,587.9 
32.337 ,416,596.5 
32.340 ,417,578.2 
32.343 ,418,589.2 
32.347 ,419,582.1 
32.350 ,420,601.4 
32.353 ,421,587.7 
32.357 ,422,579.9 
32.360 ,423,582.3 
32.363 ,424,586.6 
32.367 ,425,591.0 
32.370 ,426,590.0 
32.373 ,427,592.3 
32.377 ,428,582.4 
32.380 ,429,576.3 
32.383 ,430,574.1 
32.387 ,431,571.2 
32.390 ,432,575.7 
32.393 ,433,566.1 
32.397 ,434,568.0 
32.400 ,435,566.0 
32.403 ,436,570.6 
32.407 ,437,580.7 
32.410 ,438,578.0 
32.413 ,439,573.4 
32.417 ,440,582.2 
32.420 ,441,584.8 
32.423 ,442,578.8 
32.427 ,443,570.8 
32.430 ,444,553.7 
32.433 ,445,573.6 
32.437 ,446,566.7 
32.440 ,447,576.3 
32.443 ,448,567.5 
32.447 ,449,559.3 
32.450 ,450,566.6 
32.453 ,451,572.9 
32.457 ,452,568.6 
32.460 ,453,581.0 
32.463 ,454,581.0 
32.467 ,455,570.4 
32.470 ,456,580.5 
32.473 ,457,575.9 
32.477 ,458,570.4 
32.480 ,459,575.1 
32.483 ,460,571.6 
32.487 ,461,567.9 
32.490 ,462,566.7 
32.493 ,463,567.9 
32.497 ,464,561.4 
32.500 ,465,568.2 
32.503 ,466,564.7 
32.507 ,467,557.6 
32.510 ,468,554.6 
32.513 ,469,559.2 
32.517 ,470,565.3 
32.520 ,471,558.4 
32.523 ,472,557.1 
32.527 ,473,551.2 
32.530 ,474,559.7 
32.533 ,475,557.3 
32.537 ,476,560.9 
32.540 ,477,558.8 
,,
32.573 ,6,573.8 
32.577 ,7,560.9 
32.580 ,8,570.1 
32.583 ,9,573.8 
32.587 ,10,577.4 
32.590 ,11,574.0 
32.593 ,12,576.9 
32.597 ,13,582.1 
32.600 ,14,584.3 
32.603 ,15,576.7 
32.607 ,16,578.8 
32.610 ,17,583.2 
32.613 ,18,578.6 
32.617 ,19,589.8 
32.620 ,20,587.7 
32.623 ,21,586.3 
32.627 ,22,574.2 
32.630 ,23,575.4 
32.633 ,24,575.4 
32.637 ,25,577.8 
32.640 ,26,580.6 
32.643 ,27,579.2 
32.647 ,28,578.7 
32.650 ,29,581.6 
32.653 ,30,576.0 
32.657 ,31,589.9 
32.660 ,32,580.1 
32.663 ,33,592.4 
32.667 ,34,585.3 
32.670 ,35,587.3 
32.673 ,36,581.1 
32.677 ,37,584.2 
32.680 ,38,593.5 
32.683 ,39,585.3 
32.687 ,40,592.6 
32.690 ,41,596.8 
32.693 ,42,599.2 
32.697 ,43,573.5 
32.700 ,44,576.6 
32.703 ,45,594.9 
32.707 ,46,579.0 
32.710 ,47,583.0 
32.713 ,48,583.2 
32.717 ,49,577.2 
32.720 ,50,592.6 
32.723 ,51,595.9 
32.727 ,52,607.8 
32.730 ,53,597.8 
32.733 ,54,600.4 
32.737 ,55,603.9 
32.740 ,56,609.5 
32.743 ,57,605.8 
32.747 ,58,595.7 
32.750 ,59,584.8 
32.753 ,60,582.4 
32.757 ,61,587.5 
32.760 ,62,591.4 
32.763 ,63,588.2 
32.767 ,64,586.9 
32.770 ,65,590.4 
32.773 ,66,595.2 
32.777 ,67,590.1 
32.780 ,68,590.9 
32.783 ,69,584.7 
32.787 ,70,602.8 
32.790 ,71,595.6 
32.793 ,72,606.5 
32.797 ,73,599.6 
32.800 ,74,592.6 
32.803 ,75,612.2 
32.807 ,76,609.9 
32.810 ,77,602.3 
32.813 ,78,609.3 
32.817 ,79,604.1 
32.820 ,80,608.3 
32.823 ,81,598.9 
32.827 ,82,593.7 
32.830 ,83,601.0 
32.833 ,84,603.5 
32.837 ,85,585.5 
32.840 ,86,586.5 
32.843 ,87,599.7 
32.847 ,88,599.6 
32.850 ,89,602.9 
32.853 ,90,612.2 
32.857 ,91,606.3 
32.860 ,92,599.2 
32.863 ,93,599.2 
32.867 ,94,597.0 
32.870 ,95,607.7 
32.873 ,96,596.4 
32.877 ,97,588.4 
32.880 ,98,601.2 
32.883 ,99,598.1 
32.887 ,100,589.9 
32.890 ,101,597.9 
32.893 ,102,605.2 
32.897 ,103,593.2 
32.900 ,104,599.5 
32.903 ,105,598.0 
32.907 ,106,591.2 
32.910 ,107,612.3 
32.913 ,108,618.6 
32.917 ,109,601.0 
32.920 ,110,616.1 
32.923 ,111,614.9 
32.927 ,112,603.7 
32.930 ,113,603.3 
32.933 ,114,589.6 
32.937 ,115,594.1 
32.940 ,116,613.2 
32.943 ,117,608.5 
32.947 ,118,600.3 
32.950 ,119,605.6 
32.953 ,120,599.4 
32.957 ,121,595.5 
32.960 ,122,599.1 
32.963 ,123,587.4 
32.967 ,124,576.8 
32.970 ,125,572.4 
32.973 ,126,573.2 
32.977 ,127,569.9 
32.980 ,128,581.9 
32.983 ,129,588.2 
32.987 ,130,592.4 
32.990 ,131,583.4 
32.993 ,132,587.2 
32.997 ,133,587.0 
,,
33.000 ,137,576.4 
33.003 ,138,583.1 
33.007 ,139,570.6 
33.010 ,140,584.9 
33.013 ,141,582.5 
33.017 ,142,571.7 
33.020 ,143,572.3 
33.023 ,144,580.0 
33.027 ,145,586.1 
33.030 ,146,581.7 
33.033 ,147,590.6 
33.037 ,148,601.7 
33.040 ,149,584.5 
33.043 ,150,582.9 
33.047 ,151,586.7 
33.050 ,152,573.8 
33.053 ,153,570.5 
33.057 ,154,576.4 
33.060 ,155,588.3 
33.063 ,156,603.9 
33.067 ,157,592.9 
33.070 ,158,599.6 
33.073 ,159,598.5 
33.077 ,160,592.6 
33.080 ,161,602.0 
33.083 ,162,605.8 
33.087 ,163,613.0 
33.090 ,164,603.9 
33.093 ,165,594.8 
33.097 ,166,581.4 
33.100 ,167,594.6 
33.103 ,168,600.4 
33.107 ,169,590.5 
33.110 ,170,600.2 
33.113 ,171,597.7 
33.117 ,172,596.7 
33.120 ,173,586.8 
33.123 ,174,597.9 
33.127 ,175,591.6 
33.130 ,176,588.3 
33.133 ,177,599.7 
33.137 ,178,601.4 
33.140 ,179,600.6 
33.143 ,180,606.2 
33.147 ,181,605.9 
33.150 ,182,606.5 
33.153 ,183,598.3 
33.157 ,184,584.8 
,,
33.160 ,188,562.2 
33.163 ,189,562.2 
33.167 ,190,583.1 
33.170 ,191,587.8 
33.173 ,192,566.7 
33.177 ,193,563.8 
33.180 ,194,577.9 
33.183 ,195,565.1 
33.187 ,196,563.7 
33.190 ,197,563.8 
33.193 ,198,564.7 
33.197 ,199,565.7 
33.200 ,200,570.5 
33.203 ,201,555.5 
33.207 ,202,561.5 
33.210 ,203,566.7 
33.213 ,204,567.9 
33.217 ,205,580.8 
33.220 ,206,566.7 
33.223 ,207,573.3 
33.227 ,208,574.3 
33.230 ,209,578.4 
33.233 ,210,567.0 
33.237 ,211,580.0 
33.240 ,212,575.6 
33.243 ,213,571.6 
33.247 ,214,573.1 
33.250 ,215,583.1 
33.253 ,216,586.4 
33.257 ,217,581.6 
33.260 ,218,577.9 
33.263 ,219,579.0 
33.267 ,220,562.6 
33.270 ,221,572.7 
33.273 ,222,583.4 
33.277 ,223,573.0 
33.280 ,224,573.2 
33.283 ,225,573.6 
33.287 ,226,577.4 
33.290 ,227,560.8 
33.293 ,228,565.7 
33.297 ,229,574.9 
33.300 ,230,566.4 
33.303 ,231,573.6 
33.307 ,232,567.9 
33.310 ,233,574.1 
33.313 ,234,577.3 
33.317 ,235,578.5 
33.320 ,236,568.6 
33.323 ,237,573.2 
33.327 ,238,563.0 
33.330 ,239,563.6 
33.333 ,240,576.3 
33.337 ,241,568.5 
33.340 ,242,592.7 
33.343 ,243,585.0 
33.347 ,244,589.2 
33.350 ,245,588.0 
33.353 ,246,589.4 
33.357 ,247,592.9 
33.360 ,248,584.1 
33.363 ,249,591.2 
33.367 ,250,590.5 
33.370 ,251,586.9 
33.373 ,252,580.4 
33.377 ,253,578.6 
33.380 ,254,580.4 
33.383 ,255,584.2 
33.387 ,256,591.0 
33.390 ,257,594.5 
33.393 ,258,586.6 
33.397 ,259,590.5 
33.400 ,260,591.1 
33.403 ,261,594.3 
33.407 ,262,589.5 
33.410 ,263,590.2 
33.413 ,264,589.7 
33.417 ,265,590.9 
33.420 ,266,586.6 
33.423 ,267,586.4 
33.427 ,268,600.9 
33.430 ,269,593.5 
33.433 ,270,582.6 
33.437 ,271,583.1 
33.440 ,272,587.6 
33.443 ,273,580.4 
33.447 ,274,590.5 
33.450 ,275,586.1 
33.453 ,276,588.1 
33.457 ,277,574.5 
33.460 ,278,579.2 
33.463 ,279,577.8 
33.467 ,280,591.7 
33.470 ,281,597.0 
33.473 ,282,575.6 
33.477 ,283,577.1 
33.480 ,284,577.0 
33.483 ,285,566.9 
33.487 ,286,568.0 
33.490 ,287,557.1 
33.493 ,288,573.1 
33.497 ,289,573.5 
33.500 ,290,571.8 
33.503 ,291,576.5 
33.507 ,292,581.0 
33.510 ,293,583.8 
33.513 ,294,583.7 
33.517 ,295,583.4 
33.520 ,296,588.4 
33.523 ,297,573.5 
33.527 ,298,577.2 
33.530 ,299,571.2 
33.533 ,300,571.4 
33.537 ,301,572.5 
33.540 ,302,558.5 
33.543 ,303,567.5 
33.547 ,304,570.0 
33.550 ,305,570.6 
33.553 ,306,577.4 
33.557 ,307,574.7 
33.560 ,308,559.8 
33.563 ,309,575.9 
33.567 ,310,567.5 
33.570 ,311,568.1 
33.573 ,312,580.6 
33.577 ,313,574.3 
33.580 ,314,590.6 
33.583 ,315,581.0 
33.587 ,316,585.6 
33.590 ,317,583.5 
33.593 ,318,587.6 
33.597 ,319,585.9 
33.600 ,320,580.6 
33.603 ,321,576.6 
33.607 ,322,573.9 
33.610 ,323,567.9 
33.613 ,324,586.4 
33.617 ,325,585.6 
33.620 ,326,568.3 
33.623 ,327,565.5 
33.627 ,328,564.0 
33.630 ,329,576.1 
33.633 ,330,578.1 
33.637 ,331,568.2 
33.640 ,332,574.8 
33.643 ,333,561.2 
33.647 ,334,565.4 
,,
33.670 ,337,578.3 
33.673 ,338,567.6 
33.677 ,339,562.3 
33.680 ,340,560.5 
33.683 ,341,564.2 
33.687 ,342,573.3 
33.690 ,343,574.9 
33.693 ,344,569.0 
33.697 ,345,574.5 
33.700 ,346,586.5 
33.703 ,347,575.8 
33.707 ,348,572.9 
33.710 ,349,575.1 
33.713 ,350,575.1 
33.717 ,351,567.3 
33.720 ,352,564.1 
33.723 ,353,576.8 
33.727 ,354,565.0 
33.730 ,355,576.9 
33.733 ,356,568.5 
33.737 ,357,587.6 
33.740 ,358,567.9 
33.743 ,359,577.6 
33.747 ,360,576.9 
33.750 ,361,588.1 
33.753 ,362,591.8 
33.757 ,363,593.9 
33.760 ,364,592.7 
33.763 ,365,581.5 
33.767 ,366,580.6 
33.770 ,367,581.0 
33.773 ,368,580.2 
33.777 ,369,577.6 
33.780 ,370,597.8 
33.783 ,371,589.5 
33.787 ,372,603.3 
33.790 ,373,598.6 
33.793 ,374,592.7 
33.797 ,375,592.1 
33.800 ,376,579.5 
33.803 ,377,581.8 
33.807 ,378,579.2 
33.810 ,379,583.1 
33.813 ,380,560.6 
33.817 ,381,592.5 
33.820 ,382,574.1 
33.823 ,383,572.2 
33.827 ,384,578.8 
33.830 ,385,577.3 
33.833 ,386,588.4 
33.837 ,387,580.0 
33.840 ,388,576.8 
33.843 ,389,581.4 
33.847 ,390,600.3 
33.850 ,391,589.0 
33.853 ,392,587.3 
33.857 ,393,592.6 
33.860 ,394,588.4 
33.863 ,395,595.1 
33.867 ,396,601.7 
33.870 ,397,590.7 
33.873 ,398,592.9 
33.877 ,399,586.0 
33.880 ,400,580.0 
33.883 ,401,596.4 
33.887 ,402,587.6 
33.890 ,403,592.7 
33.893 ,404,591.3 
33.897 ,405,591.7 
33.900 ,406,599.7 
33.903 ,407,587.5 
33.907 ,408,578.8 
33.910 ,409,570.8 
,,
33.920 ,412,570.6 
33.923 ,413,583.8 
33.927 ,414,576.3 
33.930 ,415,576.2 
33.933 ,416,571.4 
33.937 ,417,572.9 
33.940 ,418,584.4 
33.943 ,419,586.9 
33.947 ,420,589.8 
33.950 ,421,577.9 
33.953 ,422,584.4 
33.957 ,423,583.9 
33.960 ,424,587.1 
33.963 ,425,585.1 
33.967 ,426,588.1 
33.970 ,427,588.1 
33.973 ,428,588.7 
33.977 ,429,593.6 
33.980 ,430,589.1 
33.983 ,431,579.8 
33.987 ,432,587.3 
33.990 ,433,592.4 
33.993 ,434,589.8 
33.997 ,435,586.9 
34.000 ,436,579.5 
34.003 ,437,580.8 
34.007 ,438,559.4 
34.010 ,439,572.6 
34.013 ,440,559.1 
34.017 ,441,570.2 
34.020 ,442,577.2 
34.023 ,443,560.0 
34.027 ,444,572.0 
34.030 ,445,573.2 
34.033 ,446,566.6 
34.037 ,447,568.5 
34.040 ,448,579.2 
34.043 ,449,570.5 
34.047 ,450,575.2 
34.050 ,451,565.3 
34.053 ,452,567.7 
34.057 ,453,573.2 
34.060 ,454,575.9 
34.063 ,455,577.5 
34.067 ,456,582.0 
34.070 ,457,582.0 
34.073 ,458,587.9 
34.077 ,459,581.0 
34.080 ,460,576.1 
34.083 ,461,598.0 
34.087 ,462,589.4 
34.090 ,463,589.9 
34.093 ,464,599.9 
34.097 ,465,594.5 
34.100 ,466,600.9 
34.103 ,467,591.1 
34.107 ,468,588.5 
34.110 ,469,594.7 
34.113 ,470,594.1 
34.117 ,471,597.8 
34.120 ,472,601.7 
34.123 ,473,597.7 
34.127 ,474,599.5 
34.130 ,475,579.1 
34.133 ,476,585.6 
34.137 ,477,579.0 
34.140 ,478,576.7 
34.143 ,479,571.2 
34.147 ,480,580.6 
34.150 ,481,579.3 
34.153 ,482,578.0 
34.157 ,483,594.4 
34.160 ,484,589.5 
34.163 ,485,583.9 
34.167 ,486,582.6 
34.170 ,487,581.0 
34.173 ,488,580.9 
34.177 ,489,588.9 
34.180 ,490,580.8 
34.183 ,491,572.6 
34.187 ,492,571.2 
34.190 ,493,564.5 
34.193 ,494,562.6 
34.197 ,495,572.4 
34.200 ,496,577.1 
34.203 ,497,575.8 
34.207 ,498,575.3 
34.210 ,499,571.7 
34.213 ,500,557.3 
,,
34.223 ,3,575.5 
34.227 ,4,574.0 
34.230 ,5,555.8 
34.233 ,6,571.6 
34.237 ,7,573.9 
34.240 ,8,559.2 
34.243 ,9,566.7 
34.247 ,10,569.1 
34.250 ,11,572.0 
34.253 ,12,569.6 
34.257 ,13,572.9 
34.260 ,14,566.8 
34.263 ,15,582.1 
34.267 ,16,573.9 
34.270 ,17,563.2 
34.273 ,18,565.1 
34.277 ,19,556.7 
34.280 ,20,551.9 
34.283 ,21,543.7 
34.287 ,22,551.3 
34.290 ,23,539.4 
34.293 ,24,547.4 
34.297 ,25,550.2 
34.300 ,26,556.1 
34.303 ,27,545.9 
34.307 ,28,552.7 
34.310 ,29,548.9 
34.313 ,30,555.1 
34.317 ,31,552.1 
34.320 ,32,553.7 
34.323 ,33,558.3 
34.327 ,34,565.4 
34.330 ,35,567.1 
34.333 ,36,560.4 
34.337 ,37,555.7 
34.340 ,38,560.1 
34.343 ,39,558.5 
34.347 ,40,575.7 
34.350 ,41,566.4 
34.353 ,42,563.8 
34.357 ,43,555.9 
34.360 ,44,549.7 
34.363 ,45,559.1 
34.367 ,46,560.2 
34.370 ,47,559.3 
34.373 ,48,581.8 
34.377 ,49,568.3 
34.380 ,50,577.7 
34.383 ,51,590.7 
34.387 ,52,580.3 
34.390 ,53,567.9 
34.393 ,54,566.7 
34.397 ,55,580.3 
34.400 ,56,575.5 
34.403 ,57,584.7 
34.407 ,58,574.1 
34.410 ,59,572.6 
34.413 ,60,594.5 
34.417 ,61,567.4 
34.420 ,62,576.2 
34.423 ,63,581.4 
34.427 ,64,587.2 
34.430 ,65,588.0 
34.433 ,66,574.6 
34.437 ,67,576.6 
34.440 ,68,579.0 
34.443 ,69,597.9 
34.447 ,70,585.0 
34.450 ,71,582.2 
34.453 ,72,584.8 
34.457 ,73,576.6 
34.460 ,74,577.7 
34.463 ,75,582.6 
34.467 ,76,583.9 
34.470 ,77,573.7 
34.473 ,78,573.0 
34.477 ,79,584.5 
34.480 ,80,578.4 
34.483 ,81,582.9 
34.487 ,82,579.3 
34.490 ,83,590.5 
34.493 ,84,580.2 
34.497 ,85,569.3 
34.500 ,86,579.6 
34.503 ,87,585.6 
34.507 ,88,578.0 
34.510 ,89,587.4 
34.513 ,90,590.8 
34.517 ,91,591.8 
34.520 ,92,605.6 
34.523 ,93,598.8 
34.527 ,94,600.8 
34.530 ,95,588.6 
34.533 ,96,590.1 
34.537 ,97,601.3 
34.540 ,98,590.0 
34.543 ,99,608.1 
34.547 ,100,602.5 
34.550 ,101,585.8 
34.553 ,102,596.6 
34.557 ,103,584.6 
34.560 ,104,582.9 
34.563 ,105,584.8 
34.567 ,106,589.5 
34.570 ,107,584.8 
34.573 ,108,582.4 
34.577 ,109,581.9 
34.580 ,110,588.7 
34.583 ,111,586.7 
34.587 ,112,576.2 
34.590 ,113,577.3 
34.593 ,114,581.7 
34.597 ,115,588.6 
34.600 ,116,572.2 
34.603 ,117,578.9 
34.607 ,118,585.5 
34.610 ,119,593.2 
34.613 ,120,586.9 
34.617 ,121,589.9 
34.620 ,122,606.8 
34.623 ,123,596.7 
34.627 ,124,603.5 
34.630 ,125,600.2 
34.633 ,126,595.1 
34.637 ,127,595.7 
34.640 ,128,596.0 
34.643 ,129,578.4 
34.647 ,130,585.4 
34.650 ,131,589.4 
34.653 ,132,587.7 
34.657 ,133,595.8 
34.660 ,134,599.8 
34.663 ,135,598.1 
34.667 ,136,596.2 
34.670 ,137,585.5 
34.673 ,138,594.0 
34.677 ,139,603.3 
34.680 ,140,598.4 
34.683 ,141,587.8 
34.687 ,142,590.1 
34.690 ,143,594.7 
34.693 ,144,580.6 
34.697 ,145,588.6 
34.700 ,146,571.6 
,,
34.723 ,152,573.9 
34.727 ,153,566.6 
34.730 ,154,578.3 
34.733 ,155,573.7 
34.737 ,156,562.2 
34.740 ,157,566.1 
34.743 ,158,556.5 
34.747 ,159,566.9 
34.750 ,160,571.6 
34.753 ,161,567.5 
34.757 ,162,572.7 
34.760 ,163,564.2 
34.763 ,164,560.8 
34.767 ,165,569.9 
34.770 ,166,571.2 
34.773 ,167,578.9 
34.777 ,168,562.0 
34.780 ,169,581.4 
34.783 ,170,580.0 
34.787 ,171,586.9 
34.790 ,172,585.5 
34.793 ,173,592.4 
34.797 ,174,584.6 
34.800 ,175,596.2 
34.803 ,176,587.6 
34.807 ,177,591.7 
34.810 ,178,580.4 
34.813 ,179,588.4 
34.817 ,180,592.9 
34.820 ,181,582.1 
34.823 ,182,588.2 
34.827 ,183,588.8 
34.830 ,184,606.6 
34.833 ,185,584.6 
34.837 ,186,603.3 
34.840 ,187,613.6 
34.843 ,188,593.8 
34.847 ,189,598.2 
34.850 ,190,607.2 
34.853 ,191,586.9 
34.857 ,192,601.5 
34.860 ,193,604.3 
34.863 ,194,596.0 
34.867 ,195,593.1 
34.870 ,196,596.1 
34.873 ,197,596.4 
34.877 ,198,595.8 
34.880 ,199,595.6 
34.883 ,200,583.1 
34.887 ,201,589.8 
34.890 ,202,578.9 
34.893 ,203,585.6 
34.897 ,204,590.9 
34.900 ,205,595.8 
34.903 ,206,598.0 
34.907 ,207,588.8 
34.910 ,208,586.0 
34.913 ,209,592.8 
34.917 ,210,588.0 
34.920 ,211,593.3 
34.923 ,212,586.8 
34.927 ,213,593.7 
34.930 ,214,587.1 
34.933 ,215,583.4 
34.937 ,216,587.2 
34.940 ,217,583.4 
34.943 ,218,577.2 
34.947 ,219,592.2 
34.950 ,220,593.0 
34.953 ,221,595.3 
34.957 ,222,597.0 
34.960 ,223,587.4 
34.963 ,224,589.9 
34.967 ,225,585.0 
34.970 ,226,588.6 
,,
34.993 ,236,559.1 
34.997 ,237,568.1 
35.000 ,238,566.7 
35.003 ,239,569.0 
35.007 ,240,561.4 
35.010 ,241,555.8 
35.013 ,242,563.1 
35.017 ,243,570.7 
35.020 ,244,561.6 
35.023 ,245,571.4 
35.027 ,246,569.7 
35.030 ,247,554.7 
35.033 ,248,565.3 
35.037 ,249,560.3 
35.040 ,250,565.1 
35.043 ,251,570.1 
35.047 ,252,562.2 
35.050 ,253,565.0 
35.053 ,254,560.8 
35.057 ,255,568.8 
35.060 ,256,559.2 
35.063 ,257,554.6 
35.067 ,258,555.9 
35.070 ,259,560.4 
35.073 ,260,558.6 
35.077 ,261,568.0 
35.080 ,262,575.2 
35.083 ,263,578.7 
35.087 ,264,572.5 
35.090 ,265,576.5 
35.093 ,266,572.2 
35.097 ,267,578.6 
35.100 ,268,579.3 
35.103 ,269,592.8 
35.107 ,270,581.5 
35.110 ,271,588.4 
35.113 ,272,580.8 
35.117 ,273,580.5 
35.120 ,274,585.8 
35.123 ,275,579.9 
35.127 ,276,574.7 
35.130 ,277,583.2 
35.133 ,278,590.4 
35.137 ,279,576.5 
35.140 ,280,588.6 
35.143 ,281,590.0 
35.147 ,282,592.0 
35.150 ,283,586.7 
35.153 ,284,588.9 
35.157 ,285,595.2 
35.160 ,286,590.5 
35.163 ,287,590.2 
35.167 ,288,598.3 
35.170 ,289,596.1 
35.173 ,290,590.8 
35.177 ,291,603.6 
35.180 ,292,602.6 
35.183 ,293,603.8 
35.187 ,294,596.5 
35.190 ,295,589.5 
35.193 ,296,605.3 
35.197 ,297,593.3 
35.200 ,298,588.9 
35.203 ,299,602.1 
35.207 ,300,599.3 
35.210 ,301,599.0 
35.213 ,302,605.0 
35.217 ,303,601.9 
35.220 ,304,604.6 
35.223 ,305,613.1 
35.227 ,306,609.2 
35.230 ,307,610.2 
35.233 ,308,606.1 
35.237 ,309,611.2 
35.240 ,310,605.1 
35.243 ,311,608.9 
35.247 ,312,596.5 
35.250 ,313,612.5 
35.253 ,314,593.7 
35.257 ,315,598.3 
35.260 ,316,609.3 
35.263 ,317,599.8 
35.267 ,318,608.1 
35.270 ,319,610.3 
35.273 ,320,606.6 
35.277 ,321,605.3 
35.280 ,322,595.6 
35.283 ,323,604.4 
35.287 ,324,603.4 
35.290 ,325,586.1 
35.293 ,326,588.7 
35.297 ,327,589.7 
35.300 ,328,593.8 
35.303 ,329,580.8 
35.307 ,330,584.6 
35.310 ,331,593.4 
35.313 ,332,583.0 
35.317 ,333,578.7 
35.320 ,334,575.1 
35.323 ,335,581.8 
35.327 ,336,571.2 
35.330 ,337,568.6 
35.333 ,338,574.7 
35.337 ,339,573.2 
35.340 ,340,578.4 
35.343 ,341,588.0 
35.347 ,342,581.6 
35.350 ,343,573.0 
35.353 ,344,571.8 
35.357 ,345,586.8 
35.360 ,346,579.9 
,,
35.385 ,354,571.5 
35.388 ,355,572.0 
35.392 ,356,578.0 
35.395 ,357,570.4 
35.398 ,358,561.6 
35.402 ,359,558.9 
35.405 ,360,563.9 
35.408 ,361,546.4 
35.412 ,362,550.0 
35.415 ,363,550.0 
35.418 ,364,545.7 
35.422 ,365,540.8 
35.425 ,366,544.7 
35.428 ,367,552.8 
35.432 ,368,568.3 
35.435 ,369,555.0 
35.438 ,370,561.5 
35.442 ,371,550.8 
35.445 ,372,554.9 
35.448 ,373,552.6 
35.452 ,374,555.3 
35.455 ,375,573.6 
35.458 ,376,575.5 
35.462 ,377,583.1 
35.465 ,378,570.7 
35.468 ,379,572.5 
35.472 ,380,573.0 
35.475 ,381,576.7 
35.478 ,382,579.9 
35.482 ,383,584.0 
35.485 ,384,580.0 
35.488 ,385,585.4 
35.492 ,386,583.2 
35.495 ,387,585.1 
35.498 ,388,592.4 
35.502 ,389,589.6 
35.505 ,390,591.1 
35.508 ,391,585.5 
35.512 ,392,589.6 
35.515 ,393,593.8 
35.518 ,394,595.1 
35.522 ,395,600.6 
35.525 ,396,591.2 
35.528 ,397,600.0 
35.532 ,398,600.8 
35.535 ,399,600.1 
35.538 ,400,592.4 
35.542 ,401,604.6 
35.545 ,402,593.8 
35.548 ,403,594.6 
35.552 ,404,590.8 
35.555 ,405,591.7 
35.558 ,406,589.8 
35.562 ,407,586.3 
35.565 ,408,596.3 
35.568 ,409,597.9 
35.572 ,410,601.6 
35.575 ,411,606.9 
35.578 ,412,603.1 
35.582 ,413,604.4 
35.585 ,414,587.2 
35.588 ,415,592.7 
35.592 ,416,600.2 
35.595 ,417,590.0 
35.598 ,418,599.8 
35.602 ,419,602.0 
35.605 ,420,600.2 
35.608 ,421,600.9 
35.612 ,422,609.8 
35.615 ,423,602.8 
35.618 ,424,598.5 
35.622 ,425,591.8 
35.625 ,426,588.3 
35.628 ,427,596.3 
35.632 ,428,585.7 
35.635 ,429,581.4 
35.638 ,430,584.4 
35.642 ,431,590.6 
35.645 ,432,587.6 
35.648 ,433,596.1 
35.652 ,434,593.0 
35.655 ,435,593.7 
35.658 ,436,598.1 
35.662 ,437,584.8 
35.665 ,438,594.2 
35.668 ,439,604.6 
35.672 ,440,587.7 
35.675 ,441,599.9 
35.678 ,442,598.4 
35.682 ,443,592.0 
35.685 ,444,596.6 
35.688 ,445,597.1 
35.692 ,446,597.0 
35.695 ,447,587.6 
35.698 ,448,600.2 
35.702 ,449,578.1 
35.705 ,450,586.3 
35.708 ,451,586.2 
35.712 ,452,588.4 
35.715 ,453,588.9 
35.718 ,454,586.2 
35.722 ,455,591.8 
35.725 ,456,600.4 
35.728 ,457,598.1 
35.732 ,458,591.8 
35.735 ,459,588.4 
35.738 ,460,587.0 
35.742 ,461,590.5 
35.745 ,462,583.9 
35.748 ,463,595.9 
35.752 ,464,578.8 
35.755 ,465,589.3 
35.758 ,466,597.9 
35.762 ,467,589.8 
35.765 ,468,584.5 
35.768 ,469,590.9 
35.772 ,470,583.9 
35.775 ,471,585.4 
35.778 ,472,589.0 
35.782 ,473,596.8 
35.785 ,474,583.7 
35.788 ,475,580.6 
35.792 ,476,594.7 
35.795 ,477,580.6 
35.798 ,478,579.3 
35.802 ,479,591.4 
35.805 ,480,584.7 
35.808 ,481,581.9 
35.812 ,482,572.5 
35.815 ,483,581.6 
35.818 ,484,584.5 
35.822 ,485,596.3 
35.825 ,486,593.8 
35.828 ,487,592.0 
35.832 ,488,583.1 
35.835 ,489,581.4 
35.838 ,490,588.4 
35.842 ,491,603.6 
35.845 ,492,600.3 
35.848 ,493,600.2 
35.852 ,494,600.2 
35.855 ,495,604.4 
35.858 ,496,583.0 
35.862 ,497,594.2 
35.865 ,498,602.3 
35.868 ,499,584.0 
,,
35.892 ,10,604.9 
35.895 ,11,602.3 
35.898 ,12,602.3 
35.902 ,13,597.1 
35.905 ,14,602.0 
35.908 ,15,604.6 
35.912 ,16,602.9 
35.915 ,17,602.3 
35.918 ,18,596.2 
35.922 ,19,583.5 
35.925 ,20,596.7 
35.928 ,21,592.7 
35.932 ,22,591.2 
35.935 ,23,592.7 
35.938 ,24,581.9 
35.942 ,25,592.9 
35.945 ,26,587.6 
35.948 ,27,589.1 
35.952 ,28,589.6 
35.955 ,29,597.6 
35.958 ,30,585.3 
35.962 ,31,589.9 
35.965 ,32,584.3 
35.968 ,33,580.2 
35.972 ,34,582.2 
35.975 ,35,573.4 
35.978 ,36,588.6 
35.982 ,37,586.4 
35.985 ,38,583.1 
35.988 ,39,579.7 
35.992 ,40,594.3 
35.995 ,41,582.4 
35.998 ,42,589.6 
36.002 ,43,573.7 
36.005 ,44,579.7 
36.008 ,45,589.2 
36.012 ,46,577.9 
36.015 ,47,588.0 
36.018 ,48,583.9 
36.022 ,49,580.6 
36.025 ,50,582.1 
36.028 ,51,578.3 
36.032 ,52,580.5 
36.035 ,53,605.1 
36.038 ,54,598.8 
36.042 ,55,590.4 
36.045 ,56,573.0 
36.048 ,57,584.7 
36.052 ,58,586.4 
36.055 ,59,585.9 
36.058 ,60,599.1 
36.062 ,61,596.3 
36.065 ,62,605.9 
36.068 ,63,596.0 
36.072 ,64,595.1 
36.075 ,65,584.1 
36.078 ,66,600.9 
36.082 ,67,579.9 
36.085 ,68,597.5 
36.088 ,69,596.6 
36.092 ,70,601.3 
36.095 ,71,588.6 
36.098 ,72,600.2 
36.102 ,73,599.5 
36.105 ,74,584.8 
36.108 ,75,598.5 
36.112 ,76,588.6 
36.115 ,77,592.3 
36.118 ,78,591.5 
36.122 ,79,585.0 
36.125 ,80,587.8 
36.128 ,81,584.0 
36.132 ,82,586.8 
36.135 ,83,579.1 
36.138 ,84,583.0 
36.142 ,85,580.4 
36.145 ,86,576.5 
36.148 ,87,587.4 
36.152 ,88,582.8 
36.155 ,89,601.6 
36.158 ,90,598.6 
36.162 ,91,609.7 
36.165 ,92,604.1 
36.168 ,93,616.5 
36.172 ,94,611.7 
36.175 ,95,614.7 
36.178 ,96,613.9 
36.182 ,97,607.7 
36.185 ,98,611.5 
36.188 ,99,604.9 
36.192 ,100,610.3 
36.195 ,101,609.0 
36.198 ,102,606.5 
36.202 ,103,591.8 
36.205 ,104,596.4 
36.208 ,105,592.0 
36.212 ,106,592.5 
36.215 ,107,603.1 
36.218 ,108,598.9 
36.222 ,109,595.8 
36.225 ,110,600.8 
36.228 ,111,603.0 
36.232 ,112,596.1 
36.235 ,113,600.8 
36.238 ,114,604.3 
36.242 ,115,595.7 
36.245 ,116,599.0 
36.248 ,117,608.2 
36.252 ,118,606.8 
36.255 ,119,589.5 
36.258 ,120,592.8 
36.262 ,121,604.8 
36.265 ,122,581.6 
36.268 ,123,590.0 
36.272 ,124,577.1 
36.275 ,125,581.3 
36.278 ,126,586.4 
36.282 ,127,587.7 
36.285 ,128,590.8 
36.288 ,129,598.8 
36.292 ,130,604.6 
36.295 ,131,597.5 
36.298 ,132,606.9 
36.302 ,133,606.2 
36.305 ,134,600.2 
36.308 ,135,599.6 
36.312 ,136,594.5 
,,
36.318 ,139,594.5 
36.322 ,140,585.3 
36.325 ,141,587.1 
36.328 ,142,594.7 
36.332 ,143,598.2 
36.335 ,144,599.2 
36.338 ,145,586.2 
36.342 ,146,585.3 
36.345 ,147,582.9 
36.348 ,148,601.9 
36.352 ,149,596.9 
36.355 ,150,593.0 
,,
36.378 ,157,597.0 
36.381 ,158,597.7 
36.385 ,159,597.6 
36.388 ,160,591.7 
36.391 ,161,594.9 
36.395 ,162,593.2 
36.398 ,163,588.2 
36.401 ,164,589.3 
36.405 ,165,588.4 
36.408 ,166,585.1 
36.411 ,167,590.4 
36.415 ,168,593.3 
36.418 ,169,592.9 
36.421 ,170,599.8 
36.425 ,171,602.7 
36.428 ,172,600.7 
36.431 ,173,614.7 
36.435 ,174,611.3 
36.438 ,175,610.9 
36.441 ,176,611.9 
36.445 ,177,599.5 
36.448 ,178,600.6 
36.451 ,179,602.7 
36.455 ,180,596.8 
36.458 ,181,601.1 
36.461 ,182,589.8 
36.465 ,183,593.1 
36.468 ,184,607.8 
36.471 ,185,603.8 
36.475 ,186,602.1 
36.478 ,187,595.8 
36.481 ,188,594.0 
36.485 ,189,597.4 
36.488 ,190,602.5 
36.491 ,191,588.6 
36.495 ,192,608.2 
36.498 ,193,595.2 
36.501 ,194,597.8 
36.505 ,195,592.8 
36.508 ,196,593.5 
36.511 ,197,595.1 
36.515 ,198,593.0 
36.518 ,199,599.3 
36.521 ,200,601.7 
36.525 ,201,603.1 
36.528 ,202,620.1 
36.531 ,203,600.5 
36.535 ,204,606.8 
36.538 ,205,604.1 
36.541 ,206,600.2 
36.545 ,207,609.3 
36.548 ,208,591.3 
36.551 ,209,587.5 
36.555 ,210,594.8 
36.558 ,211,587.8 
36.561 ,212,589.4 
36.565 ,213,595.2 
36.568 ,214,589.8 
36.571 ,215,584.4 
36.575 ,216,597.5 
36.578 ,217,591.5 
36.581 ,218,599.1 
36.585 ,219,587.9 
36.588 ,220,588.6 
36.591 ,221,588.0 
36.595 ,222,586.4 
36.598 ,223,588.4 
36.601 ,224,592.1 
36.605 ,225,601.1 
36.608 ,226,595.8 
36.611 ,227,592.7 
36.615 ,228,598.6 
36.618 ,229,591.3 
36.621 ,230,584.1 
36.625 ,231,575.9 
36.628 ,232,578.4 
36.631 ,233,588.4 
36.635 ,234,600.7 
36.638 ,235,594.1 
36.641 ,236,592.3 
36.645 ,237,593.2 
36.648 ,238,595.1 
36.651 ,239,596.7 
36.655 ,240,595.4 
36.658 ,241,584.2 
36.661 ,242,599.3 
36.665 ,243,589.6 
36.668 ,244,584.3 
36.671 ,245,583.1 
36.675 ,246,585.0 
36.678 ,247,586.9 
36.681 ,248,583.2 
36.685 ,249,568.8 
36.688 ,250,586.2 
36.691 ,251,586.5 
36.695 ,252,583.6 
36.698 ,253,572.3 
36.701 ,254,601.1 
36.705 ,255,605.2 
36.708 ,256,599.2 
36.711 ,257,605.8 
36.715 ,258,600.9 
36.718 ,259,606.2 
36.721 ,260,601.4 
36.725 ,261,594.0 
36.728 ,262,593.9 
36.731 ,263,603.3 
36.735 ,264,591.8 
36.738 ,265,596.9 
36.741 ,266,585.5 
36.745 ,267,601.7 
36.748 ,268,606.1 
36.751 ,269,599.6 
36.755 ,270,600.6 
36.758 ,271,596.4 
36.761 ,272,602.5 
36.765 ,273,604.0 
36.768 ,274,595.6 
36.771 ,275,593.9 
36.775 ,276,606.2 
36.778 ,277,612.3 
36.781 ,278,608.8 
36.785 ,279,597.2 
36.788 ,280,596.4 
36.791 ,281,586.1 
36.795 ,282,579.2 
36.798 ,283,584.8 
36.801 ,284,598.6 
36.805 ,285,596.0 
36.808 ,286,576.2 
36.811 ,287,583.0 
36.815 ,288,588.1 
36.818 ,289,579.6 
36.821 ,290,572.3 
36.825 ,291,576.5 
36.828 ,292,586.6 
36.831 ,293,583.9 
36.835 ,294,585.8 
36.838 ,295,585.8 
36.841 ,296,586.6 
36.845 ,297,580.1 
36.848 ,298,585.7 
36.851 ,299,576.4 
36.855 ,300,588.2 
36.858 ,301,588.6 
36.861 ,302,581.9 
,,
36.875 ,308,603.7 
36.878 ,309,601.3 
36.882 ,310,600.4 
36.885 ,311,605.1 
36.888 ,312,600.8 
36.892 ,313,607.6 
36.895 ,314,615.9 
36.898 ,315,619.1 
36.902 ,316,603.4 
36.905 ,317,605.4 
36.908 ,318,598.0 
36.912 ,319,602.7 
36.915 ,320,601.1 
36.918 ,321,601.9 
36.922 ,322,589.2 
36.925 ,323,597.8 
36.928 ,324,602.2 
36.932 ,325,600.4 
36.935 ,326,603.1 
36.938 ,327,600.4 
36.942 ,328,599.6 
36.945 ,329,602.1 
36.948 ,330,596.9 
36.952 ,331,597.4 
,,
36.978 ,340,596.9 
36.982 ,341,610.0 
36.985 ,342,620.1 
36.988 ,343,611.6 
36.992 ,344,609.5 
36.995 ,345,595.1 
36.998 ,346,602.8 
37.002 ,347,598.5 
37.005 ,348,617.2 
37.008 ,349,607.9 
37.012 ,350,601.3 
37.015 ,351,607.8 
37.018 ,352,591.6 
37.022 ,353,607.6 
37.025 ,354,600.5 
37.028 ,355,610.0 
37.032 ,356,599.7 
37.035 ,357,597.6 
37.038 ,358,598.8 
37.042 ,359,602.4 
37.045 ,360,600.5 
37.048 ,361,601.3 
37.052 ,362,604.2 
37.055 ,363,599.5 
37.058 ,364,604.1 
37.062 ,365,593.6 
37.065 ,366,603.8 
37.068 ,367,594.9 
37.072 ,368,596.4 
37.075 ,369,595.6 
37.078 ,370,587.2 
37.082 ,371,599.4 
37.085 ,372,589.7 
37.088 ,373,603.2 
37.092 ,374,599.8 
37.095 ,375,601.5 
37.098 ,376,589.1 
37.102 ,377,593.0 
37.105 ,378,609.5 
37.108 ,379,611.3 
37.112 ,380,616.2 
37.115 ,381,616.1 
37.118 ,382,602.6 
37.122 ,383,597.6 
37.125 ,384,598.4 
37.128 ,385,588.4 
37.132 ,386,602.8 
37.135 ,387,610.0 
37.138 ,388,596.6 
37.142 ,389,606.7 
37.145 ,390,605.4 
37.148 ,391,597.8 
37.152 ,392,601.9 
37.155 ,393,598.4 
37.158 ,394,595.7 
37.162 ,395,592.4 
37.165 ,396,587.4 
37.168 ,397,574.3 
37.172 ,398,601.2 
37.175 ,399,588.9 
37.178 ,400,595.6 
37.182 ,401,589.1 
37.185 ,402,599.1 
37.188 ,403,591.7 
37.192 ,404,590.7 
37.195 ,405,588.2 
37.198 ,406,590.5 
37.202 ,407,588.8 
37.205 ,408,594.6 
,,
37.220 ,14,601.2 
37.223 ,15,610.1 
37.227 ,16,597.4 
37.230 ,17,595.3 
37.233 ,18,595.2 
37.237 ,19,589.4 
37.240 ,20,594.2 
37.243 ,21,582.4 
37.247 ,22,588.9 
37.250 ,23,591.8 
37.253 ,24,586.8 
37.257 ,25,580.3 
37.260 ,26,584.7 
37.263 ,27,576.0 
37.267 ,28,575.2 
37.270 ,29,579.2 
37.273 ,30,580.2 
37.277 ,31,599.8 
37.280 ,32,602.5 
37.283 ,33,605.0 
37.287 ,34,606.2 
37.290 ,35,605.6 
37.293 ,36,597.1 
37.297 ,37,614.9 
37.300 ,38,592.1 
37.303 ,39,595.9 
37.307 ,40,596.2 
37.310 ,41,593.7 
37.313 ,42,596.6 
37.317 ,43,598.3 
37.320 ,44,593.2 
37.323 ,45,605.4 
37.327 ,46,599.8 
37.330 ,47,588.9 
37.333 ,48,588.2 
37.337 ,49,601.2 
37.340 ,50,606.0 
37.343 ,51,593.5 
37.347 ,52,608.6 
37.350 ,53,604.2 
37.353 ,54,593.2 
37.357 ,55,591.0 
37.360 ,56,588.5 
37.363 ,57,588.9 
37.367 ,58,592.9 
37.370 ,59,581.3 
37.373 ,60,594.9 
37.377 ,61,595.3 
37.380 ,62,592.1 
37.383 ,63,601.6 
37.387 ,64,607.4 
37.390 ,65,598.7 
37.393 ,66,589.7 
37.397 ,67,592.8 
37.400 ,68,593.1 
37.403 ,69,581.8 
37.407 ,70,575.9 
37.410 ,71,584.4 
37.413 ,72,583.7 
37.417 ,73,589.6 
37.420 ,74,599.2 
37.423 ,75,596.5 
37.427 ,76,607.6 
37.430 ,77,596.9 
37.433 ,78,591.0 
37.437 ,79,600.8 
37.440 ,80,597.8 
37.443 ,81,594.7 
37.447 ,82,599.6 
37.450 ,83,607.8 
37.453 ,84,613.0 
37.457 ,85,606.8 
37.460 ,86,601.6 
37.463 ,87,607.2 
37.467 ,88,611.1 
37.470 ,89,606.1 
37.473 ,90,595.8 
37.477 ,91,600.7 
37.480 ,92,592.1 
37.483 ,93,598.5 
37.487 ,94,606.6 
37.490 ,95,598.7 
37.493 ,96,593.3 
37.497 ,97,594.2 
37.500 ,98,604.4 
37.503 ,99,594.1 
37.507 ,100,596.5 
37.510 ,101,576.6 
37.513 ,102,598.6 
37.517 ,103,598.2 
37.520 ,104,596.6 
37.523 ,105,598.1 
37.527 ,106,600.4 
37.530 ,107,591.7 
37.533 ,108,591.1 
37.537 ,109,590.9 
37.540 ,110,605.7 
37.543 ,111,601.9 
37.547 ,112,599.6 
37.550 ,113,606.0 
37.553 ,114,604.0 
37.557 ,115,607.5 
37.560 ,116,600.6 
37.563 ,117,606.4 
37.567 ,118,598.0 
37.570 ,119,606.9 
37.573 ,120,606.3 
37.577 ,121,595.1 
37.580 ,122,589.3 
37.583 ,123,595.0 
37.587 ,124,600.5 
37.590 ,125,600.1 
37.593 ,126,599.2 
37.597 ,127,588.4 
37.600 ,128,591.1 
37.603 ,129,596.6 
37.607 ,130,599.0 
37.610 ,131,588.1 
37.613 ,132,597.8 
37.617 ,133,595.0 
37.620 ,134,608.8 
37.623 ,135,601.7 
37.627 ,136,606.8 
37.630 ,137,599.5 
37.633 ,138,604.4 
37.637 ,139,607.0 
37.640 ,140,597.2 
37.643 ,141,598.6 
37.647 ,142,594.3 
37.650 ,143,592.5 
37.653 ,144,590.7 
37.657 ,145,604.6 
37.660 ,146,607.5 
37.663 ,147,595.8 
37.667 ,148,602.2 
37.670 ,149,590.5 
37.673 ,150,590.6 
37.677 ,151,585.2 
37.680 ,152,599.8 
37.683 ,153,591.7 
37.687 ,154,596.5 
37.690 ,155,596.9 
37.693 ,156,591.4 
37.697 ,157,581.8 
37.700 ,158,590.7 
,,
37.720 ,163,585.7 
37.723 ,164,587.3 
37.727 ,165,592.1 
37.730 ,166,594.2 
37.733 ,167,590.7 
37.737 ,168,595.3 
37.740 ,169,579.7 
37.743 ,170,584.2 
37.747 ,171,594.6 
37.750 ,172,585.5 
37.753 ,173,597.4 
37.757 ,174,592.1 
37.760 ,175,583.4 
37.763 ,176,581.7 
37.767 ,177,595.8 
37.770 ,178,586.9 
37.773 ,179,605.5 
37.777 ,180,602.9 
37.780 ,181,604.1 
37.783 ,182,605.2 
37.787 ,183,588.4 
37.790 ,184,585.8 
37.793 ,185,588.0 
37.797 ,186,592.0 
37.800 ,187,580.7 
37.803 ,188,588.1 
37.807 ,189,571.3 
37.810 ,190,585.4 
37.813 ,191,582.9 
37.817 ,192,594.0 
37.820 ,193,590.5 
37.823 ,194,594.0 
37.827 ,195,595.0 
37.830 ,196,589.0 
37.833 ,197,595.4 
37.837 ,198,599.1 
37.840 ,199,586.0 
37.843 ,200,584.1 
37.847 ,201,584.7 
37.850 ,202,579.7 
37.853 ,203,588.1 
37.857 ,204,589.8 
37.860 ,205,590.4 
37.863 ,206,594.2 
37.867 ,207,601.0 
37.870 ,208,604.4 
37.873 ,209,592.4 
37.877 ,210,585.9 
37.880 ,211,594.5 
37.883 ,212,596.2 
37.887 ,213,600.5 
37.890 ,214,586.0 
37.893 ,215,596.2 
37.897 ,216,589.1 
37.900 ,217,596.1 
37.903 ,218,594.0 
37.907 ,219,588.9 
37.910 ,220,590.9 
37.913 ,221,594.8 
37.917 ,222,584.0 
37.920 ,223,585.9 
37.923 ,224,589.1 
37.927 ,225,597.3 
37.930 ,226,595.7 
37.933 ,227,588.0 
37.937 ,228,584.9 
37.940 ,229,578.1 
37.943 ,230,591.4 
37.947 ,231,585.8 
37.950 ,232,602.8 
37.953 ,233,584.9 
37.957 ,234,604.8 
37.960 ,235,599.6 
37.963 ,236,599.5 
37.967 ,237,599.5 
37.970 ,238,591.4 
37.973 ,239,596.5 
37.977 ,240,592.1 
37.980 ,241,595.7 
37.983 ,242,590.8 
37.987 ,243,587.4 
37.990 ,244,597.4 
37.993 ,245,599.7 
37.997 ,246,599.5 
38.000 ,247,586.8 
38.003 ,248,594.5 
38.007 ,249,587.8 
38.010 ,250,606.5 
38.013 ,251,590.1 
38.017 ,252,588.5 
38.020 ,253,599.1 
38.023 ,254,593.0 
38.027 ,255,593.4 
38.030 ,256,591.8 
38.033 ,257,578.1 
38.037 ,258,585.9 
38.040 ,259,601.9 
38.043 ,260,589.2 
38.047 ,261,588.0 
38.050 ,262,592.6 
38.053 ,263,589.5 
38.057 ,264,603.8 
38.060 ,265,609.1 
38.063 ,266,600.9 
38.067 ,267,609.5 
38.070 ,268,597.9 
38.073 ,269,606.4 
38.077 ,270,605.9 
38.080 ,271,590.0 
38.083 ,272,586.6 
38.087 ,273,595.2 
38.090 ,274,601.1 
38.093 ,275,607.2 
38.097 ,276,598.2 
38.100 ,277,608.8 
38.103 ,278,583.9 
38.107 ,279,602.3 
38.110 ,280,588.2 
38.113 ,281,603.8 
38.117 ,282,600.1 
38.120 ,283,590.4 
38.123 ,284,601.4 
38.127 ,285,590.2 
38.130 ,286,594.5 
38.133 ,287,601.5 
38.137 ,288,592.4 
38.140 ,289,582.5 
38.143 ,290,596.3 
38.147 ,291,585.9 
38.150 ,292,594.0 
38.153 ,293,589.8 
38.157 ,294,590.3 
38.160 ,295,582.2 
38.163 ,296,585.0 
38.167 ,297,580.5 
38.170 ,298,584.6 
38.173 ,299,582.5 
38.177 ,300,578.5 
38.180 ,301,577.7 
38.183 ,302,575.2 
38.187 ,303,576.0 
38.190 ,304,580.9 
38.193 ,305,567.9 
38.197 ,306,576.9 
38.200 ,307,585.7 
38.203 ,308,576.4 
38.207 ,309,574.0 
,,
38.237 ,317,593.3 
38.240 ,318,586.0 
38.243 ,319,591.8 
38.247 ,320,592.5 
38.250 ,321,579.1 
38.253 ,322,592.2 
38.257 ,323,587.1 
38.260 ,324,599.6 
38.263 ,325,588.4 
38.267 ,326,595.5 
38.270 ,327,587.7 
38.273 ,328,589.1 
38.277 ,329,592.6 
38.280 ,330,586.9 
38.283 ,331,587.3 
38.287 ,332,585.9 
38.290 ,333,589.6 
38.293 ,334,595.7 
38.297 ,335,588.5 
38.300 ,336,584.3 
38.303 ,337,590.2 
38.307 ,338,578.6 
38.310 ,339,584.6 
38.313 ,340,593.1 
38.317 ,341,591.6 
38.320 ,342,586.4 
38.323 ,343,584.7 
38.327 ,344,587.9 
38.330 ,345,589.8 
38.333 ,346,585.5 
38.337 ,347,583.1 
38.340 ,348,591.2 
38.343 ,349,587.3 
38.347 ,350,589.1 
38.350 ,351,586.3 
38.353 ,352,583.8 
38.357 ,353,582.7 
38.360 ,354,590.4 
38.363 ,355,591.8 
38.367 ,356,578.8 
38.370 ,357,581.4 
38.373 ,358,573.2 
38.377 ,359,570.6 
38.380 ,360,588.6 
38.383 ,361,573.3 
38.387 ,362,586.8 
38.390 ,363,571.6 
38.393 ,364,583.9 
38.397 ,365,584.9 
38.400 ,366,597.6 
38.403 ,367,596.4 
38.407 ,368,586.9 
38.410 ,369,584.5 
38.413 ,370,600.6 
38.417 ,371,598.9 
38.420 ,372,599.7 
38.423 ,373,584.9 
38.427 ,374,575.6 
38.430 ,375,582.9 
38.433 ,376,576.1 
38.437 ,377,589.2 
38.440 ,378,582.4 
38.443 ,379,593.7 
38.447 ,380,594.7 
38.450 ,381,591.6 
38.453 ,382,589.2 
38.457 ,383,598.7 
38.460 ,384,597.9 
38.463 ,385,605.8 
38.467 ,386,608.2 
38.470 ,387,589.6 
38.473 ,388,604.9 
38.477 ,389,590.6 
38.480 ,390,607.6 
38.483 ,391,602.4 
38.487 ,392,614.3 
38.490 ,393,602.4 
38.493 ,394,596.5 
38.497 ,395,609.2 
38.500 ,396,605.3 
38.503 ,397,596.3 
38.507 ,398,599.7 
38.510 ,399,597.7 
38.513 ,400,596.8 
38.517 ,401,598.2 
38.520 ,402,600.2 
38.523 ,403,591.8 
38.527 ,404,602.5 
38.530 ,405,600.4 
38.533 ,406,590.6 
38.537 ,407,594.7 
38.540 ,408,594.3 
38.543 ,409,597.8 
38.547 ,410,583.8 
38.550 ,411,588.6 
38.553 ,412,592.0 
38.557 ,413,590.4 
38.560 ,414,593.4 
38.563 ,415,601.8 
38.567 ,416,597.9 
38.570 ,417,594.8 
38.573 ,418,606.9 
38.577 ,419,596.9 
38.580 ,420,594.1 
38.583 ,421,583.9 
38.587 ,422,594.8 
38.590 ,423,605.1 
38.593 ,424,604.6 
38.597 ,425,606.3 
38.600 ,426,600.7 
38.603 ,427,601.8 
38.607 ,428,603.4 
38.610 ,429,608.6 
38.613 ,430,608.1 
38.617 ,431,601.0 
38.620 ,432,613.0 
38.623 ,433,614.1 
38.627 ,434,603.5 
38.630 ,435,575.6 
38.633 ,436,593.9 
38.637 ,437,584.0 
38.640 ,438,589.8 
38.643 ,439,594.3 
38.647 ,440,586.2 
38.650 ,441,592.0 
38.653 ,442,598.0 
38.657 ,443,579.0 
38.660 ,444,589.9 
38.663 ,445,592.3 
38.667 ,446,608.4 
38.670 ,447,598.7 
38.673 ,448,604.1 
38.677 ,449,594.2 
38.680 ,450,602.0 
38.683 ,451,599.1 
38.687 ,452,592.2 
38.690 ,453,590.2 
38.693 ,454,586.5 
38.697 ,455,592.5 
38.700 ,456,587.6 
38.703 ,457,593.9 
38.707 ,458,593.7 
38.710 ,459,585.1 
38.713 ,460,589.2 
38.717 ,461,579.0 
,,
38.732 ,7,588.8 
38.735 ,8,596.1 
38.738 ,9,603.0 
38.742 ,10,597.0 
38.745 ,11,582.0 
38.748 ,12,589.7 
38.752 ,13,597.9 
38.755 ,14,600.9 
38.758 ,15,602.9 
38.762 ,16,596.9 
38.765 ,17,605.2 
38.768 ,18,597.9 
38.772 ,19,585.9 
38.775 ,20,606.1 
38.778 ,21,602.0 
38.782 ,22,582.3 
38.785 ,23,596.3 
38.788 ,24,601.9 
38.792 ,25,595.4 
38.795 ,26,605.5 
38.798 ,27,587.9 
38.802 ,28,606.9 
38.805 ,29,595.0 
38.808 ,30,605.3 
38.812 ,31,606.3 
38.815 ,32,600.8 
38.818 ,33,601.8 
38.822 ,34,596.9 
38.825 ,35,604.6 
38.828 ,36,593.4 
38.832 ,37,596.4 
38.835 ,38,606.2 
38.838 ,39,602.8 
38.842 ,40,607.5 
38.845 ,41,602.2 
38.848 ,42,611.8 
38.852 ,43,613.2 
38.855 ,44,610.6 
38.858 ,45,609.2 
38.862 ,46,610.6 
38.865 ,47,608.3 
38.868 ,48,606.5 
38.872 ,49,611.0 
38.875 ,50,620.8 
38.878 ,51,607.5 
38.882 ,52,603.0 
38.885 ,53,602.8 
38.888 ,54,611.0 
38.892 ,55,620.6 
38.895 ,56,605.7 
38.898 ,57,593.5 
38.902 ,58,595.9 
38.905 ,59,597.7 
38.908 ,60,598.5 
38.912 ,61,609.3 
38.915 ,62,605.7 
38.918 ,63,609.0 
38.922 ,64,606.2 
38.925 ,65,607.4 
38.928 ,66,611.2 
38.932 ,67,613.9 
38.935 ,68,618.1 
38.938 ,69,614.0 
38.942 ,70,612.0 
38.945 ,71,627.7 
38.948 ,72,628.5 
38.952 ,73,627.9 
38.955 ,74,623.6 
38.958 ,75,628.5 
38.962 ,76,609.4 
38.965 ,77,603.6 
38.968 ,78,615.2 
38.972 ,79,623.6 
38.975 ,80,616.6 
38.978 ,81,620.8 
38.982 ,82,625.9 
38.985 ,83,624.3 
38.988 ,84,627.8 
38.992 ,85,632.8 
38.995 ,86,625.9 
38.998 ,87,619.0 
39.002 ,88,621.8 
39.005 ,89,617.0 
39.008 ,90,615.9 
39.012 ,91,624.8 
39.015 ,92,624.4 
39.018 ,93,630.6 
39.022 ,94,615.0 
39.025 ,95,619.7 
39.028 ,96,615.1 
39.032 ,97,619.4 
39.035 ,98,618.0 
39.038 ,99,616.8 
39.042 ,100,609.0 
39.045 ,101,619.1 
39.048 ,102,619.2 
39.052 ,103,614.6 
39.055 ,104,619.6 
39.058 ,105,607.5 
39.062 ,106,618.6 
39.065 ,107,612.2 
39.068 ,108,612.3 
39.072 ,109,613.0 
39.075 ,110,613.7 
39.078 ,111,618.6 
39.082 ,112,616.6 
39.085 ,113,608.0 
39.088 ,114,608.8 
39.092 ,115,607.8 
39.095 ,116,594.2 
39.098 ,117,597.3 
39.102 ,118,594.9 
39.105 ,119,602.2 
39.108 ,120,587.6 
39.112 ,121,597.7 
39.115 ,122,602.4 
39.118 ,123,610.0 
39.122 ,124,610.4 
39.125 ,125,598.8 
39.128 ,126,611.8 
39.132 ,127,611.1 
39.135 ,128,606.1 
39.138 ,129,618.9 
39.142 ,130,624.2 
39.145 ,131,619.0 
39.148 ,132,620.7 
39.152 ,133,618.2 
39.155 ,134,617.5 
39.158 ,135,624.2 
39.162 ,136,621.7 
39.165 ,137,608.8 
39.168 ,138,612.7 
39.172 ,139,613.1 
39.175 ,140,620.9 
39.178 ,141,607.6 
39.182 ,142,629.7 
39.185 ,143,614.7 
39.188 ,144,612.1 
39.192 ,145,609.1 
39.195 ,146,624.2 
39.198 ,147,631.6 
39.202 ,148,626.5 
39.205 ,149,624.0 
39.208 ,150,617.9 
39.212 ,151,611.8 
,,
39.222 ,154,582.6 
39.225 ,155,590.8 
39.228 ,156,599.3 
39.232 ,157,594.4 
39.235 ,158,601.7 
39.238 ,159,592.8 
39.242 ,160,586.0 
39.245 ,161,589.7 
39.248 ,162,579.1 
39.252 ,163,591.6 
39.255 ,164,578.6 
39.258 ,165,591.2 
39.262 ,166,597.0 
39.265 ,167,598.1 
39.268 ,168,591.8 
39.272 ,169,596.0 
39.275 ,170,608.7 
39.278 ,171,595.6 
39.282 ,172,613.7 
39.285 ,173,604.3 
39.288 ,174,610.4 
39.292 ,175,602.1 
39.295 ,176,613.3 
39.298 ,177,611.6 
39.302 ,178,617.0 
39.305 ,179,602.1 
39.308 ,180,610.4 
39.312 ,181,609.5 
39.315 ,182,602.7 
39.318 ,183,604.5 
39.322 ,184,600.3 
39.325 ,185,605.7 
39.328 ,186,598.0 
39.332 ,187,597.5 
39.335 ,188,595.8 
39.338 ,189,608.8 
39.342 ,190,601.7 
39.345 ,191,587.7 
39.348 ,192,581.8 
39.352 ,193,598.2 
39.355 ,194,596.4 
39.358 ,195,593.2 
39.362 ,196,591.1 
39.365 ,197,598.5 
39.368 ,198,590.8 
39.372 ,199,592.9 
39.375 ,200,595.9 
39.378 ,201,586.7 
,,
39.400 ,208,623.5 
39.403 ,209,622.0 
39.407 ,210,620.6 
39.410 ,211,607.1 
39.413 ,212,609.4 
39.417 ,213,611.8 
39.420 ,214,614.0 
39.423 ,215,610.5 
39.427 ,216,608.0 
39.430 ,217,615.5 
39.433 ,218,602.4 
39.437 ,219,604.6 
39.440 ,220,614.5 
39.443 ,221,615.2 
39.447 ,222,612.6 
39.450 ,223,615.0 
39.453 ,224,623.5 
39.457 ,225,606.7 
39.460 ,226,598.2 
39.463 ,227,605.1 
39.467 ,228,613.0 
39.470 ,229,596.7 
39.473 ,230,615.0 
39.477 ,231,610.6 
39.480 ,232,611.6 
39.483 ,233,612.4 
39.487 ,234,611.5 
39.490 ,235,613.2 
39.493 ,236,623.2 
39.497 ,237,615.0 
39.500 ,238,611.5 
39.503 ,239,620.5 
39.507 ,240,612.2 
39.510 ,241,615.0 
39.513 ,242,608.4 
39.517 ,243,611.1 
39.520 ,244,609.3 
39.523 ,245,584.5 
39.527 ,246,599.3 
39.530 ,247,594.8 
39.533 ,248,597.1 
39.537 ,249,581.4 
39.540 ,250,582.6 
39.543 ,251,598.1 
39.547 ,252,595.4 
39.550 ,253,596.5 
39.553 ,254,596.2 
39.557 ,255,589.0 
39.560 ,256,588.8 
39.563 ,257,595.2 
39.567 ,258,594.2 
39.570 ,259,602.6 
39.573 ,260,592.7 
39.577 ,261,593.8 
39.580 ,262,597.6 
39.583 ,263,589.3 
39.587 ,264,599.4 
39.590 ,265,601.9 
39.593 ,266,612.6 
39.597 ,267,600.7 
39.600 ,268,613.3 
39.603 ,269,605.5 
39.607 ,270,599.5 
39.610 ,271,599.9 
39.613 ,272,601.4 
39.617 ,273,608.2 
39.620 ,274,609.6 
39.623 ,275,611.3 
39.627 ,276,605.9 
39.630 ,277,605.3 
39.633 ,278,612.0 
39.637 ,279,609.7 
39.640 ,280,611.8 
39.643 ,281,585.1 
39.647 ,282,597.5 
39.650 ,283,609.4 
39.653 ,284,603.9 
39.657 ,285,598.3 
39.660 ,286,609.0 
39.663 ,287,608.3 
39.667 ,288,615.4 
39.670 ,289,619.8 
39.673 ,290,594.2 
39.677 ,291,606.2 
39.680 ,292,601.8 
39.683 ,293,595.1 
39.687 ,294,599.0 
39.690 ,295,603.5 
39.693 ,296,609.2 
39.697 ,297,592.2 
39.700 ,298,597.3 
39.703 ,299,603.5 
39.707 ,300,598.3 
39.710 ,301,598.4 
39.713 ,302,599.2 
39.717 ,303,606.1 
39.720 ,304,617.5 
39.723 ,305,602.7 
39.727 ,306,605.7 
39.730 ,307,610.3 
39.733 ,308,609.5 
39.737 ,309,603.9 
39.740 ,310,607.8 
39.743 ,311,614.8 
39.747 ,312,609.4 
39.750 ,313,609.6 
39.753 ,314,601.2 
39.757 ,315,598.3 
39.760 ,316,600.8 
39.763 ,317,622.3 
39.767 ,318,619.3 
39.770 ,319,634.5 
39.773 ,320,624.0 
39.777 ,321,623.7 
39.780 ,322,617.0 
39.783 ,323,627.1 
39.787 ,324,616.2 
39.790 ,325,628.4 
39.793 ,326,618.7 
39.797 ,327,616.4 
39.800 ,328,613.0 
39.803 ,329,611.2 
39.807 ,330,619.0 
39.810 ,331,614.8 
39.813 ,332,614.7 
39.817 ,333,623.9 
39.820 ,334,620.8 
39.823 ,335,621.6 
39.827 ,336,625.1 
39.830 ,337,631.7 
39.833 ,338,624.3 
39.837 ,339,618.1 
39.840 ,340,627.8 
39.843 ,341,624.3 
39.847 ,342,627.2 
39.850 ,343,622.3 
39.853 ,344,630.2 
39.857 ,345,621.9 
39.860 ,346,632.8 
39.863 ,347,613.6 
39.867 ,348,623.9 
39.870 ,349,613.5 
39.873 ,350,605.8 
39.877 ,351,612.4 
39.880 ,352,616.5 
39.883 ,353,601.8 
39.887 ,354,598.6 
,,
39.903 ,359,597.3 
39.907 ,360,603.7 
39.910 ,361,605.5 
39.913 ,362,611.9 
39.917 ,363,600.4 
39.920 ,364,603.4 
39.923 ,365,613.6 
39.927 ,366,608.6 
39.930 ,367,607.1 
39.933 ,368,587.9 
39.937 ,369,587.7 
39.940 ,370,596.8 
39.943 ,371,597.3 
39.947 ,372,596.7 
39.950 ,373,586.8 
39.953 ,374,595.1 
39.957 ,375,588.3 
39.960 ,376,594.3 
39.963 ,377,587.4 
39.967 ,378,600.7 
39.970 ,379,604.3 
39.973 ,380,606.7 
39.977 ,381,609.3 
39.980 ,382,597.7 
39.983 ,383,598.3 
39.987 ,384,598.4 
39.990 ,385,595.6 
39.993 ,386,593.2 
39.997 ,387,607.7 
40.000 ,388,601.0 
40.003 ,389,595.6 
40.007 ,390,595.8 
40.010 ,391,583.7 
40.013 ,392,599.2 
40.017 ,393,597.7 
40.020 ,394,604.7 
40.023 ,395,611.6 
40.027 ,396,613.6 
40.030 ,397,602.5 
40.033 ,398,608.3 
40.037 ,399,591.2 
40.040 ,400,599.8 
40.043 ,401,597.5 
40.047 ,402,604.6 
40.050 ,403,601.2 
40.053 ,404,605.9 
40.057 ,405,601.0 
40.060 ,406,600.0 
40.063 ,407,605.1 
40.067 ,408,610.8 
40.070 ,409,609.0 
40.073 ,410,601.8 
40.077 ,411,607.3 
40.080 ,412,606.6 
40.083 ,413,601.0 
40.087 ,414,616.8 
40.090 ,415,616.7 
40.093 ,416,626.4 
40.097 ,417,625.4 
40.100 ,418,617.0 
40.103 ,419,621.9 
40.107 ,420,629.5 
40.110 ,421,618.4 
40.113 ,422,617.5 
40.117 ,423,601.7 
40.120 ,424,618.8 
40.123 ,425,609.9 
40.127 ,426,611.4 
40.130 ,427,624.5 
40.133 ,428,620.5 
40.137 ,429,621.1 
40.140 ,430,628.7 
40.143 ,431,620.4 
40.147 ,432,610.4 
40.150 ,433,612.1 
40.153 ,434,624.0 
40.157 ,435,619.1 
40.160 ,436,615.6 
40.163 ,437,621.7 
40.167 ,438,606.9 
40.170 ,439,617.4 
40.173 ,440,615.3 
40.177 ,441,613.0 
40.180 ,442,604.2 
40.183 ,443,604.4 
40.187 ,444,601.0 
40.190 ,445,605.2 
40.193 ,446,600.4 
40.197 ,447,603.9 
40.200 ,448,619.4 
40.203 ,449,607.1 
40.207 ,450,601.7 
40.210 ,451,609.7 
40.213 ,452,607.5 
40.217 ,453,609.1 
40.220 ,454,608.0 
40.223 ,455,596.8 
40.227 ,456,602.4 
40.230 ,457,613.5 
40.233 ,458,609.8 
40.237 ,459,586.6 
40.240 ,460,597.3 
40.243 ,461,591.8 
40.247 ,462,598.2 
40.250 ,463,593.0 
40.253 ,464,598.9 
40.257 ,465,602.2 
40.260 ,466,611.4 
40.263 ,467,606.5 
40.267 ,468,585.4 
,,
40.293 ,6,606.8 
40.297 ,7,610.7 
40.300 ,8,607.5 
40.303 ,9,609.1 
40.307 ,10,612.8 
40.310 ,11,610.5 
40.313 ,12,599.5 
40.317 ,13,611.2 
40.320 ,14,620.2 
40.323 ,15,603.9 
40.327 ,16,601.9 
40.330 ,17,599.0 
40.333 ,18,597.4 
40.337 ,19,608.1 
40.340 ,20,623.8 
40.343 ,21,617.0 
40.347 ,22,604.3 
40.350 ,23,614.7 
40.353 ,24,610.6 
40.357 ,25,616.8 
40.360 ,26,605.4 
40.363 ,27,608.0 
40.367 ,28,607.8 
40.370 ,29,609.2 
40.373 ,30,611.2 
40.377 ,31,617.9 
40.380 ,32,615.1 
40.383 ,33,608.0 
40.387 ,34,608.3 
40.390 ,35,608.6 
40.393 ,36,611.4 
40.397 ,37,607.6 
40.400 ,38,621.5 
40.403 ,39,609.1 
40.407 ,40,600.0 
40.410 ,41,607.6 
40.413 ,42,598.4 
40.417 ,43,604.0 
40.420 ,44,614.9 
40.423 ,45,613.0 
40.427 ,46,603.9 
40.430 ,47,613.6 
40.433 ,48,609.8 
40.437 ,49,606.5 
40.440 ,50,617.5 
40.443 ,51,621.3 
40.447 ,52,614.7 
40.450 ,53,601.3 
40.453 ,54,613.0 
40.457 ,55,611.9 
40.460 ,56,596.6 
40.463 ,57,589.8 
40.467 ,58,596.0 
40.470 ,59,609.4 
40.473 ,60,600.3 
40.477 ,61,600.3 
40.480 ,62,600.0 
40.483 ,63,608.2 
40.487 ,64,601.5 
40.490 ,65,612.0 
40.493 ,66,617.2 
40.497 ,67,618.1 
40.500 ,68,611.8 
40.503 ,69,613.8 
40.507 ,70,611.6 
40.510 ,71,615.5 
40.513 ,72,606.4 
40.517 ,73,608.6 
40.520 ,74,594.6 
40.523 ,75,604.9 
40.527 ,76,599.6 
40.530 ,77,594.6 
40.533 ,78,611.8 
40.537 ,79,606.1 
40.540 ,80,610.9 
40.543 ,81,612.6 
40.547 ,82,609.0 
40.550 ,83,621.4 
40.553 ,84,616.2 
40.557 ,85,617.2 
40.560 ,86,617.2 
40.563 ,87,609.2 
40.567 ,88,620.8 
40.570 ,89,621.2 
40.573 ,90,610.0 
40.577 ,91,601.5 
40.580 ,92,615.3 
40.583 ,93,614.0 
40.587 ,94,614.3 
40.590 ,95,613.4 
40.593 ,96,609.8 
40.597 ,97,611.2 
40.600 ,98,594.9 
40.603 ,99,603.5 
40.607 ,100,598.7 
40.610 ,101,601.3 
40.613 ,102,600.0 
40.617 ,103,599.9 
40.620 ,104,601.3 
40.623 ,105,593.4 
40.627 ,106,594.2 
40.630 ,107,610.7 
40.633 ,108,609.6 
40.637 ,109,614.2 
40.640 ,110,618.9 
40.643 ,111,606.3 
40.647 ,112,616.0 
40.650 ,113,612.6 
40.653 ,114,615.2 
40.657 ,115,606.8 
40.660 ,116,619.3 
40.663 ,117,614.9 
40.667 ,118,608.3 
40.670 ,119,607.2 
40.673 ,120,598.5 
40.677 ,121,611.1 
40.680 ,122,605.0 
40.683 ,123,591.8 
40.687 ,124,591.6 
40.690 ,125,601.9 
40.693 ,126,607.1 
40.697 ,127,600.0 
40.700 ,128,608.0 
40.703 ,129,609.2 
40.707 ,130,602.2 
40.710 ,131,599.3 
40.713 ,132,603.0 
40.717 ,133,611.8 
40.720 ,134,615.2 
40.723 ,135,597.9 
40.727 ,136,610.4 
40.730 ,137,593.5 
40.733 ,138,588.1 
40.737 ,139,599.2 
40.740 ,140,597.9 
40.743 ,141,593.9 
40.747 ,142,608.1 
40.750 ,143,597.2 
40.753 ,144,610.2 
40.757 ,145,621.9 
40.760 ,146,611.1 
40.763 ,147,620.2 
40.767 ,148,610.9 
40.770 ,149,609.6 
40.773 ,150,615.0 
40.777 ,151,607.2 
,,
40.783 ,156,613.7 
40.787 ,157,600.8 
40.790 ,158,608.7 
40.793 ,159,594.0 
40.797 ,160,612.4 
40.800 ,161,603.0 
40.803 ,162,619.3 
40.807 ,163,612.2 
40.810 ,164,614.9 
40.813 ,165,604.5 
40.817 ,166,603.1 
40.820 ,167,604.4 
40.823 ,168,606.4 
40.827 ,169,613.8 
40.830 ,170,602.4 
40.833 ,171,613.7 
40.837 ,172,623.4 
40.840 ,173,607.5 
40.843 ,174,608.6 
40.847 ,175,612.8 
40.850 ,176,619.4 
40.853 ,177,624.7 
40.857 ,178,608.0 
40.860 ,179,622.6 
40.863 ,180,602.6 
40.867 ,181,610.6 
40.870 ,182,608.7 
40.873 ,183,596.9 
40.877 ,184,608.1 
40.880 ,185,602.1 
40.883 ,186,611.6 
40.887 ,187,599.4 
40.890 ,188,610.7 
40.893 ,189,613.3 
40.897 ,190,609.9 
40.900 ,191,614.1 
40.903 ,192,602.6 
40.907 ,193,616.8 
40.910 ,194,602.6 
40.913 ,195,606.4 
40.917 ,196,609.1 
40.920 ,197,609.6 
40.923 ,198,603.0 
40.927 ,199,605.6 
40.930 ,200,617.3 
40.933 ,201,596.7 
40.937 ,202,617.0 
40.940 ,204,594.2 
40.943 ,205,592.8 
40.947 ,206,598.3 
40.950 ,207,596.8 
40.953 ,208,599.9 
40.957 ,209,597.0 
40.960 ,210,606.0 
40.963 ,211,607.9 
40.967 ,212,607.7 
40.970 ,213,594.1 
40.973 ,214,612.8 
40.977 ,215,614.4 
40.980 ,216,607.7 
40.983 ,217,612.2 
40.987 ,218,619.6 
40.990 ,219,608.3 
40.993 ,220,620.2 
40.997 ,221,620.3 
41.000 ,222,619.5 
41.003 ,223,632.1 
41.007 ,224,624.3 
41.010 ,225,617.3 
41.013 ,226,604.3 
41.017 ,227,606.7 
41.020 ,228,605.4 
41.023 ,229,623.0 
41.027 ,230,614.9 
41.030 ,231,621.6 
41.033 ,232,627.5 
41.037 ,233,620.9 
41.040 ,234,623.2 
41.043 ,235,614.5 
41.047 ,236,630.3 
41.050 ,237,621.5 
41.053 ,238,630.4 
41.057 ,239,615.9 
41.060 ,240,608.1 
41.063 ,241,607.5 
41.067 ,242,612.0 
41.070 ,243,604.6 
41.073 ,244,612.5 
41.077 ,245,601.8 
41.080 ,246,618.5 
41.083 ,247,613.7 
41.087 ,248,611.6 
41.090 ,249,613.2 
41.093 ,250,613.9 
41.097 ,251,604.9 
41.100 ,252,606.5 
41.103 ,253,604.4 
41.107 ,254,600.2 
41.110 ,255,603.8 
41.113 ,256,599.0 
41.117 ,257,602.4 
41.120 ,258,597.4 
,,
41.140 ,5,616.9 
41.143 ,6,622.4 
41.147 ,7,622.6 
41.150 ,8,626.3 
41.153 ,9,635.1 
41.157 ,10,622.9 
41.160 ,11,622.4 
41.163 ,12,628.1 
41.167 ,13,622.7 
41.170 ,14,614.5 
41.173 ,15,617.1 
41.177 ,16,617.9 
41.180 ,17,628.1 
41.183 ,18,610.5 
41.187 ,19,617.6 
41.190 ,20,609.9 
41.193 ,21,612.3 
41.197 ,22,605.3 
41.200 ,23,603.0 
41.203 ,24,605.9 
41.207 ,25,606.4 
41.210 ,26,602.4 
41.213 ,27,607.6 
41.217 ,28,601.4 
41.220 ,29,616.9 
41.223 ,30,628.1 
41.227 ,31,634.2 
41.230 ,32,625.2 
41.233 ,33,616.5 
41.237 ,34,631.8 
41.240 ,35,629.8 
41.243 ,36,624.9 
41.247 ,37,617.5 
41.250 ,38,614.8 
41.253 ,39,613.5 
41.257 ,40,624.2 
41.260 ,41,630.2 
41.263 ,42,631.2 
41.267 ,43,619.0 
41.270 ,44,616.1 
41.273 ,45,616.7 
41.277 ,46,617.9 
41.280 ,47,622.8 
41.283 ,48,626.1 
41.287 ,49,621.6 
41.290 ,50,612.8 
41.293 ,51,614.3 
41.297 ,52,616.6 
41.300 ,53,625.3 
41.303 ,54,614.7 
41.307 ,55,618.6 
41.310 ,56,612.4 
41.313 ,57,610.8 
41.317 ,58,627.7 
41.320 ,59,620.4 
41.323 ,60,619.6 
41.327 ,61,617.4 
41.330 ,62,628.7 
41.333 ,63,625.2 
41.337 ,64,629.4 
41.340 ,65,612.0 
41.343 ,66,618.0 
41.347 ,67,615.0 
41.350 ,68,618.2 
41.353 ,69,614.1 
41.357 ,70,616.0 
41.360 ,71,614.6 
41.363 ,72,626.7 
41.367 ,73,612.0 
41.370 ,74,605.3 
41.373 ,75,612.6 
41.377 ,76,608.3 
41.380 ,77,608.2 
41.383 ,78,615.1 
41.387 ,79,620.9 
41.390 ,80,610.2 
41.393 ,81,625.3 
41.397 ,82,617.5 
41.400 ,83,622.4 
41.403 ,84,624.6 
41.407 ,85,630.1 
41.410 ,86,623.5 
41.413 ,87,627.9 
41.417 ,88,603.1 
41.420 ,89,619.2 
41.423 ,90,622.9 
41.427 ,91,608.5 
41.430 ,92,617.5 
41.433 ,93,618.1 
41.437 ,94,612.3 
41.440 ,95,621.1 
41.443 ,96,617.1 
41.447 ,97,602.6 
41.450 ,98,613.3 
41.453 ,99,612.3 
41.457 ,100,605.1 
41.460 ,101,615.1 
41.463 ,102,619.1 
41.467 ,103,615.7 
41.470 ,104,610.9 
41.473 ,105,622.2 
41.477 ,106,622.0 
41.480 ,107,625.0 
41.483 ,108,616.3 
41.487 ,109,625.5 
41.490 ,110,616.7 
41.493 ,111,625.1 
41.497 ,112,617.9 
41.500 ,113,619.5 
41.503 ,114,633.0 
41.507 ,115,614.1 
41.510 ,116,617.3 
41.513 ,117,618.5 
41.517 ,118,620.3 
41.520 ,119,610.3 
41.523 ,120,614.9 
41.527 ,121,624.1 
41.530 ,122,616.5 
41.533 ,123,600.2 
,,
41.567 ,129,618.1 
41.570 ,130,626.8 
41.573 ,131,614.8 
41.577 ,132,624.8 
41.580 ,133,615.3 
41.583 ,134,609.7 
41.587 ,135,619.2 
41.590 ,136,625.4 
41.593 ,137,625.0 
41.597 ,138,620.7 
41.600 ,139,626.0 
41.603 ,140,638.2 
41.607 ,141,629.4 
41.610 ,142,633.0 
41.613 ,143,632.3 
41.617 ,144,631.3 
41.620 ,145,622.5 
41.623 ,146,623.0 
41.627 ,147,633.3 
41.630 ,148,622.2 
41.633 ,149,624.6 
41.637 ,150,635.2 
41.640 ,151,614.3 
41.643 ,152,628.5 
41.647 ,153,623.3 
41.650 ,154,628.3 
41.653 ,155,624.6 
41.657 ,156,634.7 
41.660 ,157,621.9 
41.663 ,158,634.8 
41.667 ,159,625.5 
41.670 ,160,629.7 
41.673 ,161,617.8 
41.677 ,162,615.7 
41.680 ,163,618.3 
41.683 ,164,605.3 
41.687 ,165,612.1 
41.690 ,166,617.5 
41.693 ,167,609.1 
41.697 ,168,625.9 
41.700 ,169,618.1 
41.703 ,170,627.4 
41.707 ,171,610.1 
41.710 ,172,623.5 
41.713 ,173,623.1 
41.717 ,174,625.1 
41.720 ,175,621.5 
41.723 ,176,625.5 
41.727 ,177,620.7 
41.730 ,178,625.0 
41.733 ,179,625.6 
41.737 ,180,621.7 
41.740 ,181,624.8 
41.743 ,182,633.4 
41.747 ,183,625.0 
41.750 ,184,635.7 
41.753 ,185,639.1 
41.757 ,186,632.7 
41.760 ,187,634.2 
41.763 ,188,621.7 
41.767 ,189,633.6 
41.770 ,190,632.7 
41.773 ,191,631.5 
41.777 ,192,634.3 
41.780 ,193,624.1 
41.783 ,194,619.4 
41.787 ,195,629.9 
41.790 ,196,627.8 
41.793 ,197,634.8 
41.797 ,198,644.4 
41.800 ,199,621.3 
41.803 ,200,626.8 
41.807 ,201,623.0 
41.810 ,202,614.5 
41.813 ,203,623.5 
41.817 ,204,614.5 
41.820 ,205,627.0 
41.823 ,206,624.2 
41.827 ,207,627.6 
41.830 ,208,630.8 
41.833 ,209,631.9 
41.837 ,210,633.7 
41.840 ,211,630.8 
41.843 ,212,628.3 
41.847 ,213,621.1 
41.850 ,214,630.3 
41.853 ,215,625.5 
41.857 ,216,640.7 
41.860 ,217,628.1 
41.863 ,218,620.0 
41.867 ,219,629.1 
41.870 ,220,626.8 
41.873 ,221,627.8 
41.877 ,222,620.3 
41.880 ,223,634.2 
41.883 ,224,626.4 
41.887 ,225,620.4 
41.890 ,226,621.7 
41.893 ,227,627.7 
41.897 ,228,634.4 
41.900 ,229,618.3 
41.903 ,230,628.3 
41.907 ,231,630.5 
41.910 ,232,638.6 
41.913 ,233,632.2 
41.917 ,234,626.8 
41.920 ,235,616.9 
41.923 ,236,628.6 
41.927 ,237,629.1 
41.930 ,238,639.5 
41.933 ,239,631.5 
41.937 ,240,635.3 
41.940 ,241,637.9 
41.943 ,242,635.4 
41.947 ,243,636.5 
41.950 ,244,621.4 
41.953 ,245,635.3 
41.957 ,246,622.5 
41.960 ,247,620.2 
41.963 ,248,621.3 
41.967 ,249,626.8 
41.970 ,250,625.9 
41.973 ,251,623.3 
41.977 ,252,631.9 
41.980 ,253,633.9 
41.983 ,254,628.3 
41.987 ,255,633.1 
41.990 ,256,629.1 
41.993 ,257,645.2 
41.997 ,258,638.4 
42.000 ,259,632.4 
42.003 ,260,632.4 
42.007 ,261,626.8 
42.010 ,262,622.7 
42.013 ,263,629.8 
42.017 ,264,626.4 
42.020 ,265,621.9 
42.023 ,266,611.8 
42.027 ,267,616.9 
42.030 ,268,619.0 
42.033 ,269,609.3 
42.037 ,270,610.9 
42.040 ,271,609.6 
42.043 ,272,617.5 
42.047 ,273,617.4 
42.050 ,274,624.6 
42.053 ,275,625.0 
42.057 ,276,618.2 
42.060 ,277,622.3 
42.063 ,278,606.0 
42.067 ,279,603.5 
,,
42.067 ,285,618.4 
42.070 ,286,612.9 
42.073 ,287,640.4 
42.077 ,288,633.9 
42.080 ,289,627.7 
42.083 ,290,612.9 
42.087 ,291,624.6 
42.090 ,292,627.9 
42.093 ,293,630.3 
42.097 ,294,633.2 
42.100 ,295,630.3 
42.103 ,296,629.7 
42.107 ,297,624.8 
42.110 ,298,636.8 
42.113 ,299,630.1 
42.117 ,300,641.1 
42.120 ,301,625.7 
42.123 ,302,618.9 
42.127 ,303,631.4 
42.130 ,304,621.7 
42.133 ,305,633.7 
42.137 ,306,635.7 
42.140 ,307,640.5 
42.143 ,308,609.0 
42.147 ,309,610.1 
42.150 ,310,619.3 
42.153 ,311,615.0 
42.157 ,312,621.1 
42.160 ,313,630.3 
42.163 ,314,627.3 
42.167 ,315,627.1 
42.170 ,316,631.1 
42.173 ,317,631.8 
42.177 ,318,626.6 
42.180 ,319,626.5 
42.183 ,320,632.2 
42.187 ,321,627.2 
42.190 ,322,633.8 
42.193 ,323,632.6 
42.197 ,324,631.2 
42.200 ,325,620.0 
42.203 ,326,624.0 
42.207 ,327,641.8 
42.210 ,328,627.3 
42.213 ,329,625.9 
42.217 ,330,632.6 
42.220 ,331,619.4 
42.223 ,332,629.3 
42.227 ,333,625.6 
42.230 ,334,629.7 
42.233 ,335,627.1 
42.237 ,336,636.2 
42.240 ,337,620.3 
42.243 ,338,636.1 
42.247 ,339,627.1 
42.250 ,340,632.1 
42.253 ,341,625.8 
42.257 ,342,619.4 
42.260 ,343,619.7 
42.263 ,344,624.8 
42.267 ,345,621.3 
42.270 ,346,618.3 
42.273 ,347,634.3 
42.277 ,348,617.0 
42.280 ,349,623.4 
42.283 ,350,616.3 
42.287 ,351,622.9 
42.290 ,352,628.7 
42.293 ,353,624.1 
42.297 ,354,629.8 
42.300 ,355,616.1 
42.303 ,356,624.3 
42.307 ,357,631.6 
42.310 ,358,622.1 
42.313 ,359,634.2 
42.317 ,360,620.7 
42.320 ,361,631.6 
42.323 ,362,631.0 
42.327 ,363,638.9 
42.330 ,364,622.6 
42.333 ,365,624.7 
42.337 ,366,625.8 
42.340 ,367,620.3 
42.343 ,368,617.8 
42.347 ,369,616.4 
42.350 ,370,628.1 
42.353 ,371,628.0 
42.357 ,372,621.8 
42.360 ,373,616.1 
42.363 ,374,622.6 
42.367 ,375,623.1 
42.370 ,376,614.1 
42.373 ,377,628.0 
42.377 ,378,622.1 
42.380 ,379,620.1 
42.383 ,380,628.0 
42.387 ,381,626.2 
42.390 ,382,625.2 
42.393 ,383,625.4 
42.397 ,384,624.5 
42.400 ,385,626.1 
42.403 ,386,622.3 
42.407 ,387,627.0 
42.410 ,388,618.7 
42.413 ,389,628.3 
42.417 ,390,632.9 
42.420 ,391,633.1 
42.423 ,392,625.0 
42.427 ,393,626.6 
42.430 ,394,632.4 
42.433 ,395,633.8 
42.437 ,396,629.7 
42.440 ,397,625.8 
42.443 ,398,625.8 
42.447 ,399,626.3 
42.450 ,400,628.9 
42.453 ,401,631.0 
42.457 ,402,623.2 
42.460 ,403,625.6 
42.463 ,404,616.8 
42.467 ,405,614.6 
42.470 ,406,618.7 
42.473 ,407,618.1 
42.477 ,408,622.3 
42.480 ,409,626.7 
42.483 ,410,626.9 
42.487 ,411,616.2 
42.490 ,412,627.3 
42.493 ,413,627.5 
42.497 ,414,631.4 
42.500 ,415,630.1 
42.503 ,416,637.5 
42.507 ,417,624.1 
42.510 ,418,616.4 
42.513 ,419,625.6 
42.517 ,420,621.3 
42.520 ,421,633.0 
42.523 ,422,621.2 
42.527 ,423,626.8 
42.530 ,424,618.3 
42.533 ,425,625.8 
42.537 ,426,612.8 
42.540 ,427,618.7 
42.543 ,428,626.1 
42.547 ,429,630.5 
42.550 ,430,620.9 
42.553 ,431,626.7 
42.557 ,432,620.4 
,,
42.575 ,8,632.4 
42.578 ,9,631.4 
42.582 ,10,615.5 
42.585 ,11,624.4 
42.588 ,12,609.0 
42.592 ,13,611.8 
42.595 ,14,618.2 
42.598 ,15,618.8 
42.602 ,16,623.3 
42.605 ,17,637.7 
42.608 ,18,620.6 
42.612 ,19,623.7 
42.615 ,20,624.6 
42.618 ,21,625.1 
42.622 ,22,633.1 
42.625 ,23,630.1 
42.628 ,24,633.7 
42.632 ,25,621.5 
42.635 ,26,632.2 
42.638 ,27,617.4 
42.642 ,28,621.7 
42.645 ,29,631.4 
42.648 ,30,625.1 
42.652 ,31,636.0 
42.655 ,32,630.6 
42.658 ,33,631.1 
42.662 ,34,629.5 
42.665 ,35,626.5 
42.668 ,36,631.7 
42.672 ,37,632.7 
42.675 ,38,620.1 
42.678 ,39,628.4 
42.682 ,40,634.9 
42.685 ,41,630.2 
42.688 ,42,632.4 
42.692 ,43,639.6 
42.695 ,44,627.7 
42.698 ,45,631.9 
42.702 ,46,631.8 
42.705 ,47,632.2 
42.708 ,48,631.8 
42.712 ,49,622.3 
42.715 ,50,634.1 
42.718 ,51,625.5 
42.722 ,52,621.4 
42.725 ,53,621.5 
42.728 ,54,622.3 
42.732 ,55,626.0 
42.735 ,56,630.9 
42.738 ,57,632.3 
42.742 ,58,622.6 
42.745 ,59,620.3 
42.748 ,60,622.5 
42.752 ,61,645.3 
42.755 ,62,621.3 
42.758 ,63,615.9 
42.762 ,64,614.1 
42.765 ,65,620.3 
42.768 ,66,622.5 
42.772 ,67,628.5 
42.775 ,68,623.8 
42.778 ,69,630.1 
42.782 ,70,634.6 
42.785 ,71,631.1 
42.788 ,72,637.1 
42.792 ,73,630.7 
42.795 ,74,626.0 
42.798 ,75,620.5 
42.802 ,76,639.7 
42.805 ,77,644.7 
42.808 ,78,636.1 
42.812 ,79,632.3 
42.815 ,80,639.3 
42.818 ,81,643.9 
42.822 ,82,639.7 
42.825 ,83,618.2 
42.828 ,84,620.1 
42.832 ,85,627.8 
42.835 ,86,631.7 
42.838 ,87,631.8 
42.842 ,88,630.3 
42.845 ,89,630.5 
42.848 ,90,624.6 
42.852 ,91,632.8 
42.855 ,92,637.9 
42.858 ,93,631.2 
42.862 ,94,630.8 
42.865 ,95,623.8 
42.868 ,96,632.4 
42.872 ,97,628.9 
42.875 ,98,630.9 
42.878 ,99,629.8 
42.882 ,100,628.7 
42.885 ,101,628.6 
42.888 ,102,625.8 
42.892 ,103,628.3 
42.895 ,104,623.8 
42.898 ,105,627.7 
42.902 ,106,629.4 
42.905 ,107,630.8 
42.908 ,108,630.1 
42.912 ,109,626.4 
42.915 ,110,628.2 
42.918 ,111,618.5 
42.922 ,112,615.3 
42.925 ,113,615.3 
42.928 ,114,628.5 
42.932 ,115,615.3 
42.935 ,116,626.2 
42.938 ,117,624.9 
42.942 ,118,620.7 
42.945 ,119,620.5 
,,
42.967 ,126,631.3 
42.970 ,127,631.8 
42.973 ,128,640.0 
42.977 ,129,632.6 
42.980 ,130,631.0 
42.983 ,131,623.0 
42.987 ,132,624.0 
42.990 ,133,633.2 
42.993 ,134,627.4 
42.997 ,135,623.6 
43.000 ,136,626.3 
43.003 ,137,630.1 
43.007 ,138,631.8 
43.010 ,139,618.3 
43.013 ,140,627.0 
43.017 ,141,624.3 
43.020 ,142,618.5 
43.023 ,143,615.0 
43.027 ,144,622.2 
43.030 ,145,619.0 
43.033 ,146,625.4 
43.037 ,147,628.5 
43.040 ,148,633.6 
43.043 ,149,621.2 
43.047 ,150,620.6 
43.050 ,151,630.1 
43.053 ,152,633.1 
43.057 ,153,627.1 
43.060 ,154,622.0 
43.063 ,155,629.1 
43.067 ,156,627.5 
43.070 ,157,627.5 
43.073 ,158,615.7 
43.077 ,159,630.5 
43.080 ,160,626.9 
43.083 ,161,632.6 
43.087 ,162,632.8 
43.090 ,163,630.3 
43.093 ,164,625.4 
43.097 ,165,631.3 
43.100 ,166,627.6 
43.103 ,167,625.8 
43.107 ,168,624.9 
43.110 ,169,621.6 
43.113 ,170,632.7 
43.117 ,171,629.9 
43.120 ,172,633.3 
43.123 ,173,629.3 
43.127 ,174,629.7 
43.130 ,175,627.3 
43.133 ,176,626.7 
43.137 ,177,629.2 
43.140 ,178,629.9 
43.143 ,179,629.1 
43.147 ,180,630.6 
43.150 ,181,621.2 
43.153 ,182,633.0 
43.157 ,183,629.4 
43.160 ,184,625.7 
43.163 ,185,627.5 
43.167 ,186,621.8 
43.170 ,187,609.6 
43.173 ,188,616.1 
43.177 ,189,609.3 
43.180 ,190,626.9 
43.183 ,191,623.4 
43.187 ,192,619.6 
43.190 ,193,633.8 
43.193 ,194,628.2 
43.197 ,195,622.0 
43.200 ,196,614.5 
43.203 ,197,619.5 
43.207 ,198,621.4 
43.210 ,199,632.8 
43.213 ,200,626.9 
43.217 ,201,628.9 
43.220 ,202,625.8 
43.223 ,203,636.5 
43.227 ,204,624.1 
43.230 ,205,617.5 
43.233 ,206,606.9 
43.237 ,207,621.8 
43.240 ,208,626.7 
43.243 ,209,620.8 
43.247 ,210,631.9 
43.250 ,211,626.3 
43.253 ,212,631.7 
43.257 ,213,628.8 
43.260 ,214,621.4 
43.263 ,215,628.0 
43.267 ,216,618.4 
43.270 ,217,612.2 
43.273 ,218,619.3 
43.277 ,219,611.5 
43.280 ,220,627.9 
43.283 ,221,609.8 
43.287 ,222,612.2 
43.290 ,223,617.9 
43.293 ,224,620.0 
43.297 ,225,615.7 
43.300 ,226,616.2 
43.303 ,227,620.7 
43.307 ,228,611.2 
43.310 ,229,607.6 
43.313 ,230,610.7 
43.317 ,231,607.1 
43.320 ,232,626.0 
43.323 ,233,609.5 
43.327 ,234,609.3 
43.330 ,235,610.9 
43.333 ,236,616.1 
43.337 ,237,614.8 
43.340 ,238,613.7 
43.343 ,239,600.9 
43.347 ,240,607.5 
,,
43.363 ,245,629.7 
43.367 ,246,622.2 
43.370 ,247,626.9 
43.373 ,248,633.7 
43.377 ,249,620.5 
43.380 ,250,622.5 
43.383 ,251,608.6 
43.387 ,252,596.9 
43.390 ,253,603.9 
43.393 ,254,615.5 
43.397 ,255,605.5 
43.400 ,256,611.6 
43.403 ,257,619.7 
43.407 ,258,623.3 
43.410 ,259,634.6 
43.413 ,260,622.7 
43.417 ,261,623.7 
43.420 ,262,615.3 
43.423 ,263,620.5 
43.427 ,264,619.7 
43.430 ,265,620.3 
43.433 ,266,610.6 
43.437 ,267,611.9 
43.440 ,268,608.0 
43.443 ,269,607.2 
43.447 ,270,614.9 
43.450 ,271,610.2 
43.453 ,272,616.1 
43.457 ,273,608.2 
43.460 ,274,624.3 
43.463 ,275,613.4 
43.467 ,276,621.7 
43.470 ,277,627.8 
43.473 ,278,619.9 
43.477 ,279,630.8 
43.480 ,280,620.1 
43.483 ,281,620.3 
43.487 ,282,618.0 
43.490 ,283,611.2 
43.493 ,284,624.2 
43.497 ,285,627.4 
43.500 ,286,615.7 
43.503 ,287,617.2 
43.507 ,288,623.7 
43.510 ,289,616.7 
43.513 ,290,615.3 
43.517 ,291,616.7 
43.520 ,292,619.3 
43.523 ,293,622.6 
43.527 ,294,611.9 
43.530 ,295,622.4 
43.533 ,296,620.4 
43.537 ,297,633.4 
43.540 ,298,631.2 
43.543 ,299,626.8 
43.547 ,300,627.6 
43.550 ,301,620.9 
43.553 ,302,612.9 
43.557 ,303,621.5 
43.560 ,304,615.1 
43.563 ,305,607.2 
43.567 ,306,613.2 
43.570 ,307,610.0 
43.573 ,308,610.0 
43.577 ,309,615.3 
43.580 ,310,617.4 
43.583 ,311,619.3 
43.587 ,312,614.0 
43.590 ,313,613.4 
43.593 ,314,619.1 
43.597 ,315,618.6 
43.600 ,316,620.4 
43.603 ,317,607.2 
,,
43.627 ,9,633.0 
43.630 ,10,634.4 
43.633 ,11,621.5 
43.637 ,12,626.3 
43.640 ,13,624.4 
43.643 ,14,630.9 
43.647 ,15,632.7 
43.650 ,16,624.0 
43.653 ,17,627.6 
43.657 ,18,625.6 
43.660 ,19,623.7 
43.663 ,20,631.0 
43.667 ,21,628.5 
43.670 ,22,636.7 
43.673 ,23,628.4 
43.677 ,24,632.4 
43.680 ,25,640.2 
43.683 ,26,647.9 
43.687 ,27,625.9 
43.690 ,28,627.1 
43.693 ,29,620.6 
43.697 ,30,626.9 
43.700 ,31,630.5 
43.703 ,32,620.8 
43.707 ,33,611.1 
43.710 ,34,613.5 
43.713 ,35,607.6 
43.717 ,36,619.3 
43.720 ,37,622.9 
43.723 ,38,621.8 
43.727 ,39,623.5 
43.730 ,40,617.4 
43.733 ,41,625.7 
43.737 ,42,629.5 
43.740 ,43,624.2 
43.743 ,44,626.4 
43.747 ,45,629.4 
43.750 ,46,616.5 
43.753 ,47,617.5 
43.757 ,48,618.1 
43.760 ,49,625.7 
43.763 ,50,615.4 
43.767 ,51,627.9 
43.770 ,52,626.9 
43.773 ,53,628.5 
43.777 ,54,624.7 
43.780 ,55,620.1 
43.783 ,56,618.1 
43.787 ,57,628.7 
43.790 ,58,629.7 
43.793 ,59,629.1 
43.797 ,60,640.9 
43.800 ,61,631.6 
43.803 ,62,625.1 
43.807 ,63,639.6 
43.810 ,64,642.8 
43.813 ,65,630.2 
43.817 ,66,646.4 
43.820 ,67,640.6 
43.823 ,68,634.6 
43.827 ,69,641.2 
43.830 ,70,637.8 
43.833 ,71,643.4 
43.837 ,72,645.1 
43.840 ,73,629.0 
43.843 ,74,637.0 
43.847 ,75,626.8 
43.850 ,76,632.4 
43.853 ,77,631.8 
43.857 ,78,636.3 
43.860 ,79,629.6 
43.863 ,80,636.0 
43.867 ,81,631.1 
43.870 ,82,626.3 
43.873 ,83,616.5 
43.877 ,84,623.7 
43.880 ,85,628.7 
43.883 ,86,629.6 
43.887 ,87,629.7 
43.890 ,88,639.3 
43.893 ,89,634.1 
43.897 ,90,632.0 
43.900 ,91,641.4 
43.903 ,92,633.6 
43.907 ,93,637.9 
43.910 ,94,638.5 
43.913 ,95,637.7 
43.917 ,96,637.5 
43.920 ,97,634.2 
43.923 ,98,634.9 
43.927 ,99,639.5 
43.930 ,100,634.3 
43.933 ,101,634.4 
43.937 ,102,630.4 
43.940 ,103,637.9 
43.943 ,104,634.5 
43.947 ,105,643.8 
43.950 ,106,646.0 
43.953 ,107,625.0 
43.957 ,108,636.0 
43.960 ,109,627.5 
43.963 ,110,631.8 
43.967 ,111,636.3 
43.970 ,112,624.5 
43.973 ,113,642.8 
43.977 ,114,624.2 
43.980 ,115,635.7 
43.983 ,116,651.5 
43.987 ,117,636.9 
43.990 ,118,640.6 
43.993 ,119,633.8 
43.997 ,120,648.7 
44.000 ,121,638.0 
44.003 ,122,648.5 
44.007 ,123,636.8 
44.010 ,124,632.1 
44.013 ,125,640.4 
44.017 ,126,637.6 
44.020 ,127,636.5 
44.023 ,128,638.3 
44.027 ,129,646.0 
44.030 ,130,634.7 
44.033 ,131,641.2 
44.037 ,132,632.0 
44.040 ,133,631.4 
44.043 ,134,641.0 
44.047 ,135,634.7 
44.050 ,136,629.0 
44.053 ,137,627.1 
44.057 ,138,622.2 
44.060 ,139,623.9 
44.063 ,140,614.2 
44.067 ,141,625.3 
44.070 ,142,613.4 
44.073 ,143,609.5 
44.077 ,144,611.1 
44.080 ,145,615.1 
44.083 ,146,613.4 
44.087 ,147,600.5 
44.090 ,148,606.2 
44.093 ,149,600.1 
44.097 ,150,600.0 
44.100 ,151,604.8 
44.103 ,152,595.8 
44.107 ,153,595.4 
44.110 ,154,597.8 
44.113 ,155,591.7 
44.117 ,156,594.5 
,,
44.127 ,161,594.2 
44.130 ,162,597.1 
44.133 ,163,604.4 
44.137 ,164,607.3 
44.140 ,165,609.0 
44.143 ,166,606.6 
44.147 ,167,607.3 
44.150 ,168,596.3 
44.153 ,169,615.8 
44.157 ,170,601.9 
44.160 ,171,596.5 
44.163 ,172,596.8 
44.167 ,173,607.8 
44.170 ,174,597.0 
44.173 ,175,593.3 
44.177 ,176,598.5 
44.180 ,177,602.7 
44.183 ,178,593.6 
44.187 ,179,603.3 
44.190 ,180,606.9 
44.193 ,181,604.8 
44.197 ,182,610.4 
44.200 ,183,610.3 
44.203 ,184,614.4 
44.207 ,185,601.7 
44.210 ,186,617.9 
44.213 ,187,622.4 
44.217 ,188,606.7 
44.220 ,189,614.7 
44.223 ,190,617.7 
44.227 ,191,614.9 
44.230 ,192,611.5 
44.233 ,193,614.7 
44.237 ,194,601.5 
44.240 ,195,603.1 
44.243 ,196,621.1 
44.247 ,197,622.4 
44.250 ,198,617.7 
44.253 ,199,627.6 
44.257 ,200,625.9 
44.260 ,201,636.3 
44.263 ,202,616.5 
44.267 ,203,628.5 
44.270 ,204,617.9 
44.273 ,205,623.4 
44.277 ,206,620.1 
44.280 ,207,618.8 
44.283 ,208,608.8 
44.287 ,209,630.3 
44.290 ,210,627.3 
44.293 ,211,643.0 
44.297 ,212,635.0 
44.300 ,213,637.7 
44.303 ,214,630.5 
44.307 ,215,637.3 
44.310 ,216,647.7 
44.313 ,217,636.6 
44.317 ,218,636.5 
44.320 ,219,647.3 
44.323 ,220,636.9 
44.327 ,221,644.4 
44.330 ,222,637.2 
44.333 ,223,633.6 
44.337 ,224,624.5 
44.340 ,225,630.0 
44.343 ,226,630.1 
44.347 ,227,634.0 
44.350 ,228,626.2 
44.353 ,229,627.3 
44.357 ,230,637.5 
44.360 ,231,620.9 
44.363 ,232,641.6 
44.367 ,233,631.6 
44.370 ,234,622.0 
44.373 ,235,640.2 
44.377 ,236,634.4 
44.380 ,237,630.4 
44.383 ,238,635.4 
44.387 ,239,633.5 
44.390 ,240,639.3 
44.393 ,241,630.9 
44.397 ,242,635.3 
44.400 ,243,636.3 
44.403 ,244,626.3 
44.407 ,245,628.3 
44.410 ,246,633.9 
44.413 ,247,629.6 
44.417 ,248,627.0 
44.420 ,249,631.6 
44.423 ,250,629.1 
44.427 ,251,630.5 
44.430 ,252,620.8 
44.433 ,253,633.3 
44.437 ,254,627.8 
44.440 ,255,643.8 
44.443 ,256,638.0 
44.447 ,257,631.5 
44.450 ,258,621.1 
44.453 ,259,629.6 
44.457 ,260,625.0 
44.460 ,261,623.3 
44.463 ,262,619.7 
44.467 ,263,635.4 
44.470 ,264,629.1 
44.473 ,265,632.1 
44.477 ,266,626.2 
44.480 ,267,624.2 
44.483 ,268,624.0 
44.487 ,269,629.7 
44.490 ,270,626.8 
44.493 ,271,637.1 
44.497 ,272,624.7 
44.500 ,273,621.3 
44.503 ,274,613.8 
44.507 ,275,626.7 
44.510 ,276,620.4 
44.513 ,277,618.9 
44.517 ,278,645.0 
44.520 ,279,633.6 
44.523 ,280,631.5 
44.527 ,281,635.3 
44.530 ,282,617.4 
44.533 ,283,627.5 
44.537 ,284,621.2 
44.540 ,285,636.5 
44.543 ,286,636.5 
44.547 ,287,633.2 
44.550 ,288,646.9 
44.553 ,289,628.4 
44.557 ,290,635.4 
44.560 ,291,642.4 
44.563 ,292,633.4 
44.567 ,293,639.4 
44.570 ,294,645.8 
44.573 ,295,634.4 
44.577 ,296,633.4 
44.580 ,297,635.7 
44.583 ,298,640.5 
44.587 ,299,635.3 
44.590 ,300,644.0 
44.593 ,301,641.4 
44.597 ,302,635.3 
44.600 ,303,632.1 
44.603 ,304,633.4 
44.607 ,305,631.6 
,,
44.632 ,312,639.4 
44.635 ,313,632.6 
44.638 ,314,642.0 
44.642 ,315,632.1 
44.645 ,316,638.5 
44.648 ,317,624.0 
44.652 ,318,635.1 
44.655 ,319,642.5 
44.658 ,320,634.2 
44.662 ,321,631.8 
44.665 ,322,632.1 
44.668 ,323,635.8 
44.672 ,324,633.0 
44.675 ,325,638.5 
44.678 ,326,641.0 
44.682 ,327,623.0 
44.685 ,328,625.6 
44.688 ,329,647.6 
44.692 ,330,639.5 
44.695 ,331,649.0 
44.698 ,332,633.0 
44.702 ,333,649.7 
44.705 ,334,634.7 
44.708 ,335,648.9 
44.712 ,336,632.3 
44.715 ,337,625.6 
44.718 ,338,629.1 
44.722 ,339,622.6 
44.725 ,340,626.4 
44.728 ,341,611.9 
44.732 ,342,625.0 
44.735 ,343,634.0 
44.738 ,344,619.5 
44.742 ,345,627.0 
44.745 ,346,628.3 
44.748 ,347,613.3 
,,
44.768 ,354,630.5 
44.771 ,355,624.8 
44.775 ,356,636.9 
44.778 ,357,642.7 
44.781 ,358,635.7 
44.785 ,359,625.8 
44.788 ,360,624.9 
44.791 ,361,643.0 
44.795 ,362,641.8 
44.798 ,363,624.3 
44.801 ,364,642.0 
44.805 ,365,626.9 
44.808 ,366,633.8 
44.811 ,367,635.2 
44.815 ,368,635.8 
44.818 ,369,640.0 
44.821 ,370,637.2 
44.825 ,371,641.0 
44.828 ,372,632.6 
44.831 ,373,633.5 
44.835 ,374,641.6 
44.838 ,375,643.2 
44.841 ,376,627.2 
44.845 ,377,633.0 
44.848 ,378,627.9 
44.851 ,379,629.5 
44.855 ,380,635.4 
44.858 ,381,633.9 
44.861 ,382,629.7 
44.865 ,383,630.0 
44.868 ,384,624.8 
44.871 ,385,624.2 
44.875 ,386,628.5 
44.878 ,387,630.3 
44.881 ,388,615.5 
44.885 ,389,638.4 
44.888 ,390,640.0 
44.891 ,391,642.4 
44.895 ,392,631.5 
44.898 ,393,645.3 
44.901 ,394,635.1 
44.905 ,395,628.9 
44.908 ,396,627.1 
44.911 ,397,634.9 
44.915 ,398,637.7 
44.918 ,399,631.4 
44.921 ,400,631.2 
44.925 ,401,634.6 
44.928 ,402,642.1 
44.931 ,403,634.4 
44.935 ,404,638.9 
44.938 ,405,640.6 
44.941 ,406,645.5 
44.945 ,407,637.2 
44.948 ,408,639.0 
44.951 ,409,642.9 
44.955 ,410,648.9 
44.958 ,411,642.4 
44.961 ,412,642.4 
44.965 ,413,650.0 
44.968 ,414,642.4 
44.971 ,415,646.8 
44.975 ,416,630.1 
44.978 ,417,626.4 
44.981 ,418,626.2 
44.985 ,419,629.8 
44.988 ,420,620.9 
44.991 ,421,631.3 
44.995 ,422,636.8 
44.998 ,423,627.8 
45.001 ,424,634.7 
45.005 ,425,640.4 
45.008 ,426,638.7 
45.011 ,427,639.0 
45.015 ,428,643.7 
45.018 ,429,637.9 
45.021 ,430,635.2 
45.025 ,431,644.5 
45.028 ,432,632.3 
45.031 ,433,637.8 
45.035 ,434,634.4 
45.038 ,435,634.3 
45.041 ,436,643.2 
45.045 ,437,632.6 
45.048 ,438,632.7 
45.051 ,439,637.9 
45.055 ,440,638.5 
45.058 ,441,635.8 
45.061 ,442,636.8 
45.065 ,443,645.3 
45.068 ,444,641.9 
45.071 ,445,644.0 
45.075 ,446,640.4 
45.078 ,447,652.3 
45.081 ,448,636.7 
45.085 ,449,647.6 
45.088 ,450,636.8 
45.091 ,451,634.2 
45.095 ,452,642.9 
45.098 ,453,645.1 
45.101 ,454,638.7 
45.105 ,455,647.0 
45.108 ,456,644.1 
45.111 ,457,641.8 
45.115 ,458,651.3 
45.118 ,459,644.8 
45.121 ,460,650.6 
45.125 ,461,656.4 
45.128 ,462,649.2 
45.131 ,463,645.1 
45.135 ,464,644.1 
45.138 ,465,640.9 
45.141 ,466,644.7 
45.145 ,467,639.3 
45.148 ,468,625.2 
45.151 ,469,632.8 
45.155 ,470,629.9 
45.158 ,471,629.5 
45.161 ,472,640.0 
45.165 ,473,628.7 
45.168 ,474,640.9 
45.171 ,475,625.2 
45.175 ,476,629.9 
45.178 ,477,619.2 
45.181 ,478,628.9 
45.185 ,479,630.2 
45.188 ,480,639.5 
45.191 ,481,631.4 
45.195 ,482,646.4 
45.198 ,483,642.8 
45.201 ,484,639.4 
45.205 ,485,639.0 
45.208 ,486,638.2 
45.211 ,487,628.5 
45.215 ,488,632.4 
45.218 ,489,632.0 
45.221 ,490,635.7 
45.225 ,491,636.7 
45.228 ,492,634.2 
45.231 ,493,636.5 
45.235 ,494,637.1 
45.238 ,495,635.1 
45.241 ,496,627.8 
45.245 ,497,621.6 
45.248 ,498,626.0 
45.251 ,499,628.5 
,,
45.270 ,5,614.4 
45.273 ,6,619.6 
45.277 ,7,613.9 
45.280 ,8,618.4 
45.283 ,9,617.3 
45.287 ,10,607.0 
45.290 ,11,613.1 
45.293 ,12,621.9 
45.297 ,13,621.7 
45.300 ,14,613.3 
45.303 ,15,623.0 
45.307 ,16,613.1 
45.310 ,17,611.4 
45.313 ,18,612.2 
45.317 ,19,606.4 
45.320 ,20,612.6 
45.323 ,21,610.0 
45.327 ,22,606.8 
45.330 ,23,607.4 
45.333 ,24,596.2 
45.337 ,25,611.0 
45.340 ,26,613.1 
45.343 ,27,595.3 
45.347 ,28,608.1 
45.350 ,29,612.8 
45.353 ,30,615.7 
45.357 ,31,614.1 
45.360 ,32,611.3 
45.363 ,33,605.3 
45.367 ,34,613.5 
45.370 ,35,610.0 
45.373 ,36,615.5 
45.377 ,37,617.1 
45.380 ,38,618.9 
45.383 ,39,627.2 
45.387 ,40,616.9 
45.390 ,41,624.1 
45.393 ,42,630.0 
45.397 ,43,640.7 
45.400 ,44,627.6 
45.403 ,45,638.0 
45.407 ,46,638.0 
45.410 ,47,627.6 
45.413 ,48,636.6 
45.417 ,49,632.0 
45.420 ,50,631.0 
45.423 ,51,621.3 
45.427 ,52,627.9 
45.430 ,53,631.8 
45.433 ,54,635.0 
45.437 ,55,644.7 
45.440 ,56,633.1 
45.443 ,57,634.9 
45.447 ,58,649.1 
45.450 ,59,649.1 
45.453 ,60,635.4 
45.457 ,61,631.2 
45.460 ,62,645.6 
45.463 ,63,630.0 
45.467 ,64,637.6 
45.470 ,65,628.2 
45.473 ,66,637.5 
45.477 ,67,634.9 
45.480 ,68,630.2 
45.483 ,69,634.5 
45.487 ,70,635.1 
45.490 ,71,645.7 
45.493 ,72,636.9 
45.497 ,73,630.1 
45.500 ,74,626.3 
45.503 ,75,613.9 
45.507 ,76,623.1 
45.510 ,77,624.5 
45.513 ,78,625.0 
45.517 ,79,620.3 
45.520 ,80,624.1 
45.523 ,81,629.3 
45.527 ,82,619.1 
45.530 ,83,623.4 
45.533 ,84,624.7 
45.537 ,85,627.4 
45.540 ,86,625.8 
45.543 ,87,629.6 
45.547 ,88,631.9 
45.550 ,89,619.5 
45.553 ,90,613.8 
45.557 ,91,625.9 
45.560 ,92,628.7 
45.563 ,93,616.5 
45.567 ,94,598.2 
45.570 ,95,607.1 
45.573 ,96,615.4 
45.577 ,97,616.9 
45.580 ,98,621.7 
45.583 ,99,618.1 
45.587 ,100,620.9 
45.590 ,101,620.5 
45.593 ,102,623.5 
45.597 ,103,619.3 
45.600 ,104,622.0 
45.603 ,105,621.2 
45.607 ,106,627.2 
45.610 ,107,627.8 
45.613 ,108,630.6 
45.617 ,109,626.7 
45.620 ,110,629.4 
45.623 ,111,624.7 
45.627 ,112,620.3 
45.630 ,113,624.9 
45.633 ,114,629.6 
45.637 ,115,623.8 
45.640 ,116,626.0 
45.643 ,117,632.7 
45.647 ,118,630.8 
45.650 ,119,611.2 
,,
45.670 ,126,628.0 
45.673 ,127,626.0 
45.677 ,128,627.9 
45.680 ,129,624.2 
45.683 ,130,628.9 
45.687 ,131,643.3 
45.690 ,132,629.8 
45.693 ,133,626.5 
45.697 ,134,620.2 
45.700 ,135,628.6 
45.703 ,136,633.9 
45.707 ,137,635.9 
45.710 ,138,651.6 
45.713 ,139,640.9 
45.717 ,140,653.5 
45.720 ,141,655.8 
45.723 ,142,639.4 
45.727 ,143,635.8 
45.730 ,144,622.5 
45.733 ,145,628.4 
45.737 ,146,634.0 
45.740 ,147,633.0 
45.743 ,148,624.8 
45.747 ,149,621.3 
45.750 ,150,637.2 
45.753 ,151,639.1 
45.757 ,152,634.0 
45.760 ,153,635.9 
45.763 ,154,635.4 
45.767 ,155,623.7 
45.770 ,156,623.3 
45.773 ,157,633.4 
45.777 ,158,625.5 
,,
45.807 ,166,628.1 
45.810 ,167,640.3 
45.813 ,168,635.4 
45.817 ,169,629.5 
45.820 ,170,635.5 
45.823 ,171,634.8 
45.827 ,172,629.4 
45.830 ,173,629.9 
45.833 ,174,628.9 
45.837 ,175,622.2 
45.840 ,176,632.0 
45.843 ,177,628.2 
45.847 ,178,632.7 
45.850 ,179,636.8 
45.853 ,180,639.3 
45.857 ,181,632.4 
45.860 ,182,635.9 
45.863 ,183,651.8 
45.867 ,184,639.1 
45.870 ,185,645.9 
45.873 ,186,652.3 
45.877 ,187,634.4 
45.880 ,188,643.9 
45.883 ,189,643.4 
45.887 ,190,636.5 
45.890 ,191,637.8 
45.893 ,192,629.5 
45.897 ,193,639.8 
45.900 ,194,630.9 
45.903 ,195,634.7 
45.907 ,196,626.5 
45.910 ,197,636.8 
45.913 ,198,631.8 
45.917 ,199,628.2 
45.920 ,200,623.5 
45.923 ,201,629.8 
45.927 ,202,630.7 
45.930 ,203,618.4 
45.933 ,204,621.6 
45.937 ,205,619.5 
45.940 ,206,610.3 
45.943 ,207,610.1 
45.947 ,208,613.7 
45.950 ,209,614.9 
45.953 ,210,610.6 
45.957 ,211,616.9 
45.960 ,212,618.8 
45.963 ,213,628.9 
45.967 ,214,614.2 
45.970 ,215,624.2 
45.973 ,216,630.7 
45.977 ,217,624.4 
45.980 ,218,618.7 
45.983 ,219,635.0 
45.987 ,220,623.4 
45.990 ,221,610.2 
45.993 ,222,621.5 
45.997 ,223,625.3 
46.000 ,224,633.5 
46.003 ,225,609.3 
46.007 ,226,623.9 
46.010 ,227,628.5 
46.013 ,228,621.3 
46.017 ,229,626.2 
46.020 ,230,626.9 
46.023 ,231,628.5 
46.027 ,232,619.8 
46.030 ,233,631.5 
46.033 ,234,624.2 
46.037 ,235,623.0 
46.040 ,236,629.6 
46.043 ,237,632.1 
46.047 ,238,638.3 
46.050 ,239,640.4 
46.053 ,240,629.1 
46.057 ,241,626.5 
46.060 ,242,627.8 
46.063 ,243,623.3 
46.067 ,244,626.9 
46.070 ,245,639.1 
46.073 ,246,628.1 
46.077 ,247,624.3 
46.080 ,248,635.9 
46.083 ,249,628.7 
46.087 ,250,630.1 
46.090 ,251,636.5 
46.093 ,252,628.7 
46.097 ,253,628.0 
46.100 ,254,633.8 
46.103 ,255,634.9 
46.107 ,256,633.8 
46.110 ,257,635.1 
46.113 ,258,628.3 
46.117 ,259,642.2 
46.120 ,260,633.4 
46.123 ,261,635.5 
46.127 ,262,643.4 
46.130 ,263,637.1 
46.133 ,264,627.7 
46.137 ,265,631.4 
46.140 ,266,618.4 
46.143 ,267,634.6 
46.147 ,268,630.7 
46.150 ,269,629.9 
46.153 ,270,621.8 
46.157 ,271,638.4 
46.160 ,272,627.4 
46.163 ,273,624.2 
46.167 ,274,618.1 
46.170 ,275,623.9 
46.173 ,276,624.8 
46.177 ,277,622.7 
46.180 ,278,624.9 
46.183 ,279,625.9 
46.187 ,280,633.0 
46.190 ,281,625.5 
46.193 ,282,629.9 
46.197 ,283,630.8 
46.200 ,284,634.4 
46.203 ,285,645.7 
46.207 ,286,646.2 
46.210 ,287,639.4 
46.213 ,288,634.5 
46.217 ,289,633.4 
46.220 ,290,641.8 
46.223 ,291,634.0 
46.227 ,292,637.0 
46.230 ,293,630.8 
46.233 ,294,637.7 
46.237 ,295,634.0 
46.240 ,296,630.5 
46.243 ,297,628.5 
46.247 ,298,624.3 
46.250 ,299,631.8 
46.253 ,300,635.9 
46.257 ,301,621.8 
46.260 ,302,645.5 
46.263 ,303,635.7 
46.267 ,304,634.0 
46.270 ,305,632.1 
46.273 ,306,629.6 
46.277 ,307,635.1 
46.280 ,308,632.4 
46.283 ,309,636.1 
46.287 ,310,627.7 
46.290 ,311,634.1 
,,
46.307 ,11,635.0 
46.310 ,12,627.7 
46.313 ,13,627.2 
46.317 ,14,625.6 
46.320 ,15,631.2 
46.323 ,16,631.5 
46.327 ,17,641.7 
46.330 ,18,641.0 
46.333 ,19,635.3 
46.337 ,20,640.8 
46.340 ,21,631.4 
46.343 ,22,634.8 
46.347 ,23,633.7 
46.350 ,24,641.5 
46.353 ,25,632.7 
46.357 ,26,647.0 
46.360 ,27,651.1 
46.363 ,28,648.1 
46.367 ,29,645.9 
46.370 ,30,650.9 
46.373 ,31,648.6 
46.377 ,32,646.0 
46.380 ,33,648.2 
46.383 ,34,654.8 
46.387 ,35,648.1 
46.390 ,36,634.8 
46.393 ,37,641.4 
46.397 ,38,640.8 
46.400 ,39,642.2 
46.403 ,40,647.2 
46.407 ,41,637.0 
46.410 ,42,643.9 
46.413 ,43,637.9 
46.417 ,44,647.6 
46.420 ,45,653.0 
46.423 ,46,642.7 
46.427 ,47,635.6 
46.430 ,48,644.6 
46.433 ,49,643.2 
46.437 ,50,642.6 
46.440 ,51,644.1 
46.443 ,52,646.9 
46.447 ,53,650.5 
46.450 ,54,640.4 
46.453 ,55,654.8 
46.457 ,56,648.8 
46.460 ,57,650.3 
46.463 ,58,648.9 
46.467 ,59,637.3 
46.470 ,60,641.2 
46.473 ,61,654.0 
46.477 ,62,642.5 
46.480 ,63,640.4 
46.483 ,64,646.9 
46.487 ,65,648.9 
46.490 ,66,650.1 
46.493 ,67,644.0 
46.497 ,68,640.3 
46.500 ,69,631.4 
46.503 ,70,645.0 
46.507 ,71,642.6 
46.510 ,72,627.0 
46.513 ,73,635.7 
46.517 ,74,641.3 
46.520 ,75,645.5 
46.523 ,76,636.4 
46.527 ,77,644.4 
46.530 ,78,634.0 
46.533 ,79,623.4 
46.537 ,80,647.0 
46.540 ,81,643.1 
46.543 ,82,643.1 
46.547 ,83,646.0 
46.550 ,84,647.2 
46.553 ,85,640.9 
46.557 ,86,644.9 
46.560 ,87,639.7 
46.563 ,88,641.2 
46.567 ,89,654.1 
46.570 ,90,646.8 
46.573 ,91,655.6 
46.577 ,92,661.5 
46.580 ,93,641.7 
46.583 ,94,635.5 
46.587 ,95,639.4 
46.590 ,96,630.2 
46.593 ,97,634.9 
46.597 ,98,632.1 
46.600 ,99,639.2 
46.603 ,100,640.4 
46.607 ,101,633.5 
46.610 ,102,622.2 
46.613 ,103,625.9 
46.617 ,104,640.0 
,,
46.632 ,110,635.5 
46.635 ,111,639.8 
46.638 ,112,638.3 
46.642 ,113,638.9 
46.645 ,114,634.1 
46.648 ,115,648.7 
46.652 ,116,639.7 
46.655 ,117,637.3 
46.658 ,118,642.9 
46.662 ,119,642.0 
46.665 ,120,646.2 
46.668 ,121,660.2 
46.672 ,122,658.5 
46.675 ,123,648.7 
46.678 ,124,652.0 
46.682 ,125,652.2 
46.685 ,126,651.7 
46.688 ,127,656.7 
46.692 ,128,656.9 
46.695 ,129,650.1 
46.698 ,130,640.3 
46.702 ,131,628.3 
46.705 ,132,630.5 
46.708 ,133,644.3 
46.712 ,134,642.5 
46.715 ,135,648.7 
46.718 ,136,646.6 
46.722 ,137,652.4 
46.725 ,138,647.2 
46.728 ,139,645.8 
46.732 ,140,642.0 
46.735 ,141,645.9 
46.738 ,142,639.9 
46.742 ,143,645.7 
46.745 ,144,648.8 
46.748 ,145,645.0 
46.752 ,146,635.0 
46.755 ,147,641.4 
46.758 ,148,649.0 
46.762 ,149,641.7 
46.765 ,150,648.5 
46.768 ,151,659.6 
46.772 ,152,651.3 
46.775 ,153,670.3 
46.778 ,154,659.9 
46.782 ,155,646.8 
46.785 ,156,638.8 
46.788 ,157,649.9 
46.792 ,158,654.4 
46.795 ,159,635.9 
46.798 ,160,648.3 
46.802 ,161,640.1 
46.805 ,162,635.4 
46.808 ,163,644.3 
46.812 ,164,639.8 
46.815 ,165,637.6 
46.818 ,166,641.0 
46.822 ,167,638.3 
46.825 ,168,636.3 
46.828 ,169,640.8 
46.832 ,170,633.3 
46.835 ,171,645.8 
46.838 ,172,643.2 
46.842 ,173,648.0 
46.845 ,174,643.4 
46.848 ,175,645.8 
46.852 ,176,639.5 
46.855 ,177,648.7 
46.858 ,178,643.1 
46.862 ,179,645.8 
46.865 ,180,651.6 
46.868 ,181,635.6 
46.872 ,182,642.6 
46.875 ,183,633.7 
46.878 ,184,652.8 
46.882 ,185,649.3 
46.885 ,186,652.1 
46.888 ,187,657.2 
46.892 ,188,645.0 
46.895 ,189,641.8 
46.898 ,190,655.4 
46.902 ,191,646.2 
46.905 ,192,653.3 
46.908 ,193,641.0 
46.912 ,194,623.9 
46.915 ,195,652.8 
46.918 ,196,633.4 
46.922 ,197,642.4 
46.925 ,198,637.2 
46.928 ,199,645.7 
46.932 ,200,645.5 
46.935 ,201,635.5 
46.938 ,202,636.4 
46.942 ,203,642.9 
46.945 ,204,633.7 
46.948 ,205,638.7 
46.952 ,206,644.7 
46.955 ,207,628.5 
46.958 ,208,649.3 
46.962 ,209,640.1 
46.965 ,210,634.4 
46.968 ,211,645.2 
46.972 ,212,651.4 
46.975 ,213,635.1 
46.978 ,214,644.0 
46.982 ,215,627.9 
46.985 ,216,651.4 
46.988 ,217,643.1 
46.992 ,218,649.0 
46.995 ,219,650.7 
46.998 ,220,648.5 
47.002 ,221,645.4 
47.005 ,222,641.4 
47.008 ,223,637.3 
47.012 ,224,639.9 
47.015 ,225,649.1 
47.018 ,226,646.5 
47.022 ,227,634.4 
47.025 ,228,644.2 
47.028 ,229,642.4 
47.032 ,230,636.1 
47.035 ,231,638.6 
47.038 ,232,645.0 
47.042 ,233,640.2 
47.045 ,234,638.1 
47.048 ,235,638.4 
47.052 ,236,640.2 
47.055 ,237,638.5 
47.058 ,238,635.5 
47.062 ,239,636.7 
47.065 ,240,644.8 
47.068 ,241,627.5 
47.072 ,242,642.6 
47.075 ,243,639.4 
47.078 ,244,652.2 
47.082 ,245,639.7 
47.085 ,246,637.4 
47.088 ,247,643.4 
47.092 ,248,630.5 
47.095 ,249,631.3 
47.098 ,250,634.1 
47.102 ,251,638.2 
47.105 ,252,631.8 
47.108 ,253,630.1 
47.112 ,254,639.9 
47.115 ,255,633.3 
,,
47.116 ,263,642.6 
47.119 ,264,651.1 
47.123 ,265,643.0 
47.126 ,266,646.4 
47.129 ,267,643.6 
47.133 ,268,636.5 
47.136 ,269,642.2 
47.139 ,270,642.2 
47.143 ,271,626.5 
47.146 ,272,637.8 
47.149 ,273,635.0 
47.153 ,274,636.6 
47.156 ,275,631.6 
47.159 ,276,650.4 
47.163 ,277,654.6 
47.166 ,278,642.8 
47.169 ,279,649.9 
47.173 ,280,642.8 
47.176 ,281,638.9 
47.179 ,282,646.8 
47.183 ,283,649.2 
47.186 ,284,648.5 
47.189 ,285,640.1 
47.193 ,286,645.8 
47.196 ,287,644.8 
47.199 ,288,647.2 
47.203 ,289,636.6 
47.206 ,290,647.8 
47.209 ,291,650.2 
47.213 ,292,650.7 
47.216 ,293,642.6 
47.219 ,294,644.0 
47.223 ,295,643.2 
47.226 ,296,634.6 
47.229 ,297,639.7 
47.233 ,298,644.6 
47.236 ,299,644.9 
47.239 ,300,653.1 
47.243 ,301,646.9 
47.246 ,302,633.2 
47.249 ,303,639.6 
47.253 ,304,634.0 
47.256 ,305,635.9 
47.259 ,306,628.7 
47.263 ,307,643.8 
47.266 ,308,640.2 
47.269 ,309,637.7 
47.273 ,310,634.5 
47.276 ,311,632.9 
47.279 ,312,628.7 
47.283 ,313,632.0 
47.286 ,314,633.4 
47.289 ,315,621.0 
47.293 ,316,627.2 
47.296 ,317,633.7 
47.299 ,318,622.6 
47.303 ,319,620.1 
47.306 ,320,634.8 
47.309 ,321,629.4 
47.313 ,322,627.1 
47.316 ,323,622.9 
47.319 ,324,617.9 
47.323 ,325,620.9 
47.326 ,326,624.8 
47.329 ,327,629.6 
47.333 ,328,621.4 
47.336 ,329,630.8 
47.339 ,330,635.6 
47.343 ,331,628.9 
47.346 ,332,634.0 
47.349 ,333,646.2 
47.353 ,334,632.8 
47.356 ,335,634.9 
47.359 ,336,644.2 
47.363 ,337,637.1 
47.366 ,338,644.2 
47.369 ,339,639.6 
47.373 ,340,633.3 
47.376 ,341,634.4 
47.379 ,342,632.8 
47.383 ,343,631.2 
47.386 ,344,616.3 
47.389 ,345,637.8 
47.393 ,346,631.0 
47.396 ,347,629.1 
47.399 ,348,634.2 
47.403 ,349,631.6 
47.406 ,350,638.2 
47.409 ,351,636.7 
47.413 ,352,627.7 
47.416 ,353,636.0 
47.419 ,354,627.7 
47.423 ,355,636.5 
47.426 ,356,636.3 
47.429 ,357,634.8 
47.433 ,358,625.6 
47.436 ,359,648.9 
47.439 ,360,653.3 
47.443 ,361,659.3 
47.446 ,362,657.6 
47.449 ,363,648.9 
47.453 ,364,648.6 
47.456 ,365,645.8 
47.459 ,366,648.5 
47.463 ,367,651.9 
47.466 ,368,649.5 
47.469 ,369,652.7 
47.473 ,370,650.1 
47.476 ,371,656.8 
47.479 ,372,646.2 
47.483 ,373,654.7 
47.486 ,374,654.7 
47.489 ,375,661.6 
47.493 ,376,652.6 
47.496 ,377,658.5 
47.499 ,378,656.9 
47.503 ,379,647.0 
47.506 ,380,657.8 
47.509 ,381,658.6 
47.513 ,382,653.9 
47.516 ,383,649.5 
47.519 ,384,640.2 
47.523 ,385,650.7 
47.526 ,386,640.2 
47.529 ,387,651.5 
47.533 ,388,654.3 
47.536 ,389,650.3 
47.539 ,390,646.2 
47.543 ,391,641.0 
47.546 ,392,648.8 
47.549 ,393,645.6 
47.553 ,394,647.9 
47.556 ,395,630.1 
,,
47.600 ,15,623.2 
47.603 ,16,634.3 
47.607 ,17,630.2 
47.610 ,18,638.9 
47.613 ,19,634.3 
47.617 ,20,627.0 
47.620 ,21,633.8 
47.623 ,22,627.8 
47.627 ,23,641.0 
47.630 ,24,646.5 
47.633 ,25,645.9 
47.637 ,26,636.7 
47.640 ,27,626.8 
47.643 ,28,631.5 
47.647 ,29,639.0 
47.650 ,30,646.1 
47.653 ,31,641.4 
47.657 ,32,652.0 
47.660 ,33,644.7 
47.663 ,34,635.7 
47.667 ,35,641.3 
47.670 ,36,645.0 
47.673 ,37,650.1 
47.677 ,38,648.8 
47.680 ,39,650.3 
47.683 ,40,643.3 
47.687 ,41,637.0 
47.690 ,42,664.0 
47.693 ,43,664.6 
47.697 ,44,653.5 
47.700 ,45,656.0 
47.703 ,46,656.5 
47.707 ,47,656.2 
47.710 ,48,658.1 
47.713 ,49,661.3 
47.717 ,50,664.8 
47.720 ,51,651.5 
47.723 ,52,646.8 
47.727 ,53,654.9 
47.730 ,54,641.2 
47.733 ,55,652.5 
47.737 ,56,661.2 
47.740 ,57,666.3 
47.743 ,58,665.4 
47.747 ,59,668.7 
47.750 ,60,660.1 
47.753 ,61,662.3 
47.757 ,62,660.1 
47.760 ,63,657.6 
47.763 ,64,670.2 
47.767 ,65,652.9 
47.770 ,66,653.1 
47.773 ,67,655.1 
47.777 ,68,662.1 
47.780 ,69,676.6 
47.783 ,70,654.2 
47.787 ,71,654.2 
47.790 ,72,666.9 
47.793 ,73,666.7 
47.797 ,74,658.4 
47.800 ,75,654.5 
47.803 ,76,665.5 
47.807 ,77,653.8 
47.810 ,78,662.6 
47.813 ,79,669.8 
47.817 ,80,658.5 
47.820 ,81,657.9 
47.823 ,82,664.6 
47.827 ,83,667.7 
47.830 ,84,668.8 
47.833 ,85,665.4 
47.837 ,86,664.9 
47.840 ,87,660.9 
47.843 ,88,660.5 
47.847 ,89,660.9 
47.850 ,90,656.3 
47.853 ,91,655.7 
47.857 ,92,667.0 
47.860 ,93,665.2 
47.863 ,94,664.0 
47.867 ,95,662.8 
47.870 ,96,665.7 
47.873 ,97,667.8 
47.877 ,98,663.4 
47.880 ,99,654.8 
47.883 ,100,662.8 
47.887 ,101,650.4 
47.890 ,102,660.5 
47.893 ,103,657.4 
47.897 ,104,642.5 
47.900 ,105,655.6 
47.903 ,106,648.5 
47.907 ,107,637.9 
47.910 ,108,650.7 
47.913 ,109,652.2 
47.917 ,110,647.3 
47.920 ,111,659.9 
47.923 ,112,661.5 
47.927 ,113,653.8 
47.930 ,114,659.5 
47.933 ,115,664.2 
47.937 ,116,652.4 
47.940 ,117,651.0 
47.943 ,118,656.4 
47.947 ,119,641.2 
47.950 ,120,640.4 
47.953 ,121,653.0 
47.957 ,122,647.2 
47.960 ,123,653.3 
47.963 ,124,652.5 
47.967 ,125,655.9 
47.970 ,126,650.2 
47.973 ,127,643.2 
47.977 ,128,661.2 
47.980 ,129,647.8 
47.983 ,130,650.2 
47.987 ,131,658.3 
47.990 ,132,650.9 
47.993 ,133,650.4 
47.997 ,134,649.0 
48.000 ,135,656.0 
48.003 ,136,663.0 
48.007 ,137,653.6 
48.010 ,138,651.8 
48.013 ,139,654.2 
48.017 ,140,652.3 
48.020 ,141,657.6 
48.023 ,142,640.0 
48.027 ,143,649.4 
48.030 ,144,645.0 
48.033 ,145,651.9 
48.037 ,146,658.3 
48.040 ,147,648.2 
48.043 ,148,661.6 
48.047 ,149,657.8 
48.050 ,150,642.7 
48.053 ,151,644.7 
48.057 ,152,643.7 
48.060 ,153,636.0 
,,
48.080 ,160,640.2 
48.083 ,161,639.3 
48.087 ,162,635.1 
48.090 ,163,638.1 
48.093 ,164,631.0 
48.097 ,165,639.4 
48.100 ,166,629.3 
48.103 ,167,638.7 
48.107 ,168,639.2 
48.110 ,169,630.3 
48.113 ,170,637.0 
48.117 ,171,642.7 
48.120 ,172,636.5 
48.123 ,173,640.8 
48.127 ,174,646.2 
48.130 ,175,638.3 
48.133 ,176,650.9 
48.137 ,177,642.0 
48.140 ,178,646.7 
48.143 ,179,648.8 
48.147 ,180,648.8 
48.150 ,181,647.6 
48.153 ,182,651.4 
48.157 ,183,645.2 
48.160 ,184,627.0 
48.163 ,185,634.6 
48.167 ,186,629.1 
48.170 ,187,628.4 
48.173 ,188,624.8 
48.177 ,189,636.3 
48.180 ,190,649.9 
48.183 ,191,649.3 
48.187 ,192,652.3 
48.190 ,193,662.4 
48.193 ,194,657.7 
48.197 ,195,662.2 
48.200 ,196,654.1 
48.203 ,197,655.8 
48.207 ,198,656.5 
48.210 ,199,656.9 
48.213 ,200,657.5 
48.217 ,201,648.7 
48.220 ,202,653.4 
48.223 ,203,657.2 
48.227 ,204,653.8 
48.230 ,205,646.7 
48.233 ,206,649.1 
48.237 ,207,660.8 
48.240 ,208,651.6 
48.243 ,209,647.2 
48.247 ,210,654.0 
48.250 ,211,652.9 
48.253 ,212,654.4 
48.257 ,213,664.1 
48.260 ,214,653.4 
48.263 ,215,660.3 
48.267 ,216,652.6 
48.270 ,217,659.7 
48.273 ,218,662.6 
48.277 ,219,664.1 
48.280 ,220,666.8 
48.283 ,221,659.5 
48.287 ,222,653.6 
48.290 ,223,668.1 
48.293 ,224,662.1 
48.297 ,225,664.2 
48.300 ,226,648.6 
48.303 ,227,652.0 
48.307 ,228,644.2 
48.310 ,229,654.1 
48.313 ,230,668.7 
48.317 ,231,662.2 
48.320 ,232,659.1 
48.323 ,233,658.7 
48.327 ,234,657.5 
48.330 ,235,656.3 
48.333 ,236,659.7 
48.337 ,237,656.2 
48.340 ,238,637.9 
48.343 ,239,622.7 
48.347 ,249,625.6 
48.350 ,250,637.1 
48.353 ,251,638.5 
48.357 ,252,632.6 
48.360 ,253,658.6 
48.363 ,254,649.7 
48.367 ,255,652.5 
48.370 ,256,641.0 
48.373 ,257,644.9 
48.377 ,258,640.2 
48.380 ,259,636.9 
48.383 ,260,639.0 
48.387 ,261,659.7 
48.390 ,262,643.8 
48.393 ,263,647.9 
48.397 ,264,641.8 
48.400 ,265,646.6 
48.403 ,266,643.0 
48.407 ,267,668.0 
48.410 ,268,648.9 
48.413 ,269,645.8 
48.417 ,270,634.9 
48.420 ,271,637.5 
48.423 ,272,633.0 
48.427 ,273,627.1 
48.430 ,274,627.1 
48.433 ,275,626.4 
48.437 ,276,623.8 
48.440 ,277,636.4 
48.443 ,278,638.2 
,,
48.492 ,9,653.4 
48.495 ,10,647.1 
48.499 ,11,652.5 
48.502 ,12,647.2 
48.505 ,13,633.7 
48.509 ,14,637.1 
48.512 ,15,630.1 
48.515 ,16,650.7 
48.519 ,17,635.1 
48.522 ,18,626.6 
48.525 ,19,626.6 
48.529 ,20,639.8 
48.532 ,21,637.9 
48.535 ,22,650.7 
48.539 ,23,661.1 
48.542 ,24,652.9 
48.545 ,25,648.6 
48.549 ,26,646.4 
48.552 ,27,652.5 
48.555 ,28,652.4 
48.559 ,29,645.8 
48.562 ,30,640.6 
48.565 ,31,647.0 
48.569 ,32,648.8 
48.572 ,33,644.0 
48.575 ,34,640.6 
48.579 ,35,638.6 
48.582 ,36,642.8 
48.585 ,37,645.5 
48.589 ,38,638.8 
48.592 ,39,639.7 
48.595 ,40,644.7 
48.599 ,41,634.0 
48.602 ,42,642.8 
48.605 ,43,639.4 
48.609 ,44,641.0 
48.612 ,45,644.9 
48.615 ,46,646.0 
48.619 ,47,633.2 
48.622 ,48,644.3 
48.625 ,49,644.8 
48.629 ,50,644.4 
48.632 ,51,645.2 
48.635 ,52,643.3 
48.639 ,53,654.0 
48.642 ,54,640.6 
48.645 ,55,651.5 
48.649 ,56,644.9 
48.652 ,57,644.6 
48.655 ,58,645.0 
48.659 ,59,655.7 
48.662 ,60,645.5 
48.665 ,61,665.2 
48.669 ,62,659.4 
48.672 ,63,668.0 
48.675 ,64,670.2 
48.679 ,65,673.7 
48.682 ,66,671.5 
48.685 ,67,652.5 
48.689 ,68,656.8 
48.692 ,69,646.0 
48.695 ,70,657.4 
48.699 ,71,650.1 
48.702 ,72,647.6 
48.705 ,73,653.7 
48.709 ,74,656.0 
48.712 ,75,655.9 
48.715 ,76,651.8 
48.719 ,77,651.3 
48.722 ,78,652.1 
48.725 ,79,656.5 
48.729 ,80,654.3 
48.732 ,81,656.7 
48.735 ,82,657.6 
48.739 ,83,668.0 
48.742 ,84,657.6 
48.745 ,85,645.4 
48.749 ,86,653.9 
48.752 ,87,652.6 
48.755 ,88,656.2 
48.759 ,89,649.3 
48.762 ,90,664.1 
48.765 ,91,667.4 
48.769 ,92,663.8 
48.772 ,93,663.1 
48.775 ,94,656.6 
48.779 ,95,657.9 
48.782 ,96,657.6 
48.785 ,97,654.4 
48.789 ,98,647.9 
48.792 ,99,652.3 
48.795 ,100,654.2 
48.799 ,101,653.4 
48.802 ,102,640.2 
48.805 ,103,637.1 
48.809 ,104,648.5 
48.812 ,105,655.4 
48.815 ,106,654.8 
48.819 ,107,649.3 
48.822 ,108,640.1 
48.825 ,109,642.8 
48.829 ,110,633.2 
48.832 ,111,641.6 
48.835 ,112,643.5 
48.839 ,113,641.7 
48.842 ,114,634.8 
48.845 ,115,648.6 
48.849 ,116,634.5 
48.852 ,117,640.0 
48.855 ,118,638.1 
48.859 ,119,641.0 
48.862 ,120,635.0 
48.865 ,121,643.9 
48.869 ,122,643.0 
48.872 ,123,651.1 
48.875 ,124,644.8 
48.879 ,125,639.0 
48.882 ,126,641.2 
48.885 ,127,636.9 
48.889 ,128,633.2 
48.892 ,129,643.0 
48.895 ,130,632.4 
48.899 ,131,637.3 
48.902 ,132,633.1 
48.905 ,133,639.3 
48.909 ,134,633.8 
48.912 ,135,647.8 
48.915 ,136,645.5 
48.919 ,137,641.2 
48.922 ,138,640.7 
48.925 ,139,635.3 
48.929 ,140,630.0 
48.932 ,141,639.5 
48.935 ,142,637.7 
48.939 ,143,635.2 
48.942 ,144,637.7 
48.945 ,145,632.4 
48.949 ,146,648.1 
48.952 ,147,632.2 
48.955 ,148,648.3 
48.959 ,149,648.0 
48.962 ,150,645.6 
48.965 ,151,649.9 
48.969 ,152,650.5 
48.972 ,153,632.6 
48.975 ,154,646.9 
,,
48.998 ,160,654.0 
49.002 ,161,645.1 
49.005 ,162,650.7 
49.008 ,163,655.7 
49.012 ,164,647.6 
49.015 ,165,643.8 
49.018 ,166,652.9 
49.022 ,167,645.7 
49.025 ,168,647.6 
49.028 ,169,656.6 
49.032 ,170,665.3 
49.035 ,171,660.7 
49.038 ,172,647.0 
49.042 ,173,645.0 
49.045 ,174,653.9 
49.048 ,175,645.6 
49.052 ,176,660.7 
49.055 ,177,651.0 
49.058 ,178,655.6 
49.062 ,179,647.8 
49.065 ,180,654.3 
49.068 ,181,651.6 
49.072 ,182,662.8 
49.075 ,183,653.7 
49.078 ,184,653.5 
49.082 ,185,649.5 
49.085 ,186,659.1 
49.088 ,187,651.2 
49.092 ,188,663.2 
49.095 ,189,658.4 
49.098 ,190,655.1 
49.102 ,191,655.0 
49.105 ,192,657.6 
49.108 ,193,647.4 
49.112 ,194,664.6 
49.115 ,195,664.4 
49.118 ,196,660.2 
49.122 ,197,652.1 
49.125 ,198,663.3 
49.128 ,199,660.1 
49.132 ,200,656.7 
49.135 ,201,642.7 
49.138 ,202,652.9 
49.142 ,203,650.6 
49.145 ,204,654.4 
49.148 ,205,641.6 
49.152 ,206,644.6 
49.155 ,207,638.0 
49.158 ,208,640.3 
49.162 ,209,645.3 
49.165 ,210,647.1 
49.168 ,211,635.8 
49.172 ,212,645.4 
49.175 ,213,644.7 
49.178 ,214,648.4 
49.182 ,215,629.6 
49.185 ,216,641.0 
49.188 ,217,641.9 
49.192 ,218,645.7 
49.195 ,219,622.9 
49.198 ,220,634.4 
49.202 ,221,624.9 
49.205 ,222,623.2 
49.208 ,223,622.8 
49.212 ,224,620.3 
,,
49.237 ,230,644.8 
49.240 ,231,648.1 
49.243 ,232,648.7 
49.247 ,233,656.6 
49.250 ,234,652.3 
49.253 ,235,648.8 
49.257 ,236,642.3 
49.260 ,237,646.2 
49.263 ,238,648.0 
49.267 ,239,656.1 
49.270 ,240,653.6 
49.273 ,241,650.3 
49.277 ,242,656.2 
49.280 ,243,651.0 
49.283 ,244,652.6 
49.287 ,245,652.3 
49.290 ,246,662.2 
49.293 ,247,648.3 
49.297 ,248,653.8 
49.300 ,249,656.7 
49.303 ,250,652.1 
49.307 ,251,644.5 
49.310 ,252,659.4 
49.313 ,253,651.9 
49.317 ,254,645.2 
49.320 ,255,644.9 
49.323 ,256,646.7 
49.327 ,257,652.1 
49.330 ,258,643.7 
49.333 ,259,635.6 
49.337 ,260,649.2 
49.340 ,261,649.0 
49.343 ,262,650.0 
49.347 ,263,655.3 
49.350 ,264,661.8 
49.353 ,265,657.1 
49.357 ,266,653.1 
49.360 ,267,650.2 
49.363 ,268,659.6 
49.367 ,269,654.7 
49.370 ,270,661.8 
49.373 ,271,650.9 
49.377 ,272,660.0 
49.380 ,273,649.4 
49.383 ,274,653.3 
49.387 ,275,651.0 
49.390 ,276,659.3 
49.393 ,277,651.8 
49.397 ,278,657.3 
49.400 ,279,644.0 
49.403 ,280,651.5 
49.407 ,281,645.9 
49.410 ,282,652.1 
49.413 ,283,640.9 
49.417 ,284,645.4 
49.420 ,285,654.2 
49.423 ,286,653.1 
49.427 ,287,653.8 
49.430 ,288,654.1 
49.433 ,289,656.5 
49.437 ,290,656.5 
49.440 ,291,650.8 
49.443 ,292,650.5 
49.447 ,293,658.8 
49.450 ,294,671.1 
49.453 ,295,660.0 
49.457 ,296,652.7 
49.460 ,297,652.9 
49.463 ,298,652.7 
49.467 ,299,651.9 
49.470 ,300,653.1 
49.473 ,301,633.7 
49.477 ,302,659.0 
49.480 ,303,658.7 
49.483 ,304,646.4 
49.487 ,305,658.2 
49.490 ,306,662.7 
49.493 ,307,649.0 
49.497 ,308,649.6 
49.500 ,309,657.0 
49.503 ,310,649.2 
49.507 ,311,650.9 
49.510 ,312,654.7 
49.513 ,313,644.8 
49.517 ,314,647.0 
49.520 ,315,656.4 
49.523 ,316,647.0 
49.527 ,317,644.7 
49.530 ,318,644.9 
49.533 ,319,651.5 
49.537 ,320,651.5 
49.540 ,321,652.8 
49.543 ,322,654.5 
49.547 ,323,650.5 
49.550 ,324,648.5 
49.553 ,325,646.0 
49.557 ,326,653.7 
49.560 ,327,658.9 
49.563 ,328,642.9 
49.567 ,329,646.1 
49.570 ,330,642.8 
49.573 ,331,637.8 
49.577 ,332,651.6 
49.580 ,333,645.0 
49.583 ,334,634.8 
49.587 ,335,633.7 
49.590 ,336,641.0 
49.593 ,337,647.2 
49.597 ,338,642.1 
49.600 ,339,646.3 
49.603 ,340,645.4 
49.607 ,341,636.5 
49.610 ,342,640.7 
49.613 ,343,641.7 
49.617 ,344,637.8 
49.620 ,345,631.0 
49.623 ,346,629.1 
49.627 ,347,635.7 
49.630 ,348,638.5 
49.633 ,349,641.2 
49.637 ,350,633.9 
49.640 ,351,635.3 
49.643 ,352,638.3 
49.647 ,353,629.6 
49.650 ,354,631.6 
49.653 ,355,632.7 
49.657 ,356,632.7 
49.660 ,357,640.5 
49.663 ,358,649.3 
49.667 ,359,643.3 
49.670 ,360,634.3 
49.673 ,361,645.0 
49.677 ,362,639.9 
49.680 ,363,638.5 
49.683 ,364,634.3 
49.687 ,365,645.0 
49.690 ,366,647.7 
49.693 ,367,646.9 
49.697 ,368,645.0 
49.700 ,369,641.5 
49.703 ,370,639.6 
49.707 ,371,645.4 
49.710 ,372,651.8 
49.713 ,373,645.3 
49.717 ,374,639.4 
49.720 ,375,652.7 
49.723 ,376,646.1 
49.727 ,377,649.4 
49.730 ,378,652.3 
49.733 ,379,645.8 
49.737 ,380,636.5 
,,
49.748 ,6,637.5 
49.752 ,7,662.3 
49.755 ,8,648.4 
49.758 ,9,649.1 
49.762 ,10,656.3 
49.765 ,11,651.5 
49.768 ,12,647.6 
49.772 ,13,647.9 
49.775 ,14,656.1 
49.778 ,15,649.4 
49.782 ,16,660.8 
49.785 ,17,656.4 
49.788 ,18,640.8 
49.792 ,19,649.0 
49.795 ,20,644.9 
49.798 ,21,659.0 
49.802 ,22,657.8 
49.805 ,23,647.8 
49.808 ,24,648.9 
49.812 ,25,658.3 
49.815 ,26,660.6 
49.818 ,27,649.5 
49.822 ,28,651.0 
49.825 ,29,650.2 
49.828 ,30,651.8 
49.832 ,31,652.4 
49.835 ,32,653.3 
49.838 ,33,656.2 
49.842 ,34,648.3 
49.845 ,35,650.4 
49.848 ,36,651.0 
49.852 ,37,649.5 
49.855 ,38,647.8 
49.858 ,39,646.6 
49.862 ,40,649.9 
49.865 ,41,642.5 
49.868 ,42,647.3 
49.872 ,43,652.8 
49.875 ,44,650.2 
49.878 ,45,641.7 
49.882 ,46,643.8 
49.885 ,47,637.6 
49.888 ,48,637.5 
49.892 ,49,637.2 
49.895 ,50,633.4 
49.898 ,51,641.3 
49.902 ,52,622.7 
49.905 ,53,646.2 
49.908 ,54,650.0 
49.912 ,55,650.4 
49.915 ,56,656.8 
49.918 ,57,658.8 
49.922 ,58,646.1 
49.925 ,59,637.9 
49.928 ,60,651.0 
49.932 ,61,650.5 
49.935 ,62,657.2 
49.938 ,63,661.3 
49.942 ,64,652.8 
49.945 ,65,657.5 
49.948 ,66,656.1 
49.952 ,67,657.7 
49.955 ,68,652.4 
49.958 ,69,652.6 
49.962 ,70,655.9 
49.965 ,71,658.8 
49.968 ,72,661.6 
49.972 ,73,660.6 
49.975 ,74,650.6 
49.978 ,75,659.8 
49.982 ,76,655.2 
49.985 ,77,666.9 
49.988 ,78,658.8 
49.992 ,79,662.9 
49.995 ,80,660.3 
49.998 ,81,661.6 
50.002 ,82,675.9 
50.005 ,83,665.1 
50.008 ,84,664.4 
50.012 ,85,663.1 
50.015 ,86,666.7 
50.018 ,87,668.8 
50.022 ,88,668.3 
50.025 ,89,678.8 
50.028 ,90,677.1 
50.032 ,91,684.8 
50.035 ,92,664.5 
50.038 ,93,675.9 
50.042 ,94,670.6 
50.045 ,95,672.2 
50.048 ,96,671.9 
50.052 ,97,674.7 
50.055 ,98,669.7 
50.058 ,99,671.8 
50.062 ,100,663.7 
50.065 ,101,673.0 
50.068 ,102,664.8 
50.072 ,103,661.0 
50.075 ,104,669.7 
50.078 ,105,656.8 
50.082 ,106,657.7 
50.085 ,107,662.3 
50.088 ,108,651.6 
50.092 ,109,658.5 
50.095 ,110,660.5 
50.098 ,111,662.9 
50.102 ,112,659.8 
50.105 ,113,654.9 
50.108 ,114,656.7 
50.112 ,115,654.0 
50.115 ,116,669.5 
50.118 ,117,664.5 
50.122 ,118,667.5 
50.125 ,119,655.6 
50.128 ,120,655.2 
50.132 ,121,662.8 
50.135 ,122,654.4 
50.138 ,123,678.1 
50.142 ,124,664.2 
50.145 ,125,672.7 
50.148 ,126,667.0 
50.152 ,127,670.0 
50.155 ,128,662.4 
50.158 ,129,659.9 
50.162 ,130,667.2 
50.165 ,131,661.0 
50.168 ,132,656.0 
50.172 ,133,655.1 
50.175 ,134,658.6 
50.178 ,135,666.8 
50.182 ,136,668.0 
50.185 ,137,666.9 
50.188 ,138,645.9 
50.192 ,139,661.0 
50.195 ,140,662.8 
50.198 ,141,662.0 
50.202 ,142,663.0 
50.205 ,143,666.6 
50.208 ,144,660.0 
50.212 ,145,666.5 
50.215 ,146,665.6 
50.218 ,147,658.6 
50.222 ,148,665.1 
50.225 ,149,673.0 
50.228 ,150,669.0 
50.232 ,151,664.8 
50.235 ,152,667.9 
50.238 ,153,665.3 
50.242 ,154,669.4 
,,
50.256 ,161,617.9 
50.259 ,162,625.9 
50.263 ,163,614.1 
50.266 ,164,612.0 
50.269 ,165,611.4 
50.273 ,166,615.2 
50.276 ,167,612.0 
50.279 ,168,613.6 
50.283 ,169,608.3 
50.286 ,170,616.0 
50.289 ,171,623.2 
50.293 ,172,631.0 
50.296 ,173,635.4 
50.299 ,174,629.6 
50.303 ,175,625.7 
50.306 ,176,624.7 
50.309 ,177,623.1 
50.313 ,178,625.3 
50.316 ,179,635.0 
50.319 ,180,630.7 
50.323 ,181,641.3 
50.326 ,182,632.8 
50.329 ,183,638.1 
50.333 ,184,624.7 
50.336 ,185,634.4 
50.339 ,186,616.1 
50.343 ,187,627.6 
50.346 ,188,619.5 
50.349 ,189,625.5 
50.353 ,190,638.6 
50.356 ,191,630.9 
50.359 ,192,631.0 
50.363 ,193,635.7 
50.366 ,194,643.5 
50.369 ,195,639.6 
50.373 ,196,629.5 
50.376 ,197,632.0 
50.379 ,198,625.4 
50.383 ,199,633.2 
50.386 ,200,636.5 
50.389 ,201,629.5 
50.393 ,202,634.9 
50.396 ,203,637.1 
50.399 ,204,634.6 
50.403 ,205,654.4 
50.406 ,206,642.6 
50.409 ,207,649.7 
50.413 ,208,642.7 
50.416 ,209,644.8 
50.419 ,210,644.0 
50.423 ,211,659.0 
50.426 ,212,647.8 
50.429 ,213,652.1 
50.433 ,214,649.5 
50.436 ,215,666.7 
50.439 ,216,662.7 
50.443 ,217,664.0 
50.446 ,218,653.8 
50.449 ,219,664.2 
50.453 ,220,670.9 
50.456 ,221,667.9 
50.459 ,222,671.1 
50.463 ,223,656.1 
50.466 ,224,658.9 
50.469 ,225,670.1 
50.473 ,226,663.9 
50.476 ,227,670.3 
50.479 ,228,657.8 
50.483 ,229,664.2 
50.486 ,230,683.6 
50.489 ,231,676.6 
50.493 ,232,672.8 
50.496 ,233,669.4 
50.499 ,234,675.8 
50.503 ,235,670.3 
50.506 ,236,666.4 
50.509 ,237,672.8 
50.513 ,238,681.4 
50.516 ,239,672.9 
50.519 ,240,677.8 
50.523 ,241,673.4 
50.526 ,242,683.5 
50.529 ,243,681.6 
50.533 ,244,670.6 
50.536 ,245,676.3 
50.539 ,246,664.8 
50.543 ,247,666.6 
50.546 ,248,664.3 
50.549 ,249,677.6 
50.553 ,250,670.1 
50.556 ,251,689.7 
50.559 ,252,688.3 
50.563 ,253,683.1 
50.566 ,254,669.8 
50.569 ,255,672.1 
50.573 ,256,656.9 
50.576 ,257,660.1 
50.579 ,258,667.7 
50.583 ,259,661.5 
50.586 ,260,655.0 
50.589 ,261,648.6 
50.593 ,262,655.7 
50.596 ,263,666.1 
50.599 ,264,667.8 
50.603 ,265,663.5 
50.606 ,266,665.5 
50.609 ,267,670.4 
50.613 ,268,666.7 
50.616 ,269,669.6 
50.619 ,270,675.6 
50.623 ,271,671.2 
50.626 ,272,668.8 
50.629 ,273,673.5 
50.633 ,274,668.0 
50.636 ,275,667.3 
50.639 ,276,677.8 
50.643 ,277,671.9 
50.646 ,278,664.5 
50.649 ,279,667.2 
50.653 ,280,674.9 
50.656 ,281,660.1 
50.659 ,282,676.7 
50.663 ,283,675.5 
50.666 ,284,662.2 
50.669 ,285,680.9 
50.673 ,286,672.8 
50.676 ,287,677.2 
50.679 ,288,677.2 
50.683 ,289,682.0 
50.686 ,290,665.6 
50.689 ,291,669.1 
50.693 ,292,662.4 
50.696 ,293,654.4 
50.699 ,294,665.5 
50.703 ,295,663.7 
50.706 ,296,674.4 
50.709 ,297,679.8 
50.713 ,298,672.1 
50.716 ,299,665.6 
50.719 ,300,653.1 
50.723 ,301,653.8 
50.726 ,302,669.4 
50.729 ,303,653.9 
50.733 ,304,658.1 
50.736 ,305,656.3 
50.739 ,306,655.9 
50.743 ,307,649.7 
50.746 ,308,640.3 
,,
50.761 ,314,652.0 
50.764 ,315,660.2 
50.768 ,316,670.1 
50.771 ,317,657.6 
50.774 ,318,660.0 
50.778 ,319,658.7 
50.781 ,320,670.0 
50.784 ,321,670.9 
50.788 ,322,664.0 
50.791 ,323,666.8 
50.794 ,324,656.1 
50.798 ,325,664.8 
50.801 ,326,663.7 
50.804 ,327,658.4 
50.808 ,328,672.0 
50.811 ,329,662.2 
50.814 ,330,667.2 
50.818 ,331,663.3 
50.821 ,332,654.7 
50.824 ,333,667.8 
50.828 ,334,664.1 
50.831 ,335,661.0 
50.834 ,336,657.3 
50.838 ,337,650.9 
50.841 ,338,655.2 
50.844 ,339,654.5 
50.848 ,340,657.5 
50.851 ,341,652.4 
50.854 ,342,649.9 
50.858 ,343,649.0 
50.861 ,344,646.6 
50.864 ,345,647.6 
50.868 ,346,657.9 
50.871 ,347,649.1 
50.874 ,348,659.7 
50.878 ,349,662.8 
50.881 ,350,653.3 
50.884 ,351,662.5 
50.888 ,352,662.8 
50.891 ,353,661.6 
50.894 ,354,651.4 
50.898 ,355,648.7 
50.901 ,356,644.4 
50.904 ,357,650.2 
50.908 ,358,651.4 
50.911 ,359,649.8 
50.914 ,360,669.9 
50.918 ,361,652.8 
50.921 ,362,658.4 
50.924 ,363,647.3 
50.928 ,364,651.6 
50.931 ,365,658.4 
50.934 ,366,666.0 
50.938 ,367,644.1 
50.941 ,368,655.3 
50.944 ,369,655.8 
50.948 ,370,657.5 
50.951 ,371,652.8 
50.954 ,372,649.7 
50.958 ,373,664.0 
50.961 ,374,666.2 
50.964 ,375,665.1 
50.968 ,376,656.6 
50.971 ,377,658.1 
50.974 ,378,664.1 
50.978 ,379,666.6 
50.981 ,380,673.7 
50.984 ,381,670.1 
50.988 ,382,669.7 
50.991 ,383,670.9 
50.994 ,384,670.0 
50.998 ,385,664.6 
51.001 ,386,672.2 
51.004 ,387,676.5 
51.008 ,388,664.6 
51.011 ,389,669.8 
51.014 ,390,674.6 
51.018 ,391,681.3 
51.021 ,392,671.8 
51.024 ,393,681.1 
51.028 ,394,674.7 
51.031 ,395,677.1 
51.034 ,396,680.8 
51.038 ,397,670.3 
51.041 ,398,675.3 
51.044 ,399,684.9 
51.048 ,400,679.2 
51.051 ,401,677.2 
51.054 ,402,678.6 
51.058 ,403,679.5 
51.061 ,404,672.4 
51.064 ,405,671.4 
51.068 ,406,667.8 
51.071 ,407,674.6 
51.074 ,408,652.9 
51.078 ,409,664.4 
51.081 ,410,654.6 
51.084 ,411,662.1 
51.088 ,412,667.5 
51.091 ,413,660.5 
51.094 ,414,662.9 
51.098 ,415,658.0 
51.101 ,416,663.5 
51.104 ,417,665.4 
51.108 ,418,682.5 
51.111 ,419,680.7 
51.114 ,420,678.8 
51.118 ,421,689.4 
51.121 ,422,688.8 
51.124 ,423,684.1 
51.128 ,424,690.3 
51.131 ,425,681.0 
51.134 ,426,674.1 
51.138 ,427,678.2 
51.141 ,428,671.6 
51.144 ,429,672.4 
51.148 ,430,674.6 
51.151 ,431,670.6 
51.154 ,432,683.6 
51.158 ,433,672.0 
51.161 ,434,667.3 
51.164 ,435,676.5 
51.168 ,436,674.8 
51.171 ,437,682.7 
51.174 ,438,683.0 
51.178 ,439,689.8 
51.181 ,440,694.3 
51.184 ,441,675.5 
51.188 ,442,675.4 
51.191 ,443,681.0 
51.194 ,444,666.7 
51.198 ,445,673.7 
51.201 ,446,679.9 
51.204 ,447,676.7 
51.208 ,448,676.5 
51.211 ,449,672.3 
51.214 ,450,680.4 
51.218 ,451,670.1 
51.221 ,452,675.3 
51.224 ,453,675.3 
51.228 ,454,660.7 
51.231 ,455,659.6 
51.234 ,456,676.7 
51.238 ,457,654.4 
,,
51.272 ,8,659.1 
51.275 ,9,664.3 
51.279 ,10,661.9 
51.282 ,11,662.2 
51.285 ,12,656.3 
51.289 ,13,665.2 
51.292 ,14,657.1 
51.295 ,15,667.3 
51.299 ,16,661.5 
51.302 ,17,663.6 
51.305 ,18,654.7 
51.309 ,19,664.9 
51.312 ,20,652.7 
51.315 ,21,655.2 
51.319 ,22,659.5 
51.322 ,23,671.1 
51.325 ,24,672.8 
51.329 ,25,652.9 
51.332 ,26,656.6 
51.335 ,27,661.3 
51.339 ,28,659.7 
51.342 ,29,667.0 
51.345 ,30,658.7 
51.349 ,31,662.4 
51.352 ,32,662.3 
51.355 ,33,667.9 
51.359 ,34,665.9 
51.362 ,35,664.1 
51.365 ,36,671.0 
51.369 ,37,665.0 
51.372 ,38,664.8 
51.375 ,39,660.8 
51.379 ,40,672.8 
51.382 ,41,668.1 
51.385 ,42,667.9 
51.389 ,43,673.7 
51.392 ,44,669.5 
51.395 ,45,671.3 
51.399 ,46,668.9 
51.402 ,47,664.9 
51.405 ,48,673.0 
51.409 ,49,674.7 
51.412 ,50,671.1 
51.415 ,51,668.5 
51.419 ,52,674.9 
51.422 ,53,670.3 
51.425 ,54,673.2 
51.429 ,55,672.2 
51.432 ,56,680.3 
51.435 ,57,674.5 
51.439 ,58,669.7 
51.442 ,59,675.2 
51.445 ,60,670.1 
51.449 ,61,673.9 
51.452 ,62,680.0 
51.455 ,63,667.6 
51.459 ,64,672.1 
51.462 ,65,678.6 
51.465 ,66,688.8 
51.469 ,67,681.6 
51.472 ,68,682.4 
51.475 ,69,682.2 
51.479 ,70,675.9 
51.482 ,71,673.6 
51.485 ,72,660.2 
51.489 ,73,671.4 
51.492 ,74,669.2 
51.495 ,75,663.9 
51.499 ,76,676.3 
51.502 ,77,668.5 
51.505 ,78,680.7 
51.509 ,79,679.4 
51.512 ,80,669.8 
51.515 ,81,683.0 
51.519 ,82,675.4 
51.522 ,83,677.2 
51.525 ,84,678.1 
51.529 ,85,681.3 
51.532 ,86,675.3 
51.535 ,87,678.5 
51.539 ,88,674.5 
51.542 ,89,679.0 
51.545 ,90,675.7 
51.549 ,91,687.3 
51.552 ,92,676.7 
51.555 ,93,681.6 
51.559 ,94,674.9 
51.562 ,95,664.6 
51.565 ,96,675.3 
51.569 ,97,674.9 
51.572 ,98,674.9 
51.575 ,99,680.7 
51.579 ,100,680.3 
51.582 ,101,683.1 
51.585 ,102,667.4 
51.589 ,103,675.0 
51.592 ,104,681.7 
51.595 ,105,664.1 
51.599 ,106,671.4 
51.602 ,107,670.0 
51.605 ,108,678.8 
51.609 ,109,677.7 
51.612 ,110,671.4 
51.615 ,111,671.8 
51.619 ,112,672.8 
51.622 ,113,675.3 
51.625 ,114,669.9 
51.629 ,115,668.6 
51.632 ,116,675.9 
51.635 ,117,680.4 
51.639 ,118,677.7 
51.642 ,119,666.1 
51.645 ,120,677.8 
51.649 ,121,668.9 
51.652 ,122,668.5 
51.655 ,123,660.2 
51.659 ,124,649.6 
51.662 ,125,658.6 
51.665 ,126,657.8 
51.669 ,127,663.5 
51.672 ,128,649.1 
51.675 ,129,670.3 
51.679 ,130,670.5 
51.682 ,131,662.4 
51.685 ,132,670.5 
51.689 ,133,663.1 
51.692 ,134,638.9 
51.695 ,135,655.6 
51.699 ,136,661.1 
51.702 ,137,652.9 
51.705 ,138,663.3 
51.709 ,139,658.5 
51.712 ,140,656.5 
51.715 ,141,669.5 
51.719 ,142,665.0 
51.722 ,143,670.1 
51.725 ,144,655.2 
51.729 ,145,665.9 
51.732 ,146,667.7 
51.735 ,147,668.2 
51.739 ,148,656.1 
51.742 ,149,658.0 
51.745 ,150,664.5 
51.749 ,151,660.8 
51.752 ,152,657.8 
,,
51.788 ,12,666.6 
51.792 ,13,657.6 
51.795 ,14,655.5 
51.798 ,15,669.0 
51.802 ,16,661.2 
51.805 ,17,665.4 
51.808 ,18,668.7 
51.812 ,19,660.6 
51.815 ,20,669.3 
51.818 ,21,672.7 
51.822 ,22,656.3 
51.825 ,23,666.6 
51.828 ,24,663.7 
51.832 ,25,657.3 
51.835 ,26,654.8 
51.838 ,27,657.7 
51.842 ,28,662.4 
51.845 ,29,658.5 
51.848 ,30,671.1 
51.852 ,31,658.5 
51.855 ,32,649.9 
51.858 ,33,648.7 
51.862 ,34,663.3 
51.865 ,35,653.9 
51.868 ,36,652.7 
51.872 ,37,666.1 
51.875 ,38,653.9 
51.878 ,39,666.0 
51.882 ,40,659.4 
51.885 ,41,652.2 
51.888 ,42,647.7 
51.892 ,43,664.9 
51.895 ,44,656.8 
51.898 ,45,661.1 
51.902 ,46,656.5 
51.905 ,47,654.4 
51.908 ,48,661.8 
51.912 ,49,660.3 
51.915 ,50,657.3 
51.918 ,51,663.7 
51.922 ,52,659.4 
51.925 ,53,661.2 
51.928 ,54,660.8 
51.932 ,55,660.7 
51.935 ,56,663.0 
51.938 ,57,667.5 
51.942 ,58,669.0 
51.945 ,59,662.5 
51.948 ,60,663.7 
51.952 ,61,675.2 
51.955 ,62,663.3 
51.958 ,63,667.2 
51.962 ,64,671.2 
51.965 ,65,663.9 
51.968 ,66,656.8 
51.972 ,67,675.2 
51.975 ,68,663.9 
51.978 ,69,676.4 
51.982 ,70,666.1 
51.985 ,71,676.9 
51.988 ,72,669.3 
51.992 ,73,664.7 
51.995 ,74,662.1 
51.998 ,75,660.3 
52.002 ,76,670.4 
52.005 ,77,670.3 
52.008 ,78,657.7 
52.012 ,79,668.4 
52.015 ,80,664.2 
52.018 ,81,667.4 
52.022 ,82,666.3 
52.025 ,83,668.3 
52.028 ,84,671.0 
52.032 ,85,671.3 
52.035 ,86,665.6 
52.038 ,87,671.3 
52.042 ,88,661.4 
52.045 ,89,664.3 
52.048 ,90,661.9 
52.052 ,91,671.4 
52.055 ,92,669.3 
52.058 ,93,668.6 
52.062 ,94,671.0 
52.065 ,95,669.4 
52.068 ,96,678.2 
52.072 ,97,666.2 
52.075 ,98,664.7 
52.078 ,99,656.3 
52.082 ,100,653.8 
52.085 ,101,653.7 
52.088 ,102,672.3 
52.092 ,103,667.0 
52.095 ,104,673.7 
52.098 ,105,671.6 
52.102 ,106,674.3 
52.105 ,107,669.0 
52.108 ,108,667.6 
52.112 ,109,665.1 
52.115 ,110,657.1 
52.118 ,111,662.1 
52.122 ,112,668.6 
52.125 ,113,670.6 
52.128 ,114,686.5 
52.132 ,115,666.0 
52.135 ,116,675.7 
52.138 ,117,678.3 
52.142 ,118,683.2 
52.145 ,119,669.7 
52.148 ,120,664.2 
52.152 ,121,671.6 
52.155 ,122,668.9 
52.158 ,123,671.1 
52.162 ,124,654.0 
52.165 ,125,661.0 
52.168 ,126,648.1 
,,
52.183 ,131,647.2 
52.187 ,132,653.2 
52.190 ,133,642.5 
52.193 ,134,650.2 
52.197 ,135,641.2 
52.200 ,136,651.0 
52.203 ,137,657.3 
52.207 ,138,651.4 
52.210 ,139,648.5 
52.213 ,140,642.8 
52.217 ,141,653.1 
52.220 ,142,639.3 
52.223 ,143,643.6 
52.227 ,144,642.7 
52.230 ,145,651.2 
52.233 ,146,644.4 
52.237 ,147,659.2 
52.240 ,148,650.3 
52.243 ,149,653.1 
52.247 ,150,650.6 
52.250 ,151,657.4 
52.253 ,152,663.8 
52.257 ,153,657.8 
52.260 ,154,663.4 
52.263 ,155,666.0 
52.267 ,156,676.3 
52.270 ,157,677.3 
52.273 ,158,663.0 
52.277 ,159,671.8 
52.280 ,160,690.4 
52.283 ,161,684.7 
52.287 ,162,679.3 
52.290 ,163,682.3 
52.293 ,164,686.7 
52.297 ,165,664.4 
52.300 ,166,668.3 
52.303 ,167,663.3 
52.307 ,168,672.5 
52.310 ,169,673.7 
52.313 ,170,668.8 
52.317 ,171,674.5 
52.320 ,172,665.4 
52.323 ,173,664.4 
,,
52.348 ,180,670.6 
52.352 ,181,667.2 
52.355 ,182,655.8 
52.358 ,183,671.4 
52.362 ,184,662.3 
52.365 ,185,660.5 
52.368 ,186,665.8 
52.372 ,187,669.7 
52.375 ,188,668.7 
52.378 ,189,670.7 
52.382 ,190,654.2 
52.385 ,191,673.0 
52.388 ,192,665.8 
52.392 ,193,666.5 
52.395 ,194,669.9 
52.398 ,195,673.0 
52.402 ,196,661.2 
52.405 ,197,661.1 
52.408 ,198,661.1 
52.412 ,199,663.3 
52.415 ,200,664.7 
52.418 ,201,660.9 
52.422 ,202,661.0 
52.425 ,203,644.9 
52.428 ,204,645.7 
52.432 ,205,649.1 
52.435 ,206,658.9 
52.438 ,207,666.7 
52.442 ,208,659.5 
52.445 ,209,659.1 
52.448 ,210,656.5 
52.452 ,211,663.3 
52.455 ,212,659.5 
52.458 ,213,646.3 
52.462 ,214,647.1 
52.465 ,215,650.2 
52.468 ,216,650.2 
52.472 ,217,646.8 
52.475 ,218,646.3 
52.478 ,219,646.4 
52.482 ,220,662.7 
52.485 ,221,647.0 
52.488 ,222,657.7 
52.492 ,223,648.7 
52.495 ,224,652.5 
52.498 ,225,652.5 
52.502 ,226,658.1 
52.505 ,227,663.5 
52.508 ,228,654.1 
52.512 ,229,658.7 
52.515 ,230,652.9 
52.518 ,231,663.1 
52.522 ,232,650.4 
52.525 ,233,658.1 
52.528 ,234,660.6 
52.532 ,235,652.0 
52.535 ,236,671.4 
52.538 ,237,662.5 
52.542 ,238,669.3 
52.545 ,239,674.0 
52.548 ,240,669.6 
52.552 ,241,682.6 
52.555 ,242,679.3 
52.558 ,243,658.3 
52.562 ,244,658.0 
52.565 ,245,646.3 
52.568 ,246,651.8 
52.572 ,247,655.9 
52.575 ,248,655.7 
52.578 ,249,668.3 
52.582 ,250,666.2 
52.585 ,251,675.4 
52.588 ,252,681.2 
52.592 ,253,674.8 
52.595 ,254,656.6 
52.598 ,255,653.8 
52.602 ,256,654.9 
52.605 ,257,649.7 
52.608 ,258,660.6 
52.612 ,259,660.3 
52.615 ,260,652.5 
52.618 ,261,659.8 
52.622 ,262,675.5 
52.625 ,263,667.1 
52.628 ,264,662.2 
52.632 ,265,663.2 
52.635 ,266,681.4 
52.638 ,267,666.8 
52.642 ,268,671.3 
52.645 ,269,674.0 
52.648 ,270,673.6 
52.652 ,271,665.8 
52.655 ,272,665.8 
52.658 ,273,674.4 
52.662 ,274,672.4 
52.665 ,275,675.2 
52.668 ,276,676.1 
52.672 ,277,671.0 
52.675 ,278,666.6 
52.678 ,279,665.9 
52.682 ,280,671.4 
52.685 ,281,667.4 
52.688 ,282,666.8 
52.692 ,283,669.1 
52.695 ,284,666.2 
52.698 ,285,664.2 
52.702 ,286,679.8 
52.705 ,287,677.7 
52.708 ,288,682.7 
52.712 ,289,675.7 
52.715 ,290,678.8 
52.718 ,291,671.3 
52.722 ,292,673.7 
52.725 ,293,672.6 
52.728 ,294,670.4 
52.732 ,295,662.4 
52.735 ,296,680.4 
52.738 ,297,656.4 
52.742 ,298,671.3 
52.745 ,299,664.6 
52.748 ,300,671.4 
52.752 ,301,664.7 
52.755 ,302,663.5 
52.758 ,303,674.8 
52.762 ,304,666.6 
52.765 ,305,663.5 
52.768 ,306,668.7 
52.772 ,307,667.0 
52.775 ,308,671.8 
52.778 ,309,657.0 
52.782 ,310,663.9 
52.785 ,311,665.8 
52.788 ,312,676.0 
52.792 ,313,664.2 
52.795 ,314,679.2 
52.798 ,315,666.6 
52.802 ,316,673.0 
52.805 ,317,672.9 
52.808 ,318,679.8 
52.812 ,319,674.0 
52.815 ,320,658.4 
52.818 ,321,652.0 
52.822 ,322,664.7 
52.825 ,323,662.3 
52.828 ,324,664.0 
52.832 ,325,653.3 
,,
52.848 ,332,665.7 
52.852 ,333,655.5 
52.855 ,334,655.0 
52.858 ,335,656.8 
52.862 ,336,651.1 
52.865 ,337,651.1 
52.868 ,338,670.6 
52.872 ,339,663.6 
52.875 ,340,656.5 
52.878 ,341,659.9 
52.882 ,342,643.9 
52.885 ,343,649.7 
52.888 ,344,653.7 
52.892 ,345,649.9 
52.895 ,346,644.8 
52.898 ,347,643.0 
52.902 ,348,637.9 
52.905 ,349,635.8 
52.908 ,350,648.7 
52.912 ,351,642.3 
52.915 ,352,646.6 
52.918 ,353,644.7 
52.922 ,354,638.7 
52.925 ,355,643.5 
52.928 ,356,629.0 
52.932 ,357,644.7 
52.935 ,358,640.1 
52.938 ,359,625.4 
52.942 ,360,645.5 
52.945 ,361,637.9 
52.948 ,362,648.3 
52.952 ,363,647.0 
52.955 ,364,640.2 
52.958 ,365,649.4 
52.962 ,366,650.3 
52.965 ,367,646.6 
52.968 ,368,651.7 
52.972 ,369,639.2 
52.975 ,370,648.0 
52.978 ,371,652.8 
52.982 ,372,661.1 
52.985 ,373,655.4 
52.988 ,374,654.6 
52.992 ,375,647.6 
52.995 ,376,661.1 
52.998 ,377,667.9 
53.002 ,378,669.0 
53.005 ,379,693.7 
53.008 ,380,678.0 
53.012 ,381,671.7 
53.015 ,382,658.3 
53.018 ,383,674.6 
53.022 ,384,657.9 
53.025 ,385,672.6 
53.028 ,386,670.9 
53.032 ,387,663.5 
53.035 ,388,663.5 
53.038 ,389,671.1 
53.042 ,390,659.6 
53.045 ,391,666.5 
53.048 ,392,666.5 
53.052 ,393,674.7 
53.055 ,394,659.3 
53.058 ,395,678.9 
53.062 ,396,669.0 
53.065 ,397,669.5 
53.068 ,398,659.5 
53.072 ,399,669.5 
53.075 ,400,679.7 
53.078 ,401,680.9 
53.082 ,402,673.7 
53.085 ,403,678.2 
53.088 ,404,679.7 
53.092 ,405,679.3 
53.095 ,406,681.0 
53.098 ,407,666.0 
53.102 ,408,676.2 
53.105 ,409,684.9 
53.108 ,410,675.9 
53.112 ,411,674.4 
53.115 ,412,682.5 
53.118 ,413,689.4 
53.122 ,414,688.6 
53.125 ,415,678.1 
53.128 ,416,672.3 
53.132 ,417,675.1 
53.135 ,418,667.3 
53.138 ,419,672.0 
53.142 ,420,667.3 
53.145 ,421,671.9 
53.148 ,422,684.1 
53.152 ,423,675.3 
53.155 ,424,674.0 
53.158 ,425,685.5 
53.162 ,426,684.2 
53.165 ,427,679.1 
53.168 ,428,679.7 
53.172 ,429,677.5 
53.175 ,430,685.7 
53.178 ,431,679.8 
53.182 ,432,670.4 
53.185 ,433,668.1 
53.188 ,434,662.2 
53.192 ,435,662.1 
53.195 ,436,672.3 
53.198 ,437,683.5 
53.202 ,438,677.9 
53.205 ,439,685.3 
53.208 ,440,681.3 
53.212 ,441,686.8 
53.215 ,442,678.9 
53.218 ,443,669.1 
53.222 ,444,664.2 
,,
53.228 ,446,650.8 
53.232 ,447,643.1 
53.235 ,448,656.7 
53.238 ,449,658.8 
53.242 ,450,666.1 
53.245 ,451,665.9 
53.248 ,452,675.6 
53.252 ,453,671.5 
53.255 ,454,662.4 
53.258 ,455,667.8 
53.262 ,456,673.8 
53.265 ,457,659.8 
53.268 ,458,668.2 
53.272 ,459,672.6 
53.275 ,460,662.2 
53.278 ,461,661.7 
53.282 ,462,660.6 
53.285 ,463,645.2 
53.288 ,464,648.7 
53.292 ,465,650.7 
53.295 ,466,661.7 
53.298 ,467,654.2 
53.302 ,468,661.8 
53.305 ,469,651.5 
53.308 ,470,665.9 
53.312 ,471,653.4 
53.315 ,472,668.8 
53.318 ,473,653.2 
53.322 ,474,661.3 
53.325 ,475,672.2 
53.328 ,476,662.5 
53.332 ,477,677.4 
53.335 ,478,673.7 
53.338 ,479,675.0 
53.342 ,480,672.6 
53.345 ,481,670.8 
53.348 ,482,684.1 
53.352 ,483,684.1 
53.355 ,484,675.7 
53.358 ,485,671.2 
53.362 ,486,669.5 
,,
53.372 ,481,670.8 
53.375 ,482,684.1 
53.378 ,483,684.1 
53.382 ,484,675.7 
53.385 ,485,671.2 
53.388 ,486,669.5 
,,
53.392 ,14,637.0 
53.395 ,15,650.8 
53.399 ,16,655.7 
53.402 ,17,654.5 
53.405 ,18,644.5 
53.409 ,19,651.8 
53.412 ,20,650.9 
53.415 ,21,647.0 
53.419 ,22,645.8 
53.422 ,23,650.0 
53.425 ,24,645.0 
53.429 ,25,642.6 
53.432 ,26,646.4 
53.435 ,27,648.0 
53.439 ,28,643.6 
53.442 ,29,647.7 
53.445 ,30,643.3 
53.449 ,31,643.5 
53.452 ,32,643.5 
53.455 ,33,641.5 
53.459 ,34,649.3 
53.462 ,35,642.5 
53.465 ,36,641.6 
53.469 ,37,647.3 
53.472 ,38,647.6 
53.475 ,39,640.9 
53.479 ,40,640.6 
53.482 ,41,640.7 
53.485 ,42,642.9 
53.489 ,43,640.4 
53.492 ,44,646.6 
53.495 ,45,637.5 
53.499 ,46,647.2 
53.502 ,47,648.8 
53.505 ,48,656.6 
53.509 ,49,665.2 
53.512 ,50,652.2 
53.515 ,51,656.5 
53.519 ,52,655.6 
53.522 ,53,655.3 
53.525 ,54,655.6 
53.529 ,55,658.8 
53.532 ,56,659.2 
53.535 ,57,661.9 
53.539 ,58,659.9 
53.542 ,59,666.2 
53.545 ,60,658.0 
53.549 ,61,656.9 
53.552 ,62,665.0 
53.555 ,63,655.3 
53.559 ,64,661.6 
53.562 ,65,654.5 
53.565 ,66,658.9 
53.569 ,67,647.7 
53.572 ,68,649.3 
53.575 ,69,647.7 
53.579 ,70,651.3 
53.582 ,71,652.0 
53.585 ,72,645.2 
53.589 ,73,650.8 
53.592 ,74,652.0 
53.595 ,75,653.3 
53.599 ,76,668.2 
53.602 ,77,661.8 
53.605 ,78,659.6 
53.609 ,79,659.4 
53.612 ,80,658.7 
53.615 ,81,651.1 
53.619 ,82,659.3 
53.622 ,83,650.8 
53.625 ,84,655.8 
53.629 ,85,652.1 
53.632 ,86,653.7 
53.635 ,87,662.0 
53.639 ,88,664.9 
53.642 ,89,659.0 
53.645 ,90,661.3 
53.649 ,91,664.9 
53.652 ,92,660.4 
53.655 ,93,665.1 
53.659 ,94,666.6 
53.662 ,95,663.8 
53.665 ,96,667.7 
53.669 ,97,672.5 
53.672 ,98,664.3 
53.675 ,99,659.7 
53.679 ,100,659.4 
53.682 ,101,656.5 
53.685 ,102,666.3 
53.689 ,103,668.2 
53.692 ,104,677.9 
53.695 ,105,678.2 
53.699 ,106,668.2 
53.702 ,107,665.5 
53.705 ,108,683.4 
53.709 ,109,674.0 
53.712 ,110,668.9 
53.715 ,111,676.1 
53.719 ,112,669.8 
53.722 ,113,669.8 
53.725 ,114,666.8 
53.729 ,115,660.6 
53.732 ,116,672.2 
53.735 ,117,657.5 
53.739 ,118,666.7 
53.742 ,119,663.3 
53.745 ,120,663.4 
53.749 ,121,659.1 
53.752 ,122,661.3 
53.755 ,123,660.0 
53.759 ,124,670.4 
53.762 ,125,672.4 
53.765 ,126,676.6 
53.769 ,127,666.0 
53.772 ,128,672.7 
53.775 ,129,675.4 
53.779 ,130,674.0 
53.782 ,131,660.7 
53.785 ,132,654.5 
53.789 ,133,659.1 
53.792 ,134,663.6 
53.795 ,135,656.0 
53.799 ,136,663.3 
53.802 ,137,662.6 
53.805 ,138,665.7 
53.809 ,139,666.9 
53.812 ,140,681.1 
53.815 ,141,683.0 
53.819 ,142,681.8 
53.822 ,143,673.7 
53.825 ,144,677.6 
53.829 ,145,670.8 
53.832 ,146,672.8 
53.835 ,147,673.1 
53.839 ,148,660.0 
53.842 ,149,661.6 
53.845 ,150,659.0 
53.849 ,151,656.1 
,,
53.872 ,159,661.3 
53.875 ,160,664.8 
53.879 ,161,656.4 
53.882 ,162,656.7 
53.885 ,163,666.1 
53.889 ,164,675.1 
53.892 ,165,672.6 
53.895 ,166,681.2 
53.899 ,167,682.1 
53.902 ,168,675.1 
53.905 ,169,670.2 
53.909 ,170,678.3 
53.912 ,171,670.6 
53.915 ,172,674.2 
53.919 ,173,668.8 
53.922 ,174,669.8 
53.925 ,175,674.8 
53.929 ,176,677.4 
53.932 ,177,665.8 
53.935 ,178,681.6 
53.939 ,179,670.4 
53.942 ,180,677.6 
53.945 ,181,687.2 
53.949 ,182,683.4 
53.952 ,183,675.8 
53.955 ,184,679.0 
53.959 ,185,676.3 
53.962 ,186,670.2 
53.965 ,187,683.0 
53.969 ,188,677.2 
53.972 ,189,684.9 
53.975 ,190,684.8 
53.979 ,191,686.1 
53.982 ,192,682.4 
53.985 ,193,677.0 
53.989 ,194,679.3 
53.992 ,195,679.1 
53.995 ,196,668.5 
53.999 ,197,672.9 
54.002 ,198,674.8 
54.005 ,199,671.1 
54.009 ,200,683.1 
54.012 ,201,686.0 
54.015 ,202,684.4 
54.019 ,203,679.0 
54.022 ,204,670.6 
54.025 ,205,675.6 
54.029 ,206,692.5 
54.032 ,207,676.8 
54.035 ,208,701.2 
54.039 ,209,681.9 
54.042 ,210,674.7 
54.045 ,211,675.5 
54.049 ,212,686.2 
54.052 ,213,684.2 
54.055 ,214,691.1 
54.059 ,215,694.1 
54.062 ,216,678.7 
54.065 ,217,674.1 
54.069 ,218,679.0 
54.072 ,219,679.5 
54.075 ,220,662.8 
54.079 ,221,678.6 
54.082 ,222,671.2 
54.085 ,223,663.2 
54.089 ,224,673.6 
54.092 ,225,677.0 
54.095 ,226,676.7 
54.099 ,227,684.2 
54.102 ,228,681.6 
54.105 ,229,680.1 
54.109 ,230,689.2 
54.112 ,231,675.9 
54.115 ,232,684.4 
54.119 ,233,680.7 
54.122 ,234,682.0 
54.125 ,235,680.3 
54.129 ,236,690.5 
54.132 ,237,668.5 
54.135 ,238,684.2 
54.139 ,239,679.0 
54.142 ,240,675.9 
54.145 ,241,674.3 
54.149 ,242,681.4 
54.152 ,243,679.1 
54.155 ,244,683.0 
54.159 ,245,685.4 
54.162 ,246,675.5 
54.165 ,247,674.2 
54.169 ,248,669.2 
54.172 ,249,673.1 
54.175 ,250,665.9 
54.179 ,251,670.2 
54.182 ,252,689.5 
54.185 ,253,677.3 
54.189 ,254,670.6 
54.192 ,255,679.9 
54.195 ,256,670.0 
54.199 ,257,669.0 
54.202 ,258,681.7 
54.205 ,259,688.0 
54.209 ,260,679.5 
54.212 ,261,684.9 
54.215 ,262,669.7 
54.219 ,263,675.4 
54.222 ,264,670.7 
54.225 ,265,671.8 
54.229 ,266,671.8 
54.232 ,267,673.1 
54.235 ,268,680.5 
54.239 ,269,666.5 
54.242 ,270,669.4 
54.245 ,271,674.1 
54.249 ,272,675.5 
54.252 ,273,670.0 
54.255 ,274,671.1 
54.259 ,275,670.0 
54.262 ,276,678.7 
54.265 ,277,671.5 
54.269 ,278,666.7 
54.272 ,279,685.6 
54.275 ,280,671.6 
54.279 ,281,677.2 
54.282 ,282,679.6 
54.285 ,283,672.0 
54.289 ,284,676.8 
54.292 ,285,675.3 
54.295 ,286,673.4 
54.299 ,287,669.0 
54.302 ,288,678.0 
54.305 ,289,677.0 
54.309 ,290,679.6 
54.312 ,291,685.3 
54.315 ,292,680.8 
54.319 ,293,679.2 
54.322 ,294,680.4 
54.325 ,295,683.5 
54.329 ,296,675.9 
54.332 ,297,683.4 
54.335 ,298,670.4 
54.339 ,299,682.4 
54.342 ,300,675.9 
,,
54.372 ,309,666.7 
54.375 ,310,670.5 
54.379 ,311,684.6 
54.382 ,312,692.9 
54.385 ,313,680.8 
54.389 ,314,682.8 
54.392 ,315,682.5 
54.395 ,316,684.0 
54.399 ,317,700.2 
54.402 ,318,692.2 
54.405 ,319,684.3 
54.409 ,320,682.6 
54.412 ,321,673.2 
54.415 ,322,676.7 
54.419 ,323,671.1 
54.422 ,324,673.7 
54.425 ,325,660.2 
54.429 ,326,673.2 
54.432 ,327,675.5 
54.435 ,328,670.9 
54.439 ,329,675.6 
54.442 ,330,683.7 
54.445 ,331,676.1 
54.449 ,332,674.2 
54.452 ,333,673.6 
54.455 ,334,677.0 
54.459 ,335,665.0 
54.462 ,336,680.7 
54.465 ,337,688.8 
54.469 ,338,677.6 
54.472 ,339,676.9 
54.475 ,340,680.0 
54.479 ,341,682.7 
54.482 ,342,687.9 
54.485 ,343,679.5 
54.489 ,344,675.1 
54.492 ,345,663.4 
54.495 ,346,656.5 
54.499 ,347,658.7 
54.502 ,348,660.1 
54.505 ,349,659.1 
54.509 ,350,666.3 
54.512 ,351,651.3 
54.515 ,352,655.7 
54.519 ,353,667.5 
54.522 ,354,662.7 
54.525 ,355,668.7 
54.529 ,356,672.6 
54.532 ,357,680.4 
54.535 ,358,676.6 
54.539 ,359,667.8 
54.542 ,360,670.7 
54.545 ,361,667.8 
54.549 ,362,660.2 
54.552 ,363,660.5 
54.555 ,364,674.0 
54.559 ,365,683.3 
54.562 ,366,682.5 
54.565 ,367,686.0 
54.569 ,368,673.9 
54.572 ,369,671.9 
54.575 ,370,675.0 
54.579 ,371,675.3 
54.582 ,372,671.8 
54.585 ,373,666.9 
54.589 ,374,671.5 
54.592 ,375,678.8 
54.595 ,376,671.3 
54.599 ,377,685.4 
54.602 ,378,688.3 
54.605 ,379,684.5 
54.609 ,380,685.1 
54.612 ,381,676.9 
54.615 ,382,681.6 
54.619 ,383,682.0 
54.622 ,384,683.2 
54.625 ,385,680.1 
54.629 ,386,674.9 
54.632 ,387,675.1 
54.635 ,388,679.0 
54.639 ,389,673.6 
54.642 ,390,677.4 
54.645 ,391,677.8 
54.649 ,392,684.5 
54.652 ,393,673.1 
54.655 ,394,677.6 
54.659 ,395,683.3 
54.662 ,396,677.4 
54.665 ,397,669.7 
54.669 ,398,679.0 
54.672 ,399,678.9 
54.675 ,400,680.4 
54.679 ,401,676.8 
54.682 ,402,685.3 
54.685 ,403,674.2 
54.689 ,404,677.9 
54.692 ,405,668.6 
54.695 ,406,683.0 
54.699 ,407,675.4 
54.702 ,408,680.2 
54.705 ,409,679.7 
54.709 ,410,674.4 
54.712 ,411,667.8 
54.715 ,412,671.6 
54.719 ,413,665.7 
54.722 ,414,681.2 
54.725 ,415,675.0 
54.729 ,416,672.2 
54.732 ,417,676.5 
54.735 ,418,686.4 
54.739 ,419,668.5 
54.742 ,420,672.2 
54.745 ,421,678.7 
54.749 ,422,683.8 
54.752 ,423,685.6 
54.755 ,424,675.9 
54.759 ,425,683.1 
54.762 ,426,676.0 
54.765 ,427,689.7 
54.769 ,428,671.6 
54.772 ,429,680.2 
54.775 ,430,688.0 
54.779 ,431,694.0 
54.782 ,432,685.9 
54.785 ,433,678.5 
54.789 ,434,690.6 
54.792 ,435,673.4 
54.795 ,436,676.8 
54.799 ,437,676.3 
54.802 ,438,681.6 
54.805 ,439,692.7 
54.809 ,440,679.8 
54.812 ,441,674.3 
54.815 ,442,673.5 
54.819 ,443,679.7 
54.822 ,444,674.0 
54.825 ,445,682.0 
54.829 ,446,679.9 
54.832 ,447,677.6 
54.835 ,448,664.2 
54.839 ,449,677.1 
54.842 ,450,674.0 
54.845 ,451,677.9 
54.849 ,452,674.6 
54.852 ,453,675.2 
54.855 ,454,677.6 
,,
54.877 ,8,654.1 
54.880 ,9,658.9 
54.883 ,10,657.6 
54.887 ,11,660.2 
54.890 ,12,659.2 
54.893 ,13,653.5 
54.897 ,14,655.4 
54.900 ,15,661.0 
54.903 ,16,667.4 
54.907 ,17,663.7 
54.910 ,18,668.9 
54.913 ,19,669.9 
54.917 ,20,684.9 
54.920 ,21,673.2 
54.923 ,22,673.5 
54.927 ,23,678.2 
54.930 ,24,675.2 
54.933 ,25,668.6 
54.937 ,26,684.7 
54.940 ,27,679.6 
54.943 ,28,684.5 
54.947 ,29,678.4 
54.950 ,30,687.4 
54.953 ,31,685.7 
54.957 ,32,688.4 
54.960 ,33,683.6 
54.963 ,34,685.0 
54.967 ,35,692.1 
54.970 ,36,692.9 
54.973 ,37,690.7 
54.977 ,38,690.5 
54.980 ,39,679.2 
54.983 ,40,682.3 
54.987 ,41,680.4 
54.990 ,42,673.0 
54.993 ,43,682.2 
54.997 ,44,689.5 
55.000 ,45,686.3 
55.003 ,46,684.9 
55.007 ,47,678.0 
55.010 ,48,674.4 
55.013 ,49,670.8 
55.017 ,50,668.0 
55.020 ,51,660.9 
55.023 ,52,665.7 
55.027 ,53,679.5 
55.030 ,54,672.3 
55.033 ,55,674.3 
55.037 ,56,672.0 
55.040 ,57,667.3 
55.043 ,58,677.9 
55.047 ,59,672.6 
55.050 ,60,687.3 
55.053 ,61,671.2 
55.057 ,62,679.2 
55.060 ,63,685.5 
55.063 ,64,688.8 
55.067 ,65,688.2 
55.070 ,66,685.3 
55.073 ,67,688.9 
55.077 ,68,686.1 
55.080 ,69,684.2 
55.083 ,70,691.2 
55.087 ,71,681.9 
55.090 ,72,676.6 
55.093 ,73,677.4 
55.097 ,74,678.9 
55.100 ,75,689.9 
55.103 ,76,679.7 
55.107 ,77,682.5 
55.110 ,78,665.9 
55.113 ,79,676.8 
55.117 ,80,670.9 
55.120 ,81,664.4 
55.123 ,82,664.6 
55.127 ,83,662.7 
55.130 ,84,657.6 
55.133 ,85,677.4 
55.137 ,86,689.3 
55.140 ,87,681.5 
55.143 ,88,686.3 
55.147 ,89,680.8 
55.150 ,90,679.1 
55.153 ,91,677.4 
55.157 ,92,681.9 
55.160 ,93,670.9 
55.163 ,94,674.3 
55.167 ,95,680.3 
55.170 ,96,664.3 
55.173 ,97,670.4 
55.177 ,98,682.5 
55.180 ,99,687.7 
55.183 ,100,676.6 
55.187 ,101,691.3 
55.190 ,102,682.5 
55.193 ,103,673.4 
55.197 ,104,684.3 
55.200 ,105,692.1 
55.203 ,106,687.7 
55.207 ,107,688.3 
55.210 ,108,683.8 
55.213 ,109,693.6 
55.217 ,110,687.9 
55.220 ,111,700.5 
55.223 ,112,685.3 
55.227 ,113,693.9 
55.230 ,114,685.6 
55.233 ,115,683.5 
55.237 ,116,684.4 
55.240 ,117,684.5 
55.243 ,118,687.9 
55.247 ,119,682.3 
55.250 ,120,690.9 
55.253 ,121,693.0 
55.257 ,122,683.9 
,,
55.297 ,130,692.7 
55.300 ,131,701.7 
55.303 ,132,690.5 
55.307 ,133,678.7 
55.310 ,134,692.7 
55.313 ,135,693.0 
55.317 ,136,690.8 
55.320 ,137,693.0 
55.323 ,138,683.4 
55.327 ,139,679.3 
55.330 ,140,678.7 
55.333 ,141,685.4 
55.337 ,142,671.7 
55.340 ,143,676.2 
55.343 ,144,675.5 
55.347 ,145,668.4 
55.350 ,146,670.9 
55.353 ,147,660.1 
55.357 ,148,679.2 
55.360 ,149,671.3 
55.363 ,150,676.7 
55.367 ,151,683.8 
55.370 ,152,686.6 
55.373 ,153,685.2 
55.377 ,154,681.7 
55.380 ,155,681.5 
55.383 ,156,701.1 
55.387 ,157,687.9 
55.390 ,158,678.4 
55.393 ,159,691.1 
55.397 ,160,677.3 
55.400 ,161,675.5 
55.403 ,162,676.6 
55.407 ,163,675.2 
55.410 ,164,673.2 
55.413 ,165,673.3 
55.417 ,166,663.0 
55.420 ,172,680.9 
55.423 ,173,669.4 
55.427 ,174,682.8 
55.430 ,175,683.4 
55.433 ,176,669.8 
55.437 ,177,663.5 
55.440 ,178,669.4 
55.443 ,179,670.9 
55.447 ,180,675.4 
55.450 ,181,671.1 
55.453 ,182,674.3 
55.457 ,183,675.6 
55.460 ,184,665.9 
55.463 ,185,670.1 
55.467 ,186,668.4 
55.470 ,187,672.3 
55.473 ,188,675.3 
55.477 ,189,662.0 
55.480 ,190,657.5 
55.483 ,191,666.1 
55.487 ,192,669.0 
55.490 ,193,663.1 
55.493 ,194,658.6 
55.497 ,195,662.1 
55.500 ,196,670.0 
55.503 ,197,660.6 
55.507 ,198,663.5 
55.510 ,199,671.6 
55.513 ,200,669.6 
55.517 ,201,677.4 
55.520 ,202,669.2 
55.523 ,203,674.0 
55.527 ,204,661.2 
55.530 ,205,670.9 
55.533 ,206,661.6 
55.537 ,207,674.9 
55.540 ,208,665.0 
55.543 ,209,665.0 
55.547 ,210,656.6 
55.550 ,211,667.3 
55.553 ,212,670.6 
55.557 ,213,673.3 
55.560 ,214,659.1 
55.563 ,215,667.5 
55.567 ,216,674.7 
55.570 ,217,671.7 
55.573 ,218,680.4 
55.577 ,219,685.8 
55.580 ,220,675.6 
55.583 ,221,681.0 
55.587 ,222,680.8 
55.590 ,223,656.1 
55.593 ,224,661.3 
55.597 ,225,657.7 
55.600 ,226,668.6 
55.603 ,227,668.0 
55.607 ,228,673.7 
55.610 ,229,672.7 
55.613 ,230,679.3 
55.617 ,231,665.5 
55.620 ,232,680.2 
55.623 ,233,679.7 
55.627 ,234,687.6 
55.630 ,235,676.1 
55.633 ,236,678.5 
55.637 ,237,681.2 
55.640 ,238,677.1 
55.643 ,239,676.7 
55.647 ,240,684.4 
55.650 ,241,674.7 
55.653 ,242,674.2 
55.657 ,243,672.7 
55.660 ,244,668.5 
55.663 ,245,674.8 
55.667 ,246,665.5 
55.670 ,247,666.5 
55.673 ,248,670.8 
55.677 ,249,674.6 
55.680 ,250,677.4 
55.683 ,251,675.9 
55.687 ,252,678.8 
55.690 ,253,682.7 
55.693 ,254,674.1 
55.697 ,255,672.0 
55.700 ,256,673.0 
55.703 ,257,670.6 
55.707 ,258,674.6 
55.710 ,259,674.1 
55.713 ,260,677.9 
55.717 ,261,684.4 
55.720 ,262,678.2 
55.723 ,263,688.0 
55.727 ,264,692.1 
55.730 ,265,682.3 
55.733 ,266,677.2 
55.737 ,267,669.5 
55.740 ,268,667.0 
55.743 ,269,656.1 
55.747 ,270,669.6 
55.750 ,271,676.7 
55.753 ,272,681.2 
55.757 ,273,667.6 
55.760 ,274,677.0 
55.763 ,275,665.5 
55.767 ,276,670.8 
55.770 ,277,670.3 
55.773 ,278,671.2 
55.777 ,279,663.2 
55.780 ,280,665.5 
55.783 ,281,665.3 
55.787 ,282,666.5 
55.790 ,283,666.1 
55.793 ,284,660.3 
55.797 ,285,668.7 
55.800 ,286,671.4 
55.803 ,287,669.2 
55.807 ,288,659.8 
55.810 ,289,663.1 
55.813 ,290,656.5 
55.817 ,291,659.1 
55.820 ,292,654.5 
55.823 ,293,661.6 
55.827 ,294,671.6 
55.830 ,295,664.1 
55.833 ,296,664.0 
55.837 ,297,664.3 
55.840 ,298,655.7 
55.843 ,299,654.6 
55.847 ,300,658.6 
55.850 ,301,661.7 
55.853 ,302,648.4 
55.857 ,303,654.6 
55.860 ,304,650.7 
55.863 ,305,652.7 
55.867 ,306,663.9 
55.870 ,307,656.0 
55.873 ,308,657.4 
55.877 ,309,658.5 
55.880 ,310,659.9 
55.883 ,311,672.8 
55.887 ,312,678.2 
55.890 ,313,679.5 
55.893 ,314,684.7 
55.897 ,315,684.9 
,,
55.913 ,5,686.0 
55.917 ,6,693.9 
55.920 ,7,689.7 
55.923 ,8,686.7 
55.927 ,9,687.0 
55.930 ,10,685.3 
55.933 ,11,682.8 
55.937 ,12,689.5 
55.940 ,13,682.3 
55.943 ,14,677.2 
55.947 ,15,687.9 
55.950 ,16,678.0 
55.953 ,17,675.1 
55.957 ,18,666.9 
55.960 ,19,672.3 
55.963 ,20,690.3 
55.967 ,21,689.7 
55.970 ,22,691.8 
55.973 ,23,694.8 
55.977 ,24,680.6 
55.980 ,25,689.7 
55.983 ,26,682.0 
55.987 ,27,685.5 
55.990 ,28,684.4 
55.993 ,29,691.7 
55.997 ,30,673.7 
56.000 ,31,681.9 
56.003 ,32,684.7 
56.007 ,33,698.7 
56.010 ,34,709.4 
56.013 ,35,707.8 
56.017 ,36,702.6 
56.020 ,37,700.3 
56.023 ,38,693.7 
56.027 ,39,692.7 
56.030 ,40,693.5 
56.033 ,41,694.6 
56.037 ,42,695.3 
56.040 ,43,701.9 
56.043 ,44,689.3 
56.047 ,45,691.7 
56.050 ,46,693.2 
56.053 ,47,701.9 
56.057 ,48,699.6 
56.060 ,49,686.1 
56.063 ,50,693.7 
56.067 ,51,686.4 
56.070 ,52,688.2 
56.073 ,53,692.2 
56.077 ,54,691.0 
56.080 ,55,691.0 
56.083 ,56,690.1 
56.087 ,57,688.2 
56.090 ,58,681.7 
56.093 ,59,691.4 
56.097 ,60,706.6 
56.100 ,61,698.1 
56.103 ,62,689.9 
56.107 ,63,685.3 
56.110 ,64,687.3 
56.113 ,65,703.6 
56.117 ,66,695.8 
56.120 ,67,691.4 
56.123 ,68,686.1 
56.127 ,69,685.5 
56.130 ,70,681.0 
56.133 ,71,681.9 
56.137 ,72,680.5 
56.140 ,73,684.7 
56.143 ,74,670.2 
56.147 ,75,681.8 
56.150 ,76,684.3 
56.153 ,77,688.5 
56.157 ,78,691.8 
56.160 ,79,695.6 
56.163 ,80,687.5 
56.167 ,81,695.9 
56.170 ,82,694.4 
56.173 ,83,687.1 
56.177 ,84,684.6 
56.180 ,85,691.4 
56.183 ,86,686.6 
56.187 ,87,688.7 
56.190 ,88,678.3 
56.193 ,89,681.8 
56.197 ,90,667.9 
56.200 ,91,675.8 
56.203 ,92,690.3 
56.207 ,93,682.5 
56.210 ,94,686.3 
56.213 ,95,688.2 
56.217 ,96,692.2 
56.220 ,97,699.0 
56.223 ,98,693.4 
56.227 ,99,700.8 
56.230 ,100,695.9 
56.233 ,101,699.1 
56.237 ,102,687.9 
56.240 ,103,692.9 
56.243 ,104,691.9 
56.247 ,105,693.9 
56.250 ,106,707.0 
56.253 ,107,694.5 
56.257 ,108,710.0 
56.260 ,109,703.0 
56.263 ,110,699.7 
56.267 ,111,694.9 
56.270 ,112,698.7 
56.273 ,113,696.7 
56.277 ,114,691.1 
56.280 ,115,683.6 
56.283 ,116,672.4 
56.287 ,117,674.4 
56.290 ,118,676.4 
,,
56.323 ,125,685.4 
56.327 ,126,697.0 
56.330 ,127,693.3 
56.333 ,128,679.6 
56.337 ,129,684.0 
56.340 ,130,676.7 
56.343 ,131,691.5 
56.347 ,132,683.6 
56.350 ,133,681.0 
56.353 ,134,683.6 
56.357 ,135,681.8 
56.360 ,136,691.3 
56.363 ,137,684.7 
56.367 ,138,683.1 
56.370 ,139,687.4 
56.373 ,140,685.7 
56.377 ,141,685.5 
56.380 ,142,686.2 
56.383 ,143,678.4 
56.387 ,144,684.6 
56.390 ,145,692.5 
56.393 ,146,690.5 
56.397 ,147,686.4 
56.400 ,148,686.5 
56.403 ,149,682.3 
56.407 ,150,676.0 
56.410 ,151,683.1 
56.413 ,152,687.8 
56.417 ,153,681.2 
56.420 ,154,674.4 
56.423 ,155,676.6 
,,
56.463 ,174,676.9 
56.467 ,175,669.2 
56.470 ,176,674.3 
56.473 ,177,675.9 
56.477 ,178,668.4 
56.480 ,179,673.6 
56.483 ,180,669.3 
56.487 ,181,681.7 
56.490 ,182,674.9 
56.493 ,183,668.5 
56.497 ,184,669.6 
56.500 ,185,673.9 
56.503 ,186,678.6 
56.507 ,187,675.0 
56.510 ,188,670.7 
56.513 ,189,685.3 
56.517 ,190,681.9 
56.520 ,191,683.0 
56.523 ,192,683.6 
56.527 ,193,672.6 
56.530 ,194,674.8 
56.533 ,195,686.0 
56.537 ,196,683.1 
56.540 ,197,681.6 
56.543 ,198,679.2 
56.547 ,199,672.8 
56.550 ,200,676.4 
56.553 ,201,681.0 
56.557 ,202,684.3 
56.560 ,203,676.2 
56.563 ,204,673.6 
56.567 ,205,674.3 
56.570 ,206,678.0 
56.573 ,207,684.7 
56.577 ,208,680.8 
56.580 ,209,682.2 
56.583 ,210,681.8 
56.587 ,211,694.3 
56.590 ,212,682.9 
56.593 ,213,666.2 
56.597 ,214,677.7 
56.600 ,215,676.8 
56.603 ,216,688.6 
56.607 ,217,683.5 
56.610 ,218,690.4 
56.613 ,219,682.3 
56.617 ,220,691.0 
56.620 ,221,688.4 
56.623 ,222,688.2 
56.627 ,223,689.7 
56.630 ,224,686.2 
56.633 ,225,695.0 
56.637 ,226,687.2 
56.640 ,227,671.4 
56.643 ,228,686.8 
56.647 ,229,695.8 
56.650 ,230,684.0 
56.653 ,231,679.2 
56.657 ,232,684.0 
56.660 ,233,682.7 
56.663 ,234,678.6 
56.667 ,235,688.2 
56.670 ,236,673.7 
56.673 ,237,682.2 
56.677 ,238,683.4 
56.680 ,239,680.6 
56.683 ,240,676.9 
56.687 ,241,687.8 
56.690 ,242,683.3 
56.693 ,243,685.6 
56.697 ,244,689.3 
56.700 ,245,685.2 
56.703 ,246,665.7 
56.707 ,247,672.0 
56.710 ,248,669.5 
56.713 ,249,673.6 
56.717 ,250,675.5 
56.720 ,251,687.1 
56.723 ,252,703.4 
56.727 ,253,697.2 
56.730 ,254,702.5 
56.733 ,255,711.5 
56.737 ,256,691.8 
56.740 ,257,684.3 
56.743 ,258,688.0 
56.747 ,259,686.8 
56.750 ,260,689.4 
56.753 ,261,682.8 
56.757 ,262,677.1 
56.760 ,263,674.4 
56.763 ,264,680.8 
56.767 ,265,677.4 
56.770 ,266,678.4 
56.773 ,267,684.9 
56.777 ,268,681.5 
56.780 ,269,671.3 
56.783 ,270,692.5 
56.787 ,271,695.5 
56.790 ,272,693.6 
56.793 ,273,694.4 
56.797 ,274,697.2 
56.800 ,275,701.1 
56.803 ,276,697.4 
56.807 ,277,699.5 
56.810 ,278,701.6 
56.813 ,279,712.5 
56.817 ,280,691.8 
56.820 ,281,687.0 
56.823 ,282,681.0 
56.827 ,283,675.5 
56.830 ,284,670.8 
56.833 ,285,679.6 
56.837 ,286,672.8 
56.840 ,287,680.4 
56.843 ,288,689.1 
56.847 ,289,685.3 
56.850 ,290,693.1 
56.853 ,291,696.6 
56.857 ,292,700.1 
56.860 ,293,701.4 
56.863 ,294,702.6 
56.867 ,295,695.7 
56.870 ,296,694.0 
56.873 ,297,695.3 
56.877 ,298,703.4 
56.880 ,299,703.8 
56.883 ,300,699.3 
56.887 ,301,696.8 
56.890 ,302,682.9 
56.893 ,303,683.9 
56.897 ,304,681.5 
56.900 ,305,683.6 
56.903 ,306,692.0 
56.907 ,307,702.6 
56.910 ,308,697.4 
56.913 ,309,696.1 
56.917 ,310,692.6 
56.920 ,311,700.3 
56.923 ,312,692.7 
,,
56.953 ,321,675.4 
56.957 ,322,677.9 
56.960 ,323,683.2 
56.963 ,324,686.4 
56.967 ,325,692.3 
56.970 ,326,700.0 
56.973 ,327,695.1 
56.977 ,328,691.5 
56.980 ,329,686.2 
56.983 ,330,686.4 
56.987 ,331,699.3 
56.990 ,332,700.5 
56.993 ,333,695.5 
56.997 ,334,701.4 
57.000 ,335,695.8 
57.003 ,336,691.7 
57.007 ,337,694.8 
57.010 ,338,694.1 
57.013 ,339,695.2 
57.017 ,340,692.7 
57.020 ,341,683.2 
57.023 ,342,697.3 
57.027 ,343,687.2 
57.030 ,344,695.7 
57.033 ,345,690.7 
57.037 ,346,693.9 
57.040 ,347,700.1 
57.043 ,348,694.7 
57.047 ,349,702.5 
57.050 ,350,704.7 
57.053 ,351,690.6 
57.057 ,352,691.8 
57.060 ,353,690.9 
57.063 ,354,690.9 
57.067 ,355,682.2 
57.070 ,356,690.3 
57.073 ,357,685.3 
57.077 ,358,701.1 
57.080 ,359,697.4 
57.083 ,360,692.2 
57.087 ,361,696.6 
57.090 ,362,688.0 
57.093 ,363,688.9 
57.097 ,364,701.3 
57.100 ,365,684.3 
57.103 ,366,689.7 
57.107 ,367,697.7 
57.110 ,368,693.2 
57.113 ,369,693.9 
57.117 ,370,689.3 
57.120 ,371,688.5 
57.123 ,372,681.1 
57.127 ,373,681.2 
57.130 ,374,679.1 
57.133 ,375,682.7 
57.137 ,376,681.8 
57.140 ,377,691.5 
57.143 ,378,687.4 
57.147 ,379,685.5 
57.150 ,380,678.4 
57.153 ,381,678.9 
57.157 ,382,693.8 
57.160 ,383,692.2 
57.163 ,384,690.0 
57.167 ,385,690.9 
57.170 ,386,689.0 
57.173 ,387,681.2 
57.177 ,388,683.3 
57.180 ,389,691.9 
57.183 ,390,696.1 
57.187 ,391,686.6 
57.190 ,392,693.3 
57.193 ,393,689.3 
57.197 ,394,691.3 
57.200 ,395,690.5 
57.203 ,396,693.1 
57.207 ,397,686.5 
57.210 ,398,699.0 
57.213 ,399,693.6 
57.217 ,400,684.4 
57.220 ,401,688.3 
57.223 ,402,688.0 
57.227 ,403,675.5 
57.230 ,404,683.5 
57.233 ,405,684.6 
57.237 ,406,677.8 
57.240 ,407,678.0 
57.243 ,408,679.5 
57.247 ,409,681.9 
57.250 ,410,680.6 
57.253 ,411,690.1 
57.257 ,412,692.5 
57.260 ,413,693.5 
57.263 ,414,695.9 
57.267 ,415,687.5 
57.270 ,416,685.6 
57.273 ,417,691.8 
57.277 ,418,696.2 
57.280 ,419,688.0 
57.283 ,420,688.5 
57.287 ,421,686.8 
57.290 ,422,688.0 
57.293 ,423,688.8 
57.297 ,424,688.2 
57.300 ,425,676.1 
57.303 ,426,686.4 
57.307 ,427,687.0 
57.310 ,428,679.6 
57.313 ,429,680.8 
57.317 ,430,686.8 
57.320 ,431,699.1 
57.323 ,432,692.6 
57.327 ,433,686.4 
57.330 ,434,687.6 
57.333 ,435,694.7 
57.337 ,436,705.8 
57.340 ,437,709.6 
57.343 ,438,706.9 
57.347 ,439,704.9 
57.350 ,440,691.1 
57.353 ,441,688.8 
57.357 ,442,673.7 
57.360 ,443,687.7 
57.363 ,444,674.7 
57.367 ,445,687.6 
57.370 ,446,686.7 
57.373 ,447,694.6 
57.377 ,448,685.2 
57.380 ,449,703.6 
57.383 ,450,707.8 
57.387 ,451,704.8 
57.390 ,452,687.7 
57.393 ,453,688.6 
57.397 ,454,688.9 
57.400 ,455,698.9 
57.403 ,456,692.3 
57.407 ,457,692.3 
57.410 ,458,683.8 
57.413 ,459,686.8 
57.417 ,460,690.1 
57.420 ,461,686.4 
57.423 ,462,693.5 
57.427 ,463,692.4 
57.430 ,464,680.1 
57.433 ,465,691.5 
,,
57.452 ,1,682.6 
57.455 ,2,678.2 
57.458 ,3,673.4 
57.462 ,4,681.7 
57.465 ,5,680.8 
57.468 ,6,686.6 
57.472 ,7,672.8 
57.475 ,8,673.7 
57.478 ,9,674.4 
57.482 ,10,679.6 
57.485 ,11,691.2 
57.488 ,12,694.4 
57.492 ,13,691.2 
57.495 ,14,700.8 
57.498 ,15,689.8 
57.502 ,16,698.0 
57.505 ,17,698.5 
57.508 ,18,680.4 
57.512 ,19,672.3 
57.515 ,20,669.9 
57.518 ,21,672.5 
57.522 ,22,685.6 
57.525 ,23,666.4 
57.528 ,24,682.2 
57.532 ,25,683.2 
57.535 ,26,673.6 
57.538 ,27,681.2 
57.542 ,28,688.9 
57.545 ,29,685.4 
57.548 ,30,679.2 
57.552 ,31,681.9 
57.555 ,32,673.4 
57.558 ,33,679.6 
57.562 ,34,669.9 
57.565 ,35,668.1 
57.568 ,36,672.1 
57.572 ,37,677.9 
57.575 ,38,666.3 
57.578 ,39,666.3 
57.582 ,40,670.6 
57.585 ,41,675.3 
57.588 ,42,674.8 
57.592 ,43,670.6 
57.595 ,44,676.4 
57.598 ,45,681.1 
57.602 ,46,681.2 
57.605 ,47,693.9 
57.608 ,48,688.6 
57.612 ,49,679.3 
57.615 ,50,680.6 
57.618 ,51,687.4 
57.622 ,52,678.8 
57.625 ,53,684.5 
57.628 ,54,684.4 
57.632 ,55,676.4 
57.635 ,56,682.4 
57.638 ,57,683.8 
57.642 ,58,683.0 
57.645 ,59,679.5 
57.648 ,60,678.9 
57.652 ,61,679.3 
57.655 ,62,683.5 
57.658 ,63,680.7 
57.662 ,64,681.3 
57.665 ,65,682.5 
57.668 ,66,678.9 
57.672 ,67,681.4 
57.675 ,68,681.2 
57.678 ,69,689.9 
57.682 ,70,689.2 
57.685 ,71,694.2 
57.688 ,72,675.6 
57.692 ,73,674.0 
57.695 ,74,664.8 
57.698 ,75,675.8 
57.702 ,76,674.4 
57.705 ,77,675.8 
57.708 ,78,667.0 
57.712 ,79,672.6 
57.715 ,80,675.0 
57.718 ,81,681.4 
57.722 ,82,680.0 
57.725 ,83,676.5 
57.728 ,84,672.0 
57.732 ,85,675.2 
57.735 ,86,675.7 
57.738 ,87,673.8 
57.742 ,88,676.8 
57.745 ,89,680.0 
57.748 ,90,680.1 
57.752 ,91,686.7 
57.755 ,92,683.0 
57.758 ,93,680.3 
57.762 ,94,688.0 
57.765 ,95,678.3 
57.768 ,96,684.0 
57.772 ,97,689.8 
57.775 ,98,687.1 
57.778 ,99,689.1 
57.782 ,100,690.8 
57.785 ,101,686.2 
57.788 ,102,671.3 
57.792 ,103,663.1 
57.795 ,104,677.4 
57.798 ,105,681.2 
57.802 ,106,685.8 
57.805 ,107,689.0 
57.808 ,108,694.6 
57.812 ,109,686.3 
57.815 ,110,677.7 
57.818 ,111,686.1 
57.822 ,112,675.6 
57.825 ,113,679.9 
57.828 ,114,683.3 
57.832 ,115,686.2 
57.835 ,116,683.2 
57.838 ,117,692.1 
57.842 ,118,698.7 
57.845 ,119,698.4 
57.848 ,120,707.3 
57.852 ,121,702.1 
57.855 ,122,698.7 
57.858 ,123,695.9 
57.862 ,124,706.0 
57.865 ,125,696.5 
57.868 ,126,696.9 
57.872 ,127,694.2 
57.875 ,128,701.7 
57.878 ,129,694.9 
57.882 ,130,702.1 
57.885 ,131,685.7 
57.888 ,132,697.7 
57.892 ,133,689.1 
57.895 ,134,702.6 
57.898 ,135,700.8 
57.902 ,136,695.0 
57.905 ,137,694.8 
57.908 ,138,692.1 
57.912 ,139,687.3 
57.915 ,140,687.1 
57.918 ,141,682.0 
57.922 ,142,681.6 
,,
57.975 ,155,677.9 
57.978 ,156,678.5 
57.982 ,157,689.6 
57.985 ,158,696.6 
57.988 ,159,689.2 
57.992 ,160,694.3 
57.995 ,161,686.2 
57.998 ,162,690.8 
58.002 ,163,695.2 
58.005 ,164,697.7 
58.008 ,165,681.4 
58.012 ,166,678.7 
58.015 ,167,675.4 
58.018 ,168,704.6 
58.022 ,169,706.7 
58.025 ,170,700.6 
58.028 ,171,698.3 
58.032 ,172,689.9 
58.035 ,173,686.6 
58.038 ,174,682.7 
58.042 ,175,680.6 
58.045 ,176,687.6 
58.048 ,177,688.7 
58.052 ,178,695.0 
58.055 ,179,699.8 
58.058 ,180,700.8 
58.062 ,181,709.8 
58.065 ,182,694.2 
58.068 ,183,693.9 
58.072 ,184,696.2 
58.075 ,185,686.2 
58.078 ,186,686.9 
58.082 ,187,689.6 
58.085 ,188,697.2 
58.088 ,189,698.8 
58.092 ,190,711.8 
58.095 ,191,707.8 
58.098 ,192,687.1 
58.102 ,193,686.2 
58.105 ,194,689.1 
58.108 ,195,693.8 
58.112 ,196,695.3 
58.115 ,197,705.1 
58.118 ,198,696.9 
58.122 ,199,695.3 
58.125 ,200,699.2 
58.128 ,201,699.8 
58.132 ,202,698.2 
58.135 ,203,703.8 
58.138 ,204,702.8 
58.142 ,205,693.7 
58.145 ,206,703.0 
58.148 ,207,698.7 
58.152 ,208,699.6 
58.155 ,209,699.7 
58.158 ,210,698.1 
58.162 ,211,702.2 
58.165 ,212,697.3 
58.168 ,213,699.9 
58.172 ,214,687.3 
58.175 ,215,699.9 
58.178 ,216,698.5 
58.182 ,217,699.0 
58.185 ,218,696.5 
58.188 ,219,691.0 
58.192 ,220,694.1 
58.195 ,221,703.4 
58.198 ,222,692.3 
58.202 ,223,705.2 
58.205 ,224,709.0 
58.208 ,225,701.1 
58.212 ,226,703.2 
58.215 ,227,704.7 
58.218 ,228,716.3 
58.222 ,229,718.4 
58.225 ,230,719.2 
58.228 ,231,707.8 
58.232 ,232,717.8 
58.235 ,233,704.8 
58.238 ,234,698.5 
58.242 ,235,698.9 
58.245 ,236,700.4 
58.248 ,237,693.4 
58.252 ,238,699.5 
58.255 ,239,694.7 
58.258 ,240,687.9 
58.262 ,241,677.6 
58.265 ,242,677.3 
58.268 ,243,680.4 
58.272 ,244,690.7 
58.275 ,245,696.4 
58.278 ,246,697.3 
58.282 ,247,695.5 
58.285 ,248,704.6 
58.288 ,249,694.6 
58.292 ,250,703.3 
58.295 ,251,692.6 
58.298 ,252,714.8 
58.302 ,253,708.3 
58.305 ,254,703.6 
58.308 ,255,710.3 
58.312 ,256,708.1 
58.315 ,257,695.2 
58.318 ,258,705.3 
58.322 ,259,699.3 
58.325 ,260,706.4 
58.328 ,261,698.8 
58.332 ,262,698.4 
58.335 ,263,697.1 
58.338 ,264,698.3 
58.342 ,265,705.2 
58.345 ,266,698.5 
58.348 ,267,691.8 
58.352 ,268,692.1 
,,
58.365 ,277,689.0 
58.368 ,278,695.3 
58.372 ,279,692.6 
58.375 ,280,681.1 
58.378 ,281,687.5 
58.382 ,282,692.8 
58.385 ,283,698.0 
58.388 ,284,688.1 
58.392 ,285,688.5 
58.395 ,286,693.9 
58.398 ,287,693.6 
58.402 ,288,692.8 
58.405 ,289,698.2 
58.408 ,290,701.9 
58.412 ,291,691.4 
58.415 ,292,690.4 
58.418 ,293,688.3 
58.422 ,294,699.7 
58.425 ,295,687.7 
58.428 ,296,678.1 
58.432 ,297,670.8 
58.435 ,298,680.9 
58.438 ,299,670.5 
58.442 ,300,669.0 
58.445 ,301,673.5 
58.448 ,302,677.2 
,,
,,
58.493 ,8,672.5 
58.497 ,9,685.7 
58.500 ,10,680.3 
58.503 ,11,676.2 
58.507 ,12,671.3 
58.510 ,13,685.6 
58.513 ,14,685.9 
58.517 ,15,681.1 
58.520 ,16,678.7 
58.523 ,17,687.6 
58.527 ,18,689.5 
58.530 ,19,694.4 
58.533 ,20,689.7 
58.537 ,21,691.1 
58.540 ,22,688.8 
58.543 ,23,683.8 
58.547 ,24,693.0 
58.550 ,25,681.6 
58.553 ,26,692.3 
58.557 ,27,685.0 
58.560 ,28,682.6 
58.563 ,29,679.2 
58.567 ,30,668.8 
58.570 ,31,661.6 
58.573 ,32,671.2 
58.577 ,33,657.8 
58.580 ,34,681.8 
58.583 ,35,690.6 
58.587 ,36,691.4 
58.590 ,37,688.2 
58.593 ,38,687.5 
58.597 ,39,691.0 
58.600 ,40,683.1 
58.603 ,41,691.3 
58.607 ,42,689.8 
58.610 ,43,687.4 
58.613 ,44,686.9 
58.617 ,45,691.4 
58.620 ,46,691.5 
58.623 ,47,693.0 
58.627 ,48,693.2 
58.630 ,49,691.0 
58.633 ,50,690.6 
58.637 ,51,689.2 
58.640 ,52,689.4 
58.643 ,53,688.4 
58.647 ,54,677.4 
58.650 ,55,691.0 
58.653 ,56,691.2 
58.657 ,57,690.1 
58.660 ,58,691.0 
58.663 ,59,682.0 
58.667 ,60,685.2 
58.670 ,61,689.6 
58.673 ,62,686.7 
58.677 ,63,683.0 
58.680 ,64,687.1 
58.683 ,65,687.9 
58.687 ,66,696.1 
58.690 ,67,690.9 
58.693 ,68,693.7 
58.697 ,69,693.4 
58.700 ,70,685.5 
58.703 ,71,689.9 
58.707 ,72,682.1 
58.710 ,73,685.0 
58.713 ,74,688.5 
58.717 ,75,692.0 
58.720 ,76,687.8 
58.723 ,77,683.3 
58.727 ,78,685.3 
58.730 ,79,682.8 
58.733 ,80,682.7 
58.737 ,81,686.9 
58.740 ,82,682.9 
58.743 ,83,686.6 
58.747 ,84,687.9 
58.750 ,85,693.0 
58.753 ,86,684.6 
58.757 ,87,685.2 
58.760 ,88,696.9 
58.763 ,89,690.7 
58.767 ,90,685.1 
58.770 ,91,689.7 
58.773 ,92,683.2 
58.777 ,93,690.3 
58.780 ,94,677.2 
58.783 ,95,685.4 
58.787 ,96,692.2 
58.790 ,97,690.3 
58.793 ,98,689.9 
58.797 ,99,688.0 
58.800 ,100,692.2 
58.803 ,101,688.2 
58.807 ,102,697.8 
58.810 ,103,690.4 
58.813 ,104,705.1 
58.817 ,105,688.0 
58.820 ,106,680.9 
58.823 ,107,680.8 
58.827 ,108,686.5 
58.830 ,109,689.1 
58.833 ,110,699.1 
58.837 ,111,683.5 
58.840 ,112,692.6 
58.843 ,113,703.5 
58.847 ,114,704.2 
58.850 ,115,689.9 
58.853 ,116,678.9 
58.857 ,117,674.0 
58.860 ,118,671.9 
58.863 ,119,679.5 
58.867 ,120,678.4 
58.870 ,121,681.8 
58.873 ,122,675.2 
58.877 ,123,673.7 
58.880 ,124,673.4 
58.883 ,125,683.5 
58.887 ,126,672.4 
58.890 ,127,673.8 
58.893 ,128,677.8 
58.897 ,129,692.3 
58.900 ,130,687.2 
58.903 ,131,693.3 
58.907 ,132,694.5 
58.910 ,133,695.5 
58.913 ,134,695.8 
58.917 ,135,689.2 
58.920 ,136,682.4 
58.923 ,137,685.3 
58.927 ,138,677.4 
58.930 ,139,678.9 
58.933 ,140,684.8 
58.937 ,141,673.8 
58.940 ,142,679.1 
,,
58.947 ,148,678.7 
58.950 ,149,678.9 
58.953 ,150,685.3 
58.957 ,151,681.8 
58.960 ,152,698.4 
58.963 ,153,690.3 
58.967 ,154,671.5 
58.970 ,155,671.9 
58.973 ,156,674.1 
58.977 ,157,671.9 
58.980 ,158,683.2 
58.983 ,159,681.2 
58.987 ,160,684.9 
58.990 ,161,687.8 
58.993 ,162,683.5 
58.997 ,163,683.8 
59.000 ,164,695.1 
59.003 ,165,700.9 
59.007 ,166,698.9 
59.010 ,167,689.7 
59.013 ,168,691.1 
59.017 ,169,690.5 
59.020 ,170,680.2 
59.023 ,171,684.6 
59.027 ,172,681.5 
59.030 ,173,684.1 
59.033 ,174,687.3 
59.037 ,175,690.4 
59.040 ,176,691.7 
59.043 ,177,697.1 
59.047 ,178,692.9 
59.050 ,179,692.7 
59.053 ,180,683.3 
59.057 ,181,674.6 
59.060 ,182,680.3 
59.063 ,183,670.6 
59.067 ,184,672.1 
59.070 ,185,673.5 
59.073 ,186,679.8 
59.077 ,187,667.0 
59.080 ,188,665.8 
59.083 ,189,673.6 
59.087 ,190,688.5 
59.090 ,191,682.7 
59.093 ,192,688.8 
59.097 ,193,691.4 
59.100 ,194,697.7 
59.103 ,195,688.3 
59.107 ,196,685.6 
59.110 ,197,693.9 
59.113 ,198,667.8 
59.117 ,199,687.4 
59.120 ,200,690.7 
59.123 ,201,694.1 
59.127 ,202,688.3 
59.130 ,203,694.1 
59.133 ,204,691.5 
59.137 ,205,695.9 
59.140 ,206,685.9 
59.143 ,207,691.9 
59.147 ,208,684.5 
59.150 ,209,685.1 
59.153 ,210,690.1 
59.157 ,211,683.3 
59.160 ,212,687.1 
59.163 ,213,685.6 
59.167 ,214,690.8 
59.170 ,215,683.5 
59.173 ,216,683.1 
59.177 ,217,706.6 
59.180 ,218,692.6 
59.183 ,219,692.3 
59.187 ,220,699.1 
59.190 ,221,696.8 
59.193 ,222,690.2 
59.197 ,223,690.2 
59.200 ,224,694.6 
59.203 ,225,694.6 
59.207 ,226,698.5 
59.210 ,227,692.6 
59.213 ,228,695.5 
59.217 ,229,694.7 
59.220 ,230,681.2 
59.223 ,231,684.6 
59.227 ,232,687.7 
59.230 ,233,691.3 
59.233 ,234,690.4 
59.237 ,235,691.1 
59.240 ,236,696.1 
59.243 ,237,688.2 
59.247 ,238,687.0 
59.250 ,239,682.9 
59.253 ,240,686.2 
59.257 ,241,698.5 
59.260 ,242,696.3 
59.263 ,243,688.9 
59.267 ,244,681.9 
59.270 ,245,684.1 
59.273 ,246,682.9 
59.277 ,247,700.6 
59.280 ,248,704.3 
59.283 ,249,702.0 
59.287 ,250,709.8 
59.290 ,251,708.4 
59.293 ,252,706.2 
59.297 ,253,709.8 
59.300 ,254,709.5 
59.303 ,255,710.2 
59.307 ,256,698.9 
59.310 ,257,696.8 
59.313 ,258,690.6 
59.317 ,259,695.7 
59.320 ,260,684.8 
59.323 ,261,689.9 
59.327 ,262,687.2 
59.330 ,263,687.7 
59.333 ,264,686.7 
59.337 ,265,687.2 
59.340 ,266,689.0 
59.343 ,267,692.0 
59.347 ,268,686.8 
59.350 ,269,698.3 
59.353 ,270,710.1 
59.357 ,271,692.9 
59.360 ,272,696.3 
59.363 ,273,691.5 
59.367 ,274,701.4 
59.370 ,275,701.0 
59.373 ,276,693.2 
59.377 ,277,691.5 
59.380 ,278,693.6 
59.383 ,279,693.6 
59.387 ,280,695.5 
59.390 ,281,691.6 
59.393 ,282,685.4 
59.397 ,283,691.0 
,,
59.452 ,6,687.4 
59.455 ,7,692.3 
59.458 ,8,688.3 
59.462 ,9,685.6 
59.465 ,10,691.2 
59.468 ,11,689.0 
59.472 ,12,686.5 
59.475 ,13,695.1 
59.478 ,14,683.0 
59.482 ,15,676.0 
59.485 ,16,679.3 
59.488 ,17,682.5 
59.492 ,18,683.0 
59.495 ,19,681.7 
59.498 ,20,681.0 
59.502 ,21,688.7 
59.505 ,22,691.1 
59.508 ,23,679.9 
59.512 ,24,683.3 
59.515 ,25,678.9 
59.518 ,26,681.5 
59.522 ,27,678.6 
59.525 ,28,671.2 
59.528 ,29,685.3 
59.532 ,30,682.8 
59.535 ,31,677.3 
59.538 ,32,685.9 
59.542 ,33,687.0 
59.545 ,34,691.0 
59.548 ,35,686.1 
59.552 ,36,698.5 
59.555 ,37,689.3 
59.558 ,38,687.9 
59.562 ,39,693.5 
59.565 ,40,689.7 
59.568 ,41,690.7 
59.572 ,42,688.4 
59.575 ,43,687.3 
59.578 ,44,676.0 
59.582 ,45,679.5 
59.585 ,46,687.8 
59.588 ,47,685.7 
59.592 ,48,686.8 
59.595 ,49,686.4 
59.598 ,50,685.3 
59.602 ,51,682.1 
59.605 ,52,673.5 
59.608 ,53,678.8 
59.612 ,54,678.7 
59.615 ,55,678.7 
59.618 ,56,683.0 
59.622 ,57,684.1 
59.625 ,58,698.5 
59.628 ,59,697.0 
59.632 ,60,700.6 
59.635 ,61,685.3 
59.638 ,62,685.9 
59.642 ,63,692.1 
59.645 ,64,702.5 
59.648 ,65,692.4 
59.652 ,66,685.4 
59.655 ,67,683.8 
59.658 ,68,677.4 
59.662 ,69,689.6 
59.665 ,70,679.7 
59.668 ,71,684.4 
59.672 ,72,687.5 
59.675 ,73,700.1 
59.678 ,74,700.0 
59.682 ,75,699.9 
59.685 ,76,701.9 
59.688 ,77,697.7 
59.692 ,78,703.7 
59.695 ,79,699.0 
59.698 ,80,696.5 
59.702 ,81,698.2 
59.705 ,82,698.4 
59.708 ,83,692.2 
59.712 ,84,707.7 
59.715 ,85,703.0 
59.718 ,86,708.1 
59.722 ,87,693.5 
59.725 ,88,697.6 
59.728 ,89,691.2 
59.732 ,90,701.9 
59.735 ,91,714.5 
59.738 ,92,712.4 
59.742 ,93,713.1 
59.745 ,94,705.0 
59.748 ,95,694.1 
59.752 ,96,710.1 
59.755 ,97,707.7 
59.758 ,98,694.3 
59.762 ,99,705.6 
59.765 ,100,711.1 
59.768 ,101,700.5 
59.772 ,102,707.5 
59.775 ,103,716.5 
59.778 ,104,711.3 
59.782 ,105,709.4 
59.785 ,106,704.1 
59.788 ,107,707.6 
59.792 ,108,708.1 
59.795 ,109,708.9 
59.798 ,110,702.3 
59.802 ,111,707.3 
59.805 ,112,698.4 
59.808 ,113,702.0 
59.812 ,114,700.8 
59.815 ,115,702.5 
59.818 ,116,686.2 
59.822 ,117,696.2 
59.825 ,118,700.2 
59.828 ,119,699.1 
59.832 ,120,693.5 
59.835 ,121,698.9 
59.838 ,122,693.0 
59.842 ,123,696.4 
59.845 ,124,697.1 
59.848 ,125,698.2 
59.852 ,126,693.2 
59.855 ,127,697.9 
59.858 ,128,704.0 
59.862 ,129,695.9 
59.865 ,130,700.1 
59.868 ,131,703.2 
59.872 ,132,698.4 
59.875 ,133,702.3 
59.878 ,134,703.4 
59.882 ,135,699.7 
59.885 ,136,703.8 
59.888 ,137,706.4 
59.892 ,138,700.3 
59.895 ,139,704.6 
59.898 ,140,704.5 
59.902 ,141,711.0 
59.905 ,142,700.3 
59.908 ,143,702.1 
59.912 ,144,692.1 
59.915 ,145,704.9 
59.918 ,146,700.1 
59.922 ,147,701.0 
,,
59.948 ,153,687.8 
59.952 ,154,689.5 
59.955 ,155,691.4 
59.958 ,156,692.1 
59.962 ,157,695.1 
59.965 ,158,704.2 
59.968 ,159,689.3 
59.972 ,160,698.8 
59.975 ,161,705.6 
59.978 ,162,707.7 
59.982 ,163,700.2 
59.985 ,164,694.6 
59.988 ,165,699.0 
59.992 ,166,690.2 
59.995 ,167,688.7 
59.998 ,168,684.4 
60.002 ,169,682.3 
60.005 ,170,680.7 
60.008 ,171,690.6 
60.012 ,172,699.7 
60.015 ,173,692.9 
60.018 ,174,685.3 
60.022 ,175,678.1 
60.025 ,176,680.3 
60.028 ,177,677.3 
60.032 ,178,677.5 
60.035 ,179,677.5 
60.038 ,180,689.0 
60.042 ,181,689.0 
60.045 ,182,692.7 
60.048 ,183,701.5 
60.052 ,184,696.8 
60.055 ,185,702.4 
60.058 ,186,699.3 
60.062 ,187,700.1 
60.065 ,188,680.6 
60.068 ,189,679.0 
60.072 ,190,682.8 
60.075 ,191,691.8 
60.078 ,192,701.6 
60.082 ,193,706.2 
60.085 ,194,698.5 
60.088 ,195,696.5 
60.092 ,196,692.2 
60.095 ,197,695.8 
60.098 ,198,697.3 
60.102 ,199,690.5 
60.105 ,200,694.3 
60.108 ,201,694.8 
60.112 ,202,693.8 
60.115 ,203,692.7 
60.118 ,204,696.4 
60.122 ,205,700.3 
60.125 ,206,705.3 
60.128 ,207,694.3 
60.132 ,208,701.1 
60.135 ,209,689.8 
60.138 ,210,697.7 
60.142 ,211,698.0 
60.145 ,212,690.6 
60.148 ,213,692.2 
60.152 ,214,694.7 
60.155 ,215,687.1 
60.158 ,216,681.7 
60.162 ,217,686.3 
60.165 ,218,692.9 
60.168 ,219,694.8 
60.172 ,220,690.9 
60.175 ,221,683.9 
60.178 ,222,699.0 
60.182 ,223,698.9 
60.185 ,224,701.3 
60.188 ,225,698.8 
60.192 ,226,687.3 
60.195 ,227,699.6 
60.198 ,228,700.3 
60.202 ,229,697.4 
60.205 ,230,695.2 
60.208 ,231,696.4 
60.212 ,232,694.3 
60.215 ,233,698.9 
60.218 ,234,691.6 
60.222 ,235,699.0 
60.225 ,236,695.1 
60.228 ,237,694.9 
60.232 ,238,695.5 
60.235 ,239,691.4 
60.238 ,240,692.6 
60.242 ,241,686.7 
60.245 ,242,679.5 
60.248 ,243,692.8 
60.252 ,244,692.6 
60.255 ,245,690.8 
60.258 ,246,690.8 
60.262 ,247,696.0 
60.265 ,248,709.6 
60.268 ,249,707.0 
60.272 ,250,694.1 
60.275 ,251,702.9 
60.278 ,252,709.0 
60.282 ,253,701.2 
60.285 ,254,706.6 
60.288 ,255,700.0 
60.292 ,256,698.2 
60.295 ,257,694.6 
60.298 ,258,696.1 
60.302 ,259,698.8 
60.305 ,260,691.6 
60.308 ,261,686.8 
60.312 ,262,697.4 
60.315 ,263,690.1 
60.318 ,264,694.2 
60.322 ,265,697.4 
60.325 ,266,690.8 
60.328 ,267,696.0 
60.332 ,268,695.9 
60.335 ,269,685.6 
60.338 ,270,696.2 
60.342 ,271,686.7 
,,
60.357 ,278,688.8 
60.360 ,279,695.3 
60.363 ,280,699.3 
60.367 ,281,685.8 
60.370 ,282,693.2 
60.373 ,283,684.4 
60.377 ,284,686.2 
60.380 ,285,679.5 
60.383 ,286,682.5 
60.387 ,287,677.8 
60.390 ,288,661.2 
60.393 ,289,671.0 
60.397 ,290,676.0 
60.400 ,291,679.4 
60.403 ,292,667.1 
60.407 ,293,675.0 
60.410 ,294,681.2 
60.413 ,295,681.8 
60.417 ,296,679.0 
60.420 ,297,680.0 
60.423 ,298,690.5 
60.427 ,299,679.9 
60.430 ,300,690.2 
60.433 ,301,695.8 
60.437 ,302,693.2 
60.440 ,303,683.9 
60.443 ,304,685.4 
60.447 ,305,683.7 
60.450 ,306,683.8 
60.453 ,307,685.3 
60.457 ,308,677.8 
60.460 ,309,674.3 
60.463 ,310,690.5 
60.467 ,311,680.5 
60.470 ,312,685.7 
60.473 ,313,685.4 
60.477 ,314,677.0 
60.480 ,315,675.3 
60.483 ,316,671.8 
60.487 ,317,673.2 
60.490 ,318,674.4 
60.493 ,319,672.3 
60.497 ,320,670.7 
60.500 ,321,671.0 
60.503 ,322,678.3 
60.507 ,323,684.2 
60.510 ,324,682.9 
60.513 ,325,686.8 
60.517 ,326,698.0 
60.520 ,327,689.5 
60.523 ,328,691.2 
60.527 ,329,684.8 
60.530 ,330,683.2 
60.533 ,331,692.0 
60.537 ,332,675.6 
60.540 ,333,688.4 
60.543 ,334,679.0 
60.547 ,335,685.0 
60.550 ,336,689.0 
60.553 ,337,691.3 
60.557 ,338,685.9 
60.560 ,339,676.0 
60.563 ,340,688.6 
60.567 ,341,682.0 
60.570 ,342,677.2 
60.573 ,343,688.6 
60.577 ,344,685.7 
60.580 ,345,699.9 
60.583 ,346,685.9 
60.587 ,347,694.6 
60.590 ,348,699.0 
60.593 ,349,689.3 
60.597 ,350,688.2 
60.600 ,351,684.4 
60.603 ,352,695.1 
60.607 ,353,686.5 
60.610 ,354,697.9 
60.613 ,355,700.1 
60.617 ,356,695.5 
60.620 ,357,693.7 
60.623 ,358,700.9 
60.627 ,359,704.3 
60.630 ,360,698.9 
60.633 ,361,698.8 
60.637 ,362,708.0 
60.640 ,363,696.5 
60.643 ,364,692.7 
60.647 ,365,686.9 
60.650 ,366,674.9 
60.653 ,367,681.9 
60.657 ,368,674.4 
60.660 ,369,684.0 
60.663 ,370,686.6 
60.667 ,371,679.8 
60.670 ,372,685.4 
60.673 ,373,686.6 
60.677 ,374,692.6 
60.680 ,375,691.1 
60.683 ,376,694.3 
60.687 ,377,685.6 
60.690 ,378,692.6 
60.693 ,379,698.3 
60.697 ,380,716.6 
60.700 ,381,711.9 
60.703 ,382,711.1 
60.707 ,383,709.9 
60.710 ,384,712.2 
60.713 ,385,713.3 
60.717 ,386,705.4 
60.720 ,387,692.1 
60.723 ,388,688.4 
60.727 ,389,707.9 
60.730 ,390,705.2 
60.733 ,391,705.2 
60.737 ,392,709.3 
60.740 ,393,696.0 
60.743 ,394,696.4 
60.747 ,395,712.5 
60.750 ,396,705.5 
60.753 ,397,705.1 
60.757 ,398,693.4 
60.760 ,399,695.2 
60.763 ,400,703.2 
60.767 ,401,702.1 
60.770 ,402,698.3 
60.773 ,403,697.7 
60.777 ,404,688.0 
60.780 ,405,694.7 
60.783 ,406,688.5 
60.787 ,407,689.8 
60.790 ,408,692.1 
60.793 ,409,689.2 
60.797 ,410,702.7 
60.800 ,411,686.1 
60.803 ,412,686.5 
60.807 ,413,696.1 
60.810 ,414,705.3 
60.813 ,415,698.7 
60.817 ,416,695.1 
60.820 ,417,704.1 
60.823 ,418,700.5 
60.827 ,419,709.4 
60.830 ,420,701.1 
60.833 ,421,697.9 
,,
60.849 ,12,688.1 
60.852 ,13,696.0 
60.856 ,14,694.9 
60.859 ,15,690.0 
60.862 ,16,690.7 
60.866 ,17,694.6 
60.869 ,18,699.7 
60.872 ,19,703.2 
60.876 ,20,701.7 
60.879 ,21,700.0 
60.882 ,22,699.5 
60.886 ,23,698.1 
60.889 ,24,702.2 
60.892 ,25,695.7 
60.896 ,26,694.0 
60.899 ,27,702.6 
60.902 ,28,703.6 
60.906 ,29,705.4 
60.909 ,30,701.9 
60.912 ,31,695.1 
60.916 ,32,683.3 
60.919 ,33,676.7 
60.922 ,34,681.5 
60.926 ,35,680.7 
60.929 ,36,681.9 
60.932 ,37,697.2 
60.936 ,38,693.7 
60.939 ,39,693.7 
60.942 ,40,690.8 
60.946 ,41,698.4 
60.949 ,42,700.0 
60.952 ,43,697.5 
60.956 ,44,692.8 
60.959 ,45,701.2 
60.962 ,46,699.9 
60.966 ,47,689.2 
60.969 ,48,696.9 
60.972 ,49,697.1 
60.976 ,50,696.2 
60.979 ,51,704.1 
60.982 ,52,702.0 
60.986 ,53,692.6 
60.989 ,54,690.9 
60.992 ,55,696.0 
60.996 ,56,701.6 
60.999 ,57,706.2 
61.002 ,58,709.0 
61.006 ,59,714.7 
61.009 ,60,715.7 
61.012 ,61,703.5 
61.016 ,62,714.5 
61.019 ,63,703.5 
61.022 ,64,696.8 
61.026 ,65,710.8 
61.029 ,66,709.1 
61.032 ,67,704.6 
61.036 ,68,700.7 
61.039 ,69,704.9 
61.042 ,70,701.5 
61.046 ,71,697.2 
61.049 ,72,694.9 
61.052 ,73,695.0 
61.056 ,74,691.6 
61.059 ,75,692.5 
61.062 ,76,695.0 
61.066 ,77,686.6 
61.069 ,78,697.8 
61.072 ,79,703.7 
61.076 ,80,707.4 
61.079 ,81,693.1 
61.082 ,82,692.0 
61.086 ,83,700.2 
61.089 ,84,706.4 
61.092 ,85,700.7 
61.096 ,86,699.4 
61.099 ,87,700.8 
61.102 ,88,711.0 
61.106 ,89,711.2 
61.109 ,90,705.6 
61.112 ,91,695.3 
61.116 ,92,693.4 
61.119 ,93,707.1 
61.122 ,94,705.7 
61.126 ,95,703.9 
61.129 ,96,704.9 
61.132 ,97,704.6 
61.136 ,98,706.2 
61.139 ,99,702.9 
61.142 ,100,704.4 
61.146 ,101,711.2 
61.149 ,102,706.2 
61.152 ,103,702.7 
61.156 ,104,706.4 
61.159 ,105,708.3 
61.162 ,106,717.3 
61.166 ,107,717.7 
61.169 ,108,716.5 
61.172 ,109,717.2 
61.176 ,110,720.8 
61.179 ,111,714.0 
61.182 ,112,707.8 
61.186 ,113,712.1 
61.189 ,114,713.7 
61.192 ,115,714.6 
61.196 ,116,721.2 
61.199 ,117,705.6 
61.202 ,118,704.8 
61.206 ,119,699.9 
61.209 ,120,698.9 
61.212 ,121,706.6 
,,
61.230 ,129,699.5 
61.233 ,130,710.0 
61.237 ,131,722.0 
61.240 ,132,719.4 
61.243 ,133,689.2 
61.247 ,134,675.5 
61.250 ,135,687.7 
61.253 ,136,701.3 
61.257 ,137,696.6 
61.260 ,138,685.4 
61.263 ,139,685.2 
61.267 ,140,678.0 
61.270 ,141,688.3 
61.273 ,142,682.2 
61.277 ,143,687.0 
61.280 ,144,683.3 
61.283 ,145,684.8 
61.287 ,146,687.1 
61.290 ,147,690.7 
61.293 ,148,691.8 
61.297 ,149,700.1 
61.300 ,150,708.3 
61.303 ,151,712.7 
61.307 ,152,711.6 
61.310 ,153,719.2 
61.313 ,154,715.4 
61.317 ,155,718.7 
61.320 ,156,715.1 
61.323 ,157,724.2 
61.327 ,158,720.8 
61.330 ,159,710.9 
61.333 ,160,704.5 
61.337 ,161,699.4 
61.340 ,162,694.0 
61.343 ,163,692.3 
61.347 ,164,694.3 
61.350 ,165,695.6 
61.353 ,166,692.0 
61.357 ,167,685.4 
61.360 ,168,696.1 
61.363 ,169,693.3 
61.367 ,170,703.2 
61.370 ,171,702.9 
61.373 ,172,698.0 
61.377 ,173,707.3 
61.380 ,174,708.2 
61.383 ,175,707.7 
61.387 ,176,716.1 
61.390 ,177,706.8 
61.393 ,178,701.5 
61.397 ,179,708.9 
61.400 ,180,704.8 
61.403 ,181,701.8 
61.407 ,182,710.6 
61.410 ,183,712.7 
61.413 ,184,716.8 
61.417 ,185,708.6 
61.420 ,186,713.1 
61.423 ,187,688.5 
61.427 ,188,689.8 
61.430 ,189,688.9 
61.433 ,190,691.3 
61.437 ,191,698.0 
61.440 ,192,684.7 
61.443 ,193,691.9 
61.447 ,194,694.6 
61.450 ,195,681.4 
61.453 ,196,691.2 
61.457 ,197,693.2 
61.460 ,198,685.8 
61.463 ,199,688.1 
61.467 ,200,686.3 
61.470 ,201,680.5 
61.473 ,202,684.9 
61.477 ,203,678.8 
61.480 ,204,684.5 
61.483 ,205,679.9 
61.487 ,206,688.5 
61.490 ,207,685.4 
61.493 ,208,697.4 
61.497 ,209,692.4 
61.500 ,210,699.1 
61.503 ,211,698.4 
61.507 ,212,708.7 
61.510 ,213,704.0 
61.513 ,214,701.3 
61.517 ,215,703.2 
61.520 ,216,711.6 
61.523 ,217,706.7 
61.527 ,218,706.5 
61.530 ,219,707.4 
61.533 ,220,700.2 
61.537 ,221,701.6 
61.540 ,222,702.1 
61.543 ,223,704.6 
61.547 ,224,704.1 
61.550 ,225,708.4 
61.553 ,226,710.1 
61.557 ,227,708.6 
61.560 ,228,712.2 
61.563 ,229,701.9 
61.567 ,230,709.7 
61.570 ,231,703.9 
61.573 ,232,697.0 
61.577 ,233,700.9 
61.580 ,234,708.4 
61.583 ,235,697.6 
61.587 ,236,698.4 
61.590 ,237,689.3 
61.593 ,238,694.1 
61.597 ,239,697.6 
61.600 ,240,688.8 
61.603 ,241,706.1 
61.607 ,242,710.3 
61.610 ,243,703.9 
61.613 ,244,717.5 
61.617 ,245,705.4 
61.620 ,246,700.4 
61.623 ,247,693.5 
61.627 ,248,698.7 
61.630 ,249,688.4 
61.633 ,250,676.9 
,,
61.656 ,12,690.8 
61.659 ,13,700.3 
61.662 ,14,700.2 
61.665 ,15,684.8 
61.669 ,16,700.9 
61.672 ,17,695.1 
61.675 ,18,708.9 
61.679 ,19,702.5 
61.682 ,20,701.2 
61.685 ,21,706.2 
61.689 ,22,700.7 
61.692 ,23,711.3 
61.695 ,24,703.9 
61.699 ,25,704.0 
61.702 ,26,695.6 
61.705 ,27,694.0 
61.709 ,28,710.7 
61.712 ,29,696.9 
61.715 ,30,694.5 
61.719 ,31,697.7 
61.722 ,32,703.9 
61.725 ,33,701.7 
61.729 ,34,697.7 
61.732 ,35,689.9 
61.735 ,36,694.9 
61.739 ,37,698.5 
61.742 ,38,691.7 
61.745 ,39,692.9 
61.749 ,40,686.5 
61.752 ,41,682.9 
61.755 ,42,683.9 
61.759 ,43,688.4 
61.762 ,44,695.5 
61.765 ,45,688.8 
61.769 ,46,693.4 
61.772 ,47,695.7 
61.775 ,48,695.5 
61.779 ,49,698.6 
61.782 ,50,700.5 
61.785 ,51,688.9 
61.789 ,52,684.2 
61.792 ,53,691.0 
61.795 ,54,690.1 
61.799 ,55,691.8 
61.802 ,56,706.1 
61.805 ,57,706.9 
61.809 ,58,698.6 
61.812 ,59,695.1 
61.815 ,60,696.9 
61.819 ,61,703.6 
61.822 ,62,705.4 
61.825 ,63,695.3 
61.829 ,64,699.0 
61.832 ,65,705.6 
61.835 ,66,704.9 
61.839 ,67,715.4 
61.842 ,68,710.9 
61.845 ,69,716.9 
61.849 ,70,715.9 
61.852 ,71,705.9 
61.855 ,72,703.9 
61.859 ,73,703.0 
61.862 ,74,710.4 
61.865 ,75,705.3 
61.869 ,76,698.6 
61.872 ,77,700.3 
61.875 ,78,699.1 
61.879 ,79,707.5 
61.882 ,80,706.3 
61.885 ,81,704.2 
61.889 ,82,719.2 
61.892 ,83,718.7 
61.895 ,84,716.0 
61.899 ,85,711.8 
61.902 ,86,717.8 
61.905 ,87,713.6 
61.909 ,88,705.7 
61.912 ,89,715.5 
61.915 ,90,714.4 
61.919 ,91,721.7 
61.922 ,92,728.6 
61.925 ,93,723.1 
61.929 ,94,730.3 
61.932 ,95,714.9 
61.935 ,96,708.0 
61.939 ,97,719.8 
61.942 ,98,714.9 
61.945 ,99,712.2 
61.949 ,100,722.3 
61.952 ,101,711.6 
61.955 ,102,718.2 
61.959 ,103,716.6 
61.962 ,104,717.3 
61.965 ,105,718.8 
61.969 ,106,719.6 
61.972 ,107,717.7 
61.975 ,108,717.8 
61.979 ,109,717.7 
61.982 ,110,704.1 
61.985 ,111,708.8 
61.989 ,112,711.2 
61.992 ,113,709.2 
61.995 ,114,713.4 
61.999 ,115,725.0 
62.002 ,116,714.0 
62.005 ,117,697.2 
62.009 ,118,697.6 
62.012 ,119,691.6 
62.015 ,120,697.7 
62.019 ,121,705.1 
62.022 ,122,699.5 
62.025 ,123,703.8 
62.029 ,124,700.7 
62.032 ,125,696.4 
62.035 ,126,700.8 
62.039 ,127,701.4 
62.042 ,128,706.2 
62.045 ,129,700.6 
62.049 ,130,700.4 
62.052 ,131,708.2 
62.055 ,132,717.6 
62.059 ,133,721.5 
62.062 ,134,709.2 
62.065 ,135,715.2 
62.069 ,136,720.7 
62.072 ,137,709.5 
62.075 ,138,700.3 
62.079 ,139,696.5 
62.082 ,140,709.2 
62.085 ,141,719.2 
62.089 ,142,724.4 
62.092 ,143,721.3 
62.095 ,144,713.3 
62.099 ,145,705.6 
62.102 ,146,718.1 
62.105 ,147,714.6 
62.109 ,148,717.8 
62.112 ,149,713.5 
62.115 ,150,721.7 
62.119 ,151,709.2 
62.122 ,152,709.9 
62.125 ,153,713.0 
62.129 ,154,718.0 
62.132 ,155,710.2 
62.135 ,156,712.3 
,,
62.155 ,163,688.2 
62.159 ,164,696.1 
62.162 ,165,695.8 
62.165 ,166,698.2 
62.169 ,167,689.3 
62.172 ,168,692.2 
62.175 ,169,696.0 
62.179 ,170,689.3 
62.182 ,171,684.9 
62.185 ,172,695.0 
62.189 ,173,690.1 
62.192 ,174,686.5 
62.195 ,175,693.3 
62.199 ,176,696.0 
62.202 ,177,684.2 
62.205 ,178,693.4 
62.209 ,179,686.2 
62.212 ,180,688.5 
62.215 ,181,697.9 
62.219 ,182,691.7 
62.222 ,183,693.9 
62.225 ,184,688.9 
62.229 ,185,687.4 
62.232 ,186,689.9 
62.235 ,187,689.6 
62.239 ,188,685.6 
62.242 ,189,684.0 
62.245 ,190,688.2 
62.249 ,191,689.7 
62.252 ,192,687.5 
62.255 ,193,686.3 
62.259 ,194,690.6 
,,
62.285 ,202,697.5 
62.289 ,203,697.3 
62.292 ,204,691.8 
62.295 ,205,697.7 
62.299 ,206,701.8 
62.302 ,207,701.9 
62.305 ,208,693.4 
62.309 ,209,702.3 
62.312 ,210,690.6 
62.315 ,211,702.9 
62.319 ,212,692.6 
62.322 ,213,704.8 
62.325 ,214,696.8 
62.329 ,215,706.9 
62.332 ,216,704.3 
62.335 ,217,707.7 
62.339 ,218,715.0 
62.342 ,219,709.2 
62.345 ,220,710.1 
62.349 ,221,689.4 
62.352 ,222,693.7 
62.355 ,223,701.9 
62.359 ,224,704.6 
62.362 ,225,694.1 
62.365 ,226,706.7 
62.369 ,227,709.2 
62.372 ,228,707.1 
62.375 ,229,707.4 
62.379 ,230,703.4 
62.382 ,231,704.3 
62.385 ,232,699.5 
62.389 ,233,691.5 
62.392 ,234,702.0 
62.395 ,235,696.5 
62.399 ,236,696.7 
62.402 ,237,700.5 
62.405 ,238,692.0 
62.409 ,239,695.9 
62.412 ,240,692.9 
62.415 ,241,692.1 
62.419 ,242,698.3 
62.422 ,243,696.7 
62.425 ,244,696.8 
62.429 ,245,701.3 
62.432 ,246,716.1 
62.435 ,247,712.9 
62.439 ,248,692.4 
62.442 ,249,703.7 
62.445 ,250,705.5 
62.449 ,251,712.5 
62.452 ,252,710.0 
62.455 ,253,709.8 
62.459 ,254,717.1 
62.462 ,255,706.5 
62.465 ,256,701.0 
62.469 ,257,705.7 
62.472 ,258,704.3 
62.475 ,259,698.5 
62.479 ,260,702.2 
62.482 ,261,698.5 
62.485 ,262,695.9 
62.489 ,263,707.6 
62.492 ,264,693.2 
62.495 ,265,707.6 
62.499 ,266,703.2 
62.502 ,267,698.8 
62.505 ,268,696.5 
62.509 ,269,695.9 
62.512 ,270,707.8 
62.515 ,271,697.5 
62.519 ,272,699.2 
62.522 ,273,693.6 
62.525 ,274,706.5 
62.529 ,275,695.6 
62.532 ,276,698.6 
62.535 ,277,691.8 
62.539 ,278,695.7 
62.542 ,279,692.7 
62.545 ,280,694.5 
62.549 ,281,698.3 
62.552 ,282,707.1 
62.555 ,283,707.4 
62.559 ,284,706.5 
62.562 ,285,705.1 
62.565 ,286,697.4 
62.569 ,287,693.7 
62.572 ,288,708.4 
62.575 ,289,703.4 
62.579 ,290,700.4 
62.582 ,291,707.2 
62.585 ,292,706.2 
62.589 ,293,698.5 
62.592 ,294,701.0 
62.595 ,295,710.2 
62.599 ,296,702.9 
62.602 ,297,695.5 
62.605 ,298,697.5 
62.609 ,299,691.6 
62.612 ,300,703.2 
62.615 ,301,702.6 
62.619 ,302,710.1 
62.622 ,303,716.4 
62.625 ,304,701.6 
62.629 ,305,706.4 
62.632 ,306,709.9 
62.635 ,307,706.8 
62.639 ,308,705.1 
62.642 ,309,709.1 
62.645 ,310,704.0 
62.649 ,311,706.1 
62.652 ,312,707.5 
62.655 ,313,707.9 
62.659 ,314,699.6 
,,
62.690 ,8,701.1 
62.693 ,9,713.7 
62.697 ,10,705.6 
62.700 ,11,707.0 
62.703 ,12,703.1 
62.707 ,13,705.3 
62.710 ,14,695.0 
62.713 ,15,702.8 
62.717 ,16,709.5 
62.720 ,17,705.6 
62.723 ,18,700.5 
62.727 ,19,698.4 
62.730 ,20,706.6 
62.733 ,21,708.6 
62.737 ,22,710.3 
62.740 ,23,708.3 
62.743 ,24,712.2 
62.747 ,25,713.9 
62.750 ,26,711.4 
62.753 ,27,703.5 
62.757 ,28,709.5 
62.760 ,29,708.7 
62.763 ,30,708.6 
62.767 ,31,704.9 
62.770 ,32,702.1 
62.773 ,33,700.3 
62.777 ,34,712.3 
62.780 ,35,701.8 
62.783 ,36,707.4 
62.787 ,37,712.0 
62.790 ,38,709.3 
62.793 ,39,712.9 
62.797 ,40,710.0 
62.800 ,41,711.1 
62.803 ,42,723.2 
62.807 ,43,716.8 
62.810 ,44,707.8 
62.813 ,45,712.3 
62.817 ,46,703.9 
62.820 ,47,704.6 
62.823 ,48,699.5 
62.827 ,49,705.3 
62.830 ,50,708.4 
62.833 ,51,717.2 
62.837 ,52,718.0 
62.840 ,53,713.7 
62.843 ,54,711.9 
62.847 ,55,701.3 
62.850 ,56,710.8 
62.853 ,57,703.3 
62.857 ,58,699.2 
62.860 ,59,685.4 
62.863 ,60,688.0 
62.867 ,61,689.0 
62.870 ,62,694.9 
62.873 ,63,691.1 
62.877 ,64,685.9 
62.880 ,65,693.1 
62.883 ,66,687.0 
62.887 ,67,697.5 
62.890 ,68,697.3 
62.893 ,69,691.5 
62.897 ,70,709.6 
62.900 ,71,688.8 
62.903 ,72,697.7 
62.907 ,73,703.9 
62.910 ,74,697.9 
62.913 ,75,697.6 
62.917 ,76,696.9 
62.920 ,77,706.2 
62.923 ,78,699.5 
62.927 ,79,709.2 
62.930 ,80,711.6 
62.933 ,81,698.8 
62.937 ,82,712.1 
62.940 ,83,703.9 
62.943 ,84,701.1 
62.947 ,85,708.3 
62.950 ,86,705.4 
62.953 ,87,704.9 
62.957 ,88,704.8 
62.960 ,89,700.2 
62.963 ,90,701.3 
62.967 ,91,703.8 
62.970 ,92,704.1 
62.973 ,93,719.2 
62.977 ,94,702.9 
62.980 ,95,701.8 
62.983 ,96,702.2 
62.987 ,97,707.1 
62.990 ,98,704.5 
62.993 ,99,714.0 
62.997 ,100,714.8 
63.000 ,101,706.8 
63.003 ,102,705.2 
63.007 ,103,703.7 
63.010 ,104,703.2 
63.013 ,105,711.9 
63.017 ,106,697.9 
63.020 ,107,695.0 
63.023 ,108,694.0 
63.027 ,109,697.5 
63.030 ,110,693.9 
63.033 ,111,704.4 
63.037 ,112,705.2 
63.040 ,113,699.1 
63.043 ,114,699.8 
63.047 ,115,714.3 
63.050 ,116,696.5 
63.053 ,117,703.9 
63.057 ,118,701.8 
63.060 ,119,698.1 
63.063 ,120,701.9 
63.067 ,121,696.8 
63.070 ,122,702.7 
63.073 ,123,711.1 
63.077 ,124,705.9 
63.080 ,125,699.2 
63.083 ,126,708.4 
63.087 ,127,715.8 
63.090 ,128,713.9 
63.093 ,129,715.4 
63.097 ,130,717.1 
63.100 ,131,715.0 
63.103 ,132,709.4 
63.107 ,133,708.9 
63.110 ,134,701.2 
63.113 ,135,710.9 
63.117 ,136,710.7 
63.120 ,137,703.9 
63.123 ,138,715.9 
63.127 ,139,708.0 
63.130 ,140,707.8 
63.133 ,141,708.7 
63.137 ,142,714.4 
63.140 ,143,715.2 
63.143 ,144,703.5 
63.147 ,145,709.4 
63.150 ,146,713.8 
63.153 ,147,708.4 
63.157 ,148,716.5 
63.160 ,149,713.6 
63.163 ,150,709.8 
63.167 ,151,709.4 
63.170 ,152,712.1 
63.173 ,153,711.0 
,,
63.190 ,159,705.0 
63.193 ,160,705.1 
63.197 ,161,701.3 
63.200 ,162,696.0 
63.203 ,163,697.6 
63.207 ,164,696.9 
63.210 ,165,695.8 
63.213 ,166,702.6 
63.217 ,167,700.9 
63.220 ,168,710.2 
63.223 ,169,698.8 
63.227 ,170,706.5 
63.230 ,171,710.3 
63.233 ,172,699.2 
63.237 ,173,697.7 
63.240 ,174,706.7 
63.243 ,175,702.1 
63.247 ,176,703.9 
63.250 ,177,706.0 
63.253 ,178,711.8 
63.257 ,179,704.7 
63.260 ,180,705.6 
63.263 ,181,701.3 
63.267 ,182,707.8 
63.270 ,183,696.9 
63.273 ,184,695.8 
63.277 ,185,707.3 
63.280 ,186,700.6 
63.283 ,187,714.7 
,,
63.320 ,13,701.9 
63.323 ,14,704.1 
63.327 ,15,714.4 
63.330 ,16,705.6 
63.333 ,17,712.6 
63.337 ,18,709.7 
63.340 ,19,699.9 
63.343 ,20,684.9 
63.347 ,21,679.8 
63.350 ,22,685.0 
63.353 ,23,681.4 
63.357 ,24,690.2 
63.360 ,25,689.8 
63.363 ,26,699.2 
63.367 ,27,700.2 
63.370 ,28,694.7 
63.373 ,29,702.9 
63.377 ,30,691.4 
63.380 ,31,692.8 
63.383 ,32,698.2 
63.387 ,33,685.8 
63.390 ,34,702.1 
63.393 ,35,700.2 
63.397 ,36,697.1 
63.400 ,37,694.1 
63.403 ,38,688.2 
63.407 ,39,688.4 
63.410 ,40,690.7 
63.413 ,41,695.3 
63.417 ,42,692.8 
63.420 ,43,691.0 
63.423 ,44,701.7 
63.427 ,45,699.3 
63.430 ,46,696.8 
63.433 ,47,705.6 
63.437 ,48,706.9 
63.440 ,49,696.9 
63.443 ,50,707.3 
63.447 ,51,705.0 
63.450 ,52,706.3 
63.453 ,53,700.5 
63.457 ,54,692.3 
63.460 ,55,688.2 
63.463 ,56,682.9 
63.467 ,57,683.3 
63.470 ,58,689.6 
63.473 ,59,683.9 
63.477 ,60,697.2 
63.480 ,61,696.8 
63.483 ,62,709.3 
63.487 ,63,698.6 
63.490 ,64,702.2 
63.493 ,65,705.8 
63.497 ,66,704.8 
63.500 ,67,706.7 
63.503 ,68,708.3 
63.507 ,69,708.7 
63.510 ,70,717.8 
63.513 ,71,712.4 
63.517 ,72,708.9 
63.520 ,73,703.7 
63.523 ,74,698.7 
63.527 ,75,713.1 
63.530 ,76,708.0 
63.533 ,77,703.8 
63.537 ,78,712.8 
63.540 ,79,707.6 
63.543 ,80,705.6 
63.547 ,81,701.1 
63.550 ,82,706.0 
63.553 ,83,713.1 
63.557 ,84,711.8 
63.560 ,85,710.8 
63.563 ,86,711.0 
63.567 ,87,706.0 
63.570 ,88,711.3 
63.573 ,89,711.9 
63.577 ,90,713.1 
63.580 ,91,717.1 
63.583 ,92,712.7 
63.587 ,93,709.4 
63.590 ,94,707.3 
63.593 ,95,710.1 
63.597 ,96,695.6 
63.600 ,97,697.9 
63.603 ,98,701.8 
63.607 ,99,704.0 
63.610 ,100,692.7 
63.613 ,101,695.1 
63.617 ,102,690.9 
63.620 ,103,689.0 
63.623 ,104,704.3 
63.627 ,105,713.9 
63.630 ,106,714.9 
63.633 ,107,715.9 
63.637 ,108,726.1 
63.640 ,109,720.8 
63.643 ,110,724.5 
63.647 ,111,730.1 
63.650 ,112,722.1 
63.653 ,113,719.7 
63.657 ,114,715.4 
63.660 ,115,718.4 
63.663 ,116,722.0 
63.667 ,117,708.4 
63.670 ,118,699.4 
63.673 ,119,707.8 
63.677 ,120,708.1 
63.680 ,121,695.7 
63.683 ,122,706.7 
63.687 ,123,695.3 
63.690 ,124,703.0 
63.693 ,125,704.1 
63.697 ,126,716.3 
63.700 ,127,708.3 
63.703 ,128,711.8 
63.707 ,129,708.4 
63.710 ,130,716.1 
63.713 ,131,725.2 
63.717 ,132,723.5 
63.720 ,133,722.1 
63.723 ,134,718.9 
63.727 ,135,713.8 
63.730 ,136,728.1 
63.733 ,137,716.8 
63.737 ,138,715.8 
63.740 ,139,716.7 
63.743 ,140,712.0 
63.747 ,141,713.2 
63.750 ,142,720.5 
63.753 ,143,712.2 
63.757 ,144,702.6 
63.760 ,145,705.7 
63.763 ,146,721.5 
63.767 ,147,722.7 
63.770 ,148,720.0 
63.773 ,149,708.3 
63.777 ,150,714.6 
63.780 ,151,722.4 
63.783 ,152,718.1 
63.787 ,153,720.4 
63.790 ,154,719.6 
63.793 ,155,723.6 
63.797 ,156,712.5 
,,
63.810 ,223,700.5 
63.813 ,224,694.5 
63.817 ,225,700.4 
63.820 ,226,698.0 
63.823 ,227,707.7 
63.827 ,228,692.6 
63.830 ,229,699.2 
63.833 ,230,694.7 
63.837 ,231,706.3 
63.840 ,232,708.5 
63.843 ,233,706.5 
63.847 ,234,708.8 
63.850 ,235,714.3 
63.853 ,236,709.7 
63.857 ,237,711.5 
63.860 ,238,721.6 
63.863 ,239,712.7 
63.867 ,240,710.8 
63.870 ,241,706.9 
63.873 ,242,712.4 
63.877 ,243,704.7 
63.880 ,244,697.2 
63.883 ,245,715.6 
63.887 ,246,701.1 
63.890 ,247,704.1 
63.893 ,248,704.8 
63.897 ,249,707.5 
63.900 ,250,705.1 
63.903 ,251,708.4 
63.907 ,252,700.7 
63.910 ,253,705.3 
63.913 ,254,706.7 
63.917 ,255,713.2 
63.920 ,256,715.9 
,,
63.947 ,264,709.6 
63.950 ,265,710.8 
63.953 ,266,716.6 
63.957 ,267,716.7 
63.960 ,268,714.7 
63.963 ,269,719.4 
63.967 ,270,726.1 
63.970 ,271,722.8 
63.973 ,272,715.8 
63.977 ,273,711.9 
63.980 ,274,717.8 
63.983 ,275,711.3 
63.987 ,276,704.0 
63.990 ,277,716.9 
63.993 ,278,705.4 
63.997 ,279,707.6 
64.000 ,280,717.7 
64.003 ,281,716.3 
64.007 ,282,715.4 
64.010 ,283,717.2 
64.013 ,284,719.6 
64.017 ,285,722.5 
64.020 ,286,719.4 
64.023 ,287,721.4 
64.027 ,288,707.0 
64.030 ,289,722.5 
64.033 ,290,718.0 
64.037 ,291,717.6 
64.040 ,292,698.7 
64.043 ,293,710.8 
64.047 ,294,707.5 
64.050 ,295,703.3 
64.053 ,296,706.8 
64.057 ,297,715.1 
64.060 ,298,715.3 
64.063 ,299,710.9 
64.067 ,300,712.6 
64.070 ,301,715.8 
64.073 ,302,715.4 
64.077 ,303,715.8 
64.080 ,304,710.1 
64.083 ,305,707.0 
64.087 ,306,713.4 
64.090 ,307,717.0 
64.093 ,308,713.2 
64.097 ,309,724.0 
64.100 ,310,713.1 
64.103 ,311,702.0 
64.107 ,312,700.7 
64.110 ,313,700.1 
64.113 ,314,693.2 
64.117 ,315,695.5 
64.120 ,316,697.1 
64.123 ,317,688.5 
64.127 ,318,688.5 
64.130 ,319,686.2 
64.133 ,320,688.7 
64.137 ,321,681.9 
64.140 ,322,687.2 
64.143 ,323,686.8 
64.147 ,324,691.7 
64.150 ,325,704.5 
64.153 ,326,708.0 
64.157 ,327,719.9 
64.160 ,328,717.3 
64.163 ,329,733.6 
64.167 ,330,727.2 
64.170 ,331,739.5 
64.173 ,332,722.0 
64.177 ,333,718.0 
64.180 ,334,729.4 
64.183 ,335,726.6 
64.187 ,336,722.6 
64.190 ,337,703.5 
64.193 ,338,707.8 
64.197 ,339,713.0 
64.200 ,340,718.5 
64.203 ,341,713.2 
64.207 ,342,700.0 
64.210 ,343,708.0 
64.213 ,344,703.3 
64.217 ,345,704.2 
,,
,,
,,
64.240 ,353,704.9 
64.243 ,354,702.5 
64.247 ,355,712.0 
64.250 ,356,715.4 
64.253 ,357,715.6 
64.257 ,358,709.7 
64.260 ,359,709.3 
64.263 ,360,706.0 
64.267 ,361,702.7 
64.270 ,362,700.9 
64.273 ,363,698.4 
64.277 ,364,696.7 
64.280 ,365,697.3 
64.283 ,366,697.3 
64.287 ,367,705.1 
64.290 ,368,703.5 
64.293 ,369,698.9 
64.297 ,370,708.4 
64.300 ,371,706.3 
64.303 ,372,713.5 
64.307 ,373,713.1 
64.310 ,374,702.9 
64.313 ,375,714.6 
64.317 ,376,704.1 
64.320 ,377,703.4 
64.323 ,378,703.5 
64.327 ,379,706.2 
64.330 ,380,690.9 
64.333 ,381,693.9 
64.337 ,382,691.7 
64.340 ,383,707.8 
64.343 ,384,701.6 
64.347 ,385,708.3 
64.350 ,386,717.8 
64.353 ,387,713.1 
64.357 ,388,701.4 
64.360 ,389,699.3 
64.363 ,390,703.0 
64.367 ,391,699.6 
64.370 ,392,698.2 
,,
64.377 ,394,699.2 
64.380 ,395,701.0 
64.383 ,396,701.2 
64.387 ,397,702.1 
64.390 ,398,701.6 
64.393 ,399,709.1 
64.397 ,400,714.8 
64.400 ,401,706.3 
64.403 ,402,708.6 
64.407 ,403,702.2 
64.410 ,404,701.7 
64.413 ,405,706.2 
64.417 ,406,707.7 
64.420 ,407,702.6 
64.423 ,408,705.6 
64.427 ,409,708.7 
64.430 ,410,708.5 
64.433 ,411,712.3 
64.437 ,412,719.3 
64.440 ,413,701.1 
64.443 ,414,699.2 
64.447 ,415,710.0 
64.450 ,416,714.5 
64.453 ,417,709.6 
64.457 ,418,713.9 
64.460 ,419,712.5 
64.463 ,420,705.9 
64.467 ,421,721.4 
64.470 ,422,722.2 
64.473 ,423,717.4 
64.477 ,424,726.8 
64.480 ,425,724.8 
64.483 ,426,732.5 
64.487 ,427,729.2 
64.490 ,428,723.1 
64.493 ,429,720.1 
64.497 ,430,723.9 
64.500 ,431,717.6 
64.503 ,432,712.3 
64.507 ,433,716.6 
64.510 ,434,717.9 
64.513 ,435,717.4 
64.517 ,436,716.1 
64.520 ,437,724.9 
64.523 ,438,717.6 
64.527 ,439,714.8 
64.530 ,440,720.7 
64.533 ,441,726.9 
64.537 ,442,723.1 
64.540 ,443,729.8 
64.543 ,444,726.5 
64.547 ,445,722.9 
64.550 ,446,717.3 
64.553 ,447,712.2 
64.557 ,448,709.2 
64.560 ,449,715.9 
64.563 ,450,706.0 
64.567 ,451,714.2 
64.570 ,452,715.9 
64.573 ,453,719.0 
64.577 ,454,720.4 
64.580 ,455,723.1 
64.583 ,456,713.1 
64.587 ,457,721.3 
64.590 ,458,700.3 
64.593 ,459,703.5 
64.597 ,460,725.5 
64.600 ,461,728.6 
64.603 ,462,718.2 
64.607 ,463,721.4 
64.610 ,464,709.3 
64.613 ,465,710.7 
,,
64.632 ,18,704.1 
64.635 ,19,705.2 
64.639 ,20,706.7 
64.642 ,21,698.1 
64.645 ,22,707.2 
64.649 ,23,703.8 
64.652 ,24,723.5 
64.655 ,25,725.0 
64.659 ,26,715.6 
64.662 ,27,714.3 
64.665 ,28,703.9 
64.669 ,29,714.3 
64.672 ,30,707.8 
64.675 ,31,721.7 
64.679 ,32,710.0 
64.682 ,33,712.2 
64.685 ,34,717.4 
64.689 ,35,705.8 
64.692 ,36,714.8 
64.695 ,37,713.0 
64.699 ,38,711.4 
64.702 ,39,701.4 
64.705 ,40,712.6 
64.709 ,41,714.7 
64.712 ,42,714.8 
64.715 ,43,723.9 
64.719 ,44,716.8 
64.722 ,45,707.6 
64.725 ,46,716.0 
64.729 ,47,718.0 
64.732 ,48,716.9 
64.735 ,49,723.7 
64.739 ,50,723.8 
64.742 ,51,713.8 
64.745 ,52,721.9 
64.749 ,53,705.3 
64.752 ,54,703.7 
64.755 ,55,716.7 
64.759 ,56,706.2 
64.762 ,57,713.3 
64.765 ,58,704.7 
64.769 ,59,723.3 
64.772 ,60,722.9 
64.775 ,61,724.0 
64.779 ,62,728.0 
64.782 ,63,717.3 
64.785 ,64,719.4 
64.789 ,65,726.3 
64.792 ,66,728.1 
64.795 ,67,702.0 
64.799 ,68,697.4 
64.802 ,69,699.4 
64.805 ,70,698.7 
64.809 ,71,697.3 
64.812 ,72,695.6 
64.815 ,73,715.9 
64.819 ,74,712.7 
64.822 ,75,709.3 
64.825 ,76,715.0 
64.829 ,77,718.6 
64.832 ,78,708.9 
64.835 ,79,712.1 
64.839 ,80,698.1 
64.842 ,81,712.1 
64.845 ,82,710.0 
64.849 ,83,725.6 
64.852 ,84,722.9 
64.855 ,85,718.5 
64.859 ,86,724.4 
64.862 ,87,723.3 
64.865 ,88,725.8 
64.869 ,89,724.0 
64.872 ,90,728.6 
64.875 ,91,721.3 
64.879 ,92,718.8 
64.882 ,93,712.1 
64.885 ,94,711.8 
64.889 ,95,709.0 
64.892 ,96,707.4 
64.895 ,97,713.3 
64.899 ,98,712.8 
64.902 ,99,714.5 
64.905 ,100,714.0 
64.909 ,101,711.8 
64.912 ,102,713.3 
64.915 ,103,720.8 
64.919 ,104,711.8 
64.922 ,105,714.0 
64.925 ,106,713.5 
64.929 ,107,714.5 
64.932 ,108,712.6 
64.935 ,109,713.2 
64.939 ,110,715.6 
64.942 ,111,696.4 
64.945 ,112,708.9 
64.949 ,113,718.9 
64.952 ,114,709.8 
64.955 ,115,712.1 
64.959 ,116,708.5 
64.962 ,117,714.0 
64.965 ,118,710.6 
64.969 ,119,713.1 
64.972 ,120,705.5 
64.975 ,121,701.1 
64.979 ,122,712.7 
64.982 ,123,705.0 
64.985 ,124,706.5 
64.989 ,125,700.3 
64.992 ,126,709.9 
64.995 ,127,717.2 
64.999 ,128,715.0 
65.002 ,129,725.0 
65.005 ,130,721.4 
65.009 ,131,717.7 
65.012 ,132,719.3 
65.015 ,133,710.3 
65.019 ,134,714.0 
65.022 ,135,720.6 
65.025 ,136,711.3 
65.029 ,137,712.4 
65.032 ,138,704.7 
65.035 ,139,700.9 
65.039 ,140,702.8 
65.042 ,141,703.0 
65.045 ,142,705.6 
65.049 ,143,712.3 
65.052 ,144,706.2 
65.055 ,145,704.7 
65.059 ,146,706.1 
65.062 ,147,708.0 
65.065 ,148,711.4 
65.069 ,149,703.2 
65.072 ,150,701.8 
65.075 ,151,706.9 
65.079 ,152,715.7 
65.082 ,153,711.3 
65.085 ,154,704.2 
65.089 ,155,704.6 
65.092 ,156,704.9 
65.095 ,157,700.7 
65.099 ,158,698.6 
65.102 ,159,692.2 
65.105 ,160,686.5 
65.109 ,161,687.4 
65.112 ,162,691.1 
65.115 ,163,682.5 
65.119 ,164,683.1 
65.122 ,165,674.2 
,,
65.140 ,173,708.5 
65.143 ,174,707.6 
65.147 ,175,707.1 
65.150 ,176,712.9 
65.153 ,177,714.4 
65.157 ,178,712.9 
65.160 ,179,711.8 
65.163 ,180,710.4 
65.167 ,181,711.4 
65.170 ,182,711.6 
65.173 ,183,710.0 
65.177 ,184,703.8 
65.180 ,185,708.1 
65.183 ,186,704.0 
65.187 ,187,703.7 
65.190 ,188,698.2 
65.193 ,189,704.2 
65.197 ,190,699.7 
65.200 ,191,692.9 
65.203 ,192,699.3 
65.207 ,193,703.8 
65.210 ,194,700.9 
65.213 ,195,696.7 
65.217 ,196,703.1 
65.220 ,197,705.4 
65.223 ,198,704.5 
65.227 ,199,699.6 
65.230 ,200,686.4 
65.233 ,201,678.6 
65.237 ,202,692.1 
65.240 ,203,689.9 
65.243 ,204,696.1 
65.247 ,205,693.2 
65.250 ,206,684.2 
65.253 ,207,686.5 
65.257 ,208,691.0 
65.260 ,209,697.0 
65.263 ,210,682.3 
65.267 ,211,681.7 
65.270 ,212,675.7 
65.273 ,213,673.9 
65.277 ,214,667.7 
65.280 ,215,672.7 
,,
65.317 ,5,707.4 
65.320 ,6,711.3 
65.323 ,7,717.7 
65.326 ,8,718.2 
65.330 ,9,712.8 
65.333 ,10,723.7 
65.336 ,11,716.9 
65.340 ,12,718.4 
65.343 ,13,717.3 
65.346 ,14,709.3 
65.350 ,15,719.6 
65.353 ,16,715.5 
65.356 ,17,723.4 
65.360 ,18,732.7 
65.363 ,19,731.1 
65.366 ,20,726.1 
65.370 ,21,717.1 
65.373 ,22,722.9 
65.376 ,23,723.4 
65.380 ,24,712.6 
65.383 ,25,713.1 
65.386 ,26,705.1 
65.390 ,27,704.8 
65.393 ,28,701.3 
65.396 ,29,706.9 
65.400 ,30,698.3 
65.403 ,31,690.4 
65.406 ,32,696.9 
65.410 ,33,702.0 
65.413 ,34,702.7 
65.416 ,35,698.5 
65.420 ,36,701.1 
65.423 ,37,701.2 
65.426 ,38,693.4 
65.430 ,39,703.1 
65.433 ,40,701.8 
65.436 ,41,696.0 
65.440 ,42,707.7 
65.443 ,43,710.8 
65.446 ,44,706.1 
65.450 ,45,707.9 
65.453 ,46,705.1 
65.456 ,47,697.8 
65.460 ,48,715.7 
65.463 ,49,707.8 
65.466 ,50,710.7 
65.470 ,51,717.9 
65.473 ,52,710.3 
65.476 ,53,719.1 
65.480 ,54,725.7 
65.483 ,55,723.2 
65.486 ,56,717.3 
65.490 ,57,709.5 
65.493 ,58,706.2 
65.496 ,59,713.1 
65.500 ,60,721.0 
65.503 ,61,716.7 
65.506 ,62,731.0 
65.510 ,63,717.0 
65.513 ,64,707.4 
65.516 ,65,710.3 
65.520 ,66,710.7 
65.523 ,67,713.3 
65.526 ,68,714.7 
65.530 ,69,720.0 
65.533 ,70,712.7 
65.536 ,71,708.7 
65.540 ,72,713.2 
65.543 ,73,713.0 
65.546 ,74,709.7 
65.550 ,75,710.2 
65.553 ,76,711.1 
65.556 ,77,710.7 
65.560 ,78,713.0 
65.563 ,79,718.9 
65.566 ,80,716.8 
65.570 ,81,721.8 
65.573 ,82,708.6 
65.576 ,83,710.9 
65.580 ,84,702.5 
65.583 ,85,698.3 
65.586 ,86,703.6 
65.590 ,87,697.2 
65.593 ,88,702.1 
65.596 ,89,704.6 
65.600 ,90,688.5 
65.603 ,91,693.0 
65.606 ,92,702.2 
65.610 ,93,697.7 
65.613 ,94,700.2 
65.616 ,95,698.7 
65.620 ,96,712.0 
65.623 ,97,713.5 
65.626 ,98,716.0 
65.630 ,99,718.2 
65.633 ,100,717.1 
65.636 ,101,705.0 
65.640 ,102,702.1 
65.643 ,103,704.8 
65.646 ,104,707.6 
65.650 ,105,708.1 
65.653 ,106,721.3 
65.656 ,107,718.0 
65.660 ,108,713.9 
65.663 ,109,724.7 
65.666 ,110,713.4 
65.670 ,111,722.7 
65.673 ,112,733.9 
65.676 ,113,723.7 
65.680 ,114,733.2 
65.683 ,115,721.9 
65.686 ,116,720.2 
65.690 ,117,720.9 
65.693 ,118,726.1 
65.696 ,119,728.8 
65.700 ,120,724.9 
65.703 ,121,724.6 
65.706 ,122,725.6 
65.710 ,123,717.5 
65.713 ,124,714.7 
65.716 ,125,711.1 
65.720 ,126,707.4 
65.723 ,127,701.7 
65.726 ,128,698.8 
65.730 ,129,695.9 
65.733 ,130,699.1 
65.736 ,131,701.7 
65.740 ,132,697.7 
65.743 ,133,708.3 
65.746 ,134,705.5 
65.750 ,135,698.6 
65.753 ,136,715.5 
65.756 ,137,715.9 
65.760 ,138,706.9 
65.763 ,139,714.3 
65.766 ,140,712.8 
65.770 ,141,709.9 
65.773 ,142,708.6 
65.776 ,143,706.8 
65.780 ,144,706.4 
65.783 ,145,702.1 
65.786 ,146,706.5 
65.790 ,147,710.7 
65.793 ,148,719.3 
,,
65.819 ,226,719.7 
65.822 ,227,709.2 
65.826 ,228,711.3 
65.829 ,229,717.4 
65.832 ,230,706.2 
65.836 ,231,715.6 
65.839 ,232,710.7 
65.842 ,233,717.1 
65.846 ,234,726.4 
65.849 ,235,732.0 
65.852 ,236,735.8 
65.856 ,237,737.3 
65.859 ,238,734.7 
65.862 ,239,724.9 
65.866 ,240,723.1 
65.869 ,241,723.6 
65.872 ,242,714.9 
65.876 ,243,713.1 
65.879 ,244,713.5 
65.882 ,245,723.5 
65.886 ,246,718.3 
65.889 ,247,726.2 
65.892 ,248,722.5 
65.896 ,249,719.7 
65.899 ,250,717.4 
65.902 ,251,718.5 
65.906 ,252,733.9 
65.909 ,253,735.9 
65.912 ,254,723.8 
65.916 ,255,727.4 
65.919 ,256,723.2 
65.922 ,257,717.9 
65.926 ,258,716.0 
65.929 ,259,718.3 
65.932 ,260,720.5 
65.936 ,261,721.9 
65.939 ,262,724.1 
65.942 ,263,727.5 
65.946 ,264,730.8 
65.949 ,265,731.7 
65.952 ,266,727.2 
65.956 ,267,733.1 
65.959 ,268,732.8 
65.962 ,269,731.8 
65.966 ,270,728.4 
65.969 ,271,733.8 
65.972 ,272,728.8 
65.976 ,273,727.7 
65.979 ,274,723.1 
65.982 ,275,717.0 
65.986 ,276,712.4 
65.989 ,277,709.2 
65.992 ,278,702.2 
65.996 ,279,697.8 
65.999 ,280,690.9 
66.002 ,281,707.3 
66.006 ,282,716.8 
66.009 ,283,712.0 
66.012 ,284,711.1 
66.016 ,285,721.5 
66.019 ,286,711.2 
66.022 ,287,717.5 
66.026 ,288,718.8 
66.029 ,289,721.8 
66.032 ,290,730.9 
66.036 ,291,731.9 
66.039 ,292,725.9 
66.042 ,293,726.0 
66.046 ,294,724.9 
66.049 ,295,724.7 
66.052 ,296,733.0 
66.056 ,297,725.2 
66.059 ,298,725.8 
66.062 ,299,727.0 
66.066 ,300,722.0 
66.069 ,301,728.2 
66.072 ,302,725.8 
66.076 ,303,734.1 
66.079 ,304,734.6 
66.082 ,305,731.8 
66.086 ,306,727.2 
66.089 ,307,722.3 
66.092 ,308,723.9 
66.096 ,309,727.4 
66.099 ,310,729.2 
66.102 ,311,732.0 
66.106 ,312,726.1 
66.109 ,313,728.2 
66.112 ,314,720.6 
66.116 ,315,728.6 
66.119 ,316,727.5 
66.122 ,317,730.9 
66.126 ,318,735.4 
66.129 ,319,725.8 
66.132 ,320,733.3 
66.136 ,321,733.6 
66.139 ,322,742.3 
66.142 ,323,740.3 
66.146 ,324,731.8 
66.149 ,325,730.0 
66.152 ,326,721.6 
66.156 ,327,733.9 
66.159 ,328,717.2 
66.162 ,329,713.3 
66.166 ,330,721.6 
66.169 ,331,714.6 
66.172 ,332,707.0 
66.176 ,333,714.7 
66.179 ,334,717.6 
66.182 ,335,715.5 
66.186 ,336,711.3 
66.189 ,337,709.1 
66.192 ,338,706.4 
66.196 ,339,708.1 
66.199 ,340,707.4 
66.202 ,341,711.2 
66.206 ,342,706.9 
66.209 ,343,709.2 
66.212 ,344,714.4 
66.216 ,345,706.5 
66.219 ,346,712.2 
66.222 ,347,704.5 
66.226 ,348,706.3 
66.229 ,349,690.2 
66.232 ,350,695.4 
66.236 ,351,691.4 
66.239 ,352,695.1 
66.242 ,353,696.1 
66.246 ,354,688.4 
66.249 ,355,693.8 
66.252 ,356,701.6 
66.256 ,357,695.8 
66.259 ,358,712.4 
66.262 ,359,705.8 
66.266 ,360,712.4 
66.269 ,361,707.9 
66.272 ,362,704.3 
66.276 ,363,707.6 
66.279 ,364,686.2 
,,
66.286 ,368,692.0 
66.289 ,369,709.1 
66.292 ,370,717.8 
66.296 ,371,706.3 
66.299 ,372,712.2 
,,
66.306 ,377,689.6 
66.309 ,378,699.9 
66.312 ,379,710.0 
66.316 ,380,714.4 
66.319 ,381,708.4 
66.322 ,382,715.2 
66.326 ,383,719.8 
66.329 ,384,716.3 
66.332 ,385,717.4 
66.336 ,386,708.0 
66.339 ,387,708.1 
66.342 ,388,710.4 
66.346 ,389,708.5 
66.349 ,390,714.4 
66.352 ,391,718.0 
66.356 ,392,714.8 
66.359 ,393,721.5 
66.362 ,394,717.2 
66.366 ,395,723.4 
66.369 ,396,718.3 
66.372 ,397,710.8 
66.376 ,398,710.2 
66.379 ,399,704.9 
66.382 ,400,703.7 
66.386 ,401,710.5 
66.389 ,402,713.7 
66.392 ,403,709.9 
66.396 ,404,700.2 
66.399 ,405,720.5 
66.402 ,406,719.7 
66.406 ,407,716.7 
66.409 ,408,729.9 
66.412 ,409,736.2 
66.416 ,410,740.4 
66.419 ,411,732.7 
66.422 ,412,729.1 
66.426 ,413,732.2 
66.429 ,414,728.1 
66.432 ,415,735.1 
66.436 ,416,728.4 
66.439 ,417,722.8 
66.442 ,418,725.8 
66.446 ,419,731.5 
66.449 ,420,729.9 
66.452 ,421,728.2 
66.456 ,422,724.9 
66.459 ,423,733.3 
66.462 ,424,736.6 
66.466 ,425,727.0 
66.469 ,426,726.1 
66.472 ,427,731.1 
66.476 ,428,722.5 
66.479 ,429,726.3 
66.482 ,430,730.0 
66.486 ,431,726.8 
66.489 ,432,727.1 
66.492 ,433,728.4 
66.496 ,434,725.4 
66.499 ,435,726.5 
66.502 ,436,720.6 
66.506 ,437,726.6 
66.509 ,438,729.5 
66.512 ,439,738.7 
66.516 ,440,737.9 
66.519 ,441,728.7 
66.522 ,442,731.6 
66.526 ,443,725.0 
66.529 ,444,734.1 
66.532 ,445,729.7 
66.536 ,446,737.8 
66.539 ,447,736.8 
66.542 ,448,721.5 
66.546 ,449,729.0 
66.549 ,450,736.6 
66.552 ,451,735.7 
66.556 ,452,731.6 
66.559 ,453,726.3 
66.562 ,454,721.9 
66.566 ,455,724.2 
66.569 ,456,730.6 
66.572 ,457,726.8 
66.576 ,458,729.6 
66.579 ,459,727.8 
66.582 ,460,735.4 
66.586 ,461,738.0 
66.589 ,462,731.2 
66.592 ,463,723.2 
66.596 ,464,731.8 
66.599 ,465,729.9 
66.602 ,466,730.5 
66.606 ,467,724.7 
66.609 ,468,722.2 
66.612 ,469,720.9 
66.616 ,470,726.9 
66.619 ,471,728.3 
66.622 ,472,733.1 
66.626 ,473,726.7 
66.629 ,474,722.5 
66.632 ,475,718.3 
66.636 ,476,722.9 
66.639 ,477,721.3 
66.642 ,478,712.9 
66.646 ,479,720.5 
66.649 ,480,722.9 
66.652 ,481,719.3 
66.656 ,482,728.4 
66.659 ,483,723.9 
66.662 ,484,724.9 
66.666 ,485,725.8 
66.669 ,486,716.9 
66.672 ,487,717.0 
66.676 ,488,731.1 
66.679 ,489,726.7 
66.682 ,490,726.8 
66.686 ,491,734.8 
66.689 ,492,715.4 
,,
66.736 ,16,721.8 
66.739 ,17,720.3 
66.743 ,18,728.6 
66.746 ,19,721.1 
66.749 ,20,718.6 
66.753 ,21,722.8 
66.756 ,22,737.3 
66.759 ,23,736.9 
66.763 ,24,741.3 
66.766 ,25,742.1 
66.769 ,26,741.2 
66.773 ,27,730.1 
66.776 ,28,732.2 
66.779 ,29,735.4 
66.783 ,30,730.3 
66.786 ,31,720.2 
66.789 ,32,722.6 
66.793 ,33,732.2 
66.796 ,34,727.4 
66.799 ,35,724.0 
66.803 ,36,729.7 
66.806 ,37,740.3 
66.809 ,38,726.3 
66.813 ,39,734.0 
66.816 ,40,732.9 
66.819 ,41,724.9 
66.823 ,42,723.9 
66.826 ,43,724.4 
66.829 ,44,731.3 
66.833 ,45,724.8 
66.836 ,46,728.7 
66.839 ,47,727.3 
66.843 ,48,726.3 
66.846 ,49,716.4 
66.849 ,50,724.8 
66.853 ,51,715.0 
66.856 ,52,700.1 
66.859 ,53,718.2 
66.863 ,54,720.7 
66.866 ,55,714.8 
66.869 ,56,711.6 
66.873 ,57,721.7 
66.876 ,58,717.5 
66.879 ,59,718.1 
66.883 ,60,719.3 
66.886 ,61,719.0 
66.889 ,62,727.4 
66.893 ,63,722.6 
66.896 ,64,726.3 
66.899 ,65,723.8 
66.903 ,66,722.2 
66.906 ,67,721.9 
66.909 ,68,713.7 
66.913 ,69,718.0 
66.916 ,70,712.9 
66.919 ,71,720.5 
66.923 ,72,723.0 
66.926 ,73,712.7 
66.929 ,74,725.6 
66.933 ,75,726.3 
66.936 ,76,724.9 
66.939 ,77,727.4 
66.943 ,78,724.4 
66.946 ,79,731.7 
66.949 ,80,720.3 
66.953 ,81,727.0 
66.956 ,82,722.8 
66.959 ,83,728.1 
66.963 ,84,721.4 
66.966 ,85,723.1 
66.969 ,86,725.4 
66.973 ,87,730.2 
66.976 ,88,718.7 
66.979 ,89,736.8 
66.983 ,90,726.1 
66.986 ,91,715.8 
66.989 ,92,724.2 
66.993 ,93,714.4 
66.996 ,94,728.4 
66.999 ,95,725.0 
67.003 ,96,724.5 
67.006 ,97,730.5 
67.009 ,98,744.6 
67.013 ,99,734.3 
67.016 ,100,734.2 
67.019 ,101,726.8 
67.023 ,102,723.7 
67.026 ,103,721.2 
67.029 ,104,719.2 
67.033 ,105,714.4 
67.036 ,106,727.0 
67.039 ,107,727.8 
67.043 ,108,721.7 
67.046 ,109,719.4 
67.049 ,110,716.8 
67.053 ,111,727.6 
67.056 ,112,725.2 
67.059 ,113,728.1 
67.063 ,114,723.5 
67.066 ,115,721.0 
67.069 ,116,726.5 
67.073 ,117,721.5 
67.076 ,118,731.1 
67.079 ,119,719.0 
67.083 ,120,720.9 
67.086 ,121,715.8 
67.089 ,122,720.6 
67.093 ,123,719.7 
67.096 ,124,726.2 
67.099 ,125,733.0 
67.103 ,126,717.8 
67.106 ,127,724.3 
67.109 ,128,703.1 
67.113 ,129,720.8 
67.116 ,130,710.8 
67.119 ,131,710.0 
67.123 ,132,719.2 
67.126 ,133,717.6 
67.129 ,134,726.6 
67.133 ,135,720.6 
67.136 ,136,722.3 
67.139 ,137,727.4 
67.143 ,138,729.9 
67.146 ,139,725.8 
67.149 ,140,721.9 
67.153 ,141,713.7 
67.156 ,142,721.6 
67.159 ,143,722.4 
67.163 ,144,716.4 
67.166 ,145,724.9 
67.169 ,146,718.6 
67.173 ,147,721.5 
67.176 ,148,723.7 
67.179 ,149,722.9 
67.183 ,150,723.7 
67.186 ,151,727.3 
67.189 ,152,722.0 
67.193 ,153,724.6 
67.196 ,154,715.8 
67.199 ,155,724.0 
67.203 ,156,727.6 
67.206 ,157,720.6 
67.209 ,158,721.7 
67.213 ,159,715.1 
67.216 ,161,705.1 
67.219 ,162,707.2 
67.223 ,163,713.2 
67.226 ,164,708.5 
67.229 ,165,714.0 
67.233 ,166,723.6 
67.236 ,167,718.1 
67.239 ,168,723.7 
67.243 ,169,722.5 
67.246 ,170,719.4 
67.249 ,171,721.6 
67.253 ,172,733.0 
67.256 ,173,732.0 
67.259 ,174,727.3 
67.263 ,175,728.8 
67.266 ,176,728.9 
67.269 ,177,724.8 
67.273 ,178,730.3 
67.276 ,179,731.3 
67.279 ,180,729.1 
67.283 ,181,724.6 
67.286 ,182,729.6 
67.289 ,183,724.6 
67.293 ,184,736.1 
67.296 ,185,719.8 
67.299 ,186,729.4 
67.303 ,187,727.1 
67.306 ,188,735.8 
67.309 ,189,738.7 
67.313 ,190,726.0 
67.316 ,191,733.1 
67.319 ,192,733.1 
67.323 ,193,728.9 
67.326 ,194,726.1 
67.329 ,195,729.9 
67.333 ,196,733.3 
67.336 ,197,742.8 
67.339 ,198,737.3 
67.343 ,199,723.7 
67.346 ,200,712.7 
67.349 ,201,708.2 
67.353 ,202,710.7 
67.356 ,203,705.8 
67.359 ,204,703.1 
67.363 ,205,701.3 
67.366 ,206,708.4 
67.369 ,207,715.3 
,,
67.396 ,215,721.1 
67.399 ,216,710.1 
67.403 ,217,711.6 
67.406 ,218,709.9 
67.409 ,219,708.5 
67.413 ,220,717.5 
67.416 ,221,714.2 
67.419 ,222,721.0 
67.423 ,223,718.7 
67.426 ,224,722.4 
67.429 ,225,720.6 
67.433 ,226,716.0 
67.436 ,227,717.6 
67.439 ,228,725.7 
67.443 ,229,712.9 
67.446 ,230,707.4 
67.449 ,231,709.8 
67.453 ,232,714.5 
67.456 ,233,718.4 
67.459 ,234,730.0 
67.463 ,235,730.3 
67.466 ,236,725.8 
67.469 ,237,730.2 
67.473 ,238,717.5 
67.476 ,239,720.4 
67.479 ,240,722.1 
67.483 ,241,714.8 
67.486 ,242,715.1 
67.489 ,243,712.1 
67.493 ,244,710.7 
67.496 ,245,713.8 
67.499 ,246,719.4 
67.503 ,247,710.3 
67.506 ,248,716.4 
67.509 ,249,712.2 
67.513 ,250,720.8 
67.516 ,251,718.9 
67.519 ,252,714.4 
67.523 ,253,718.5 
67.526 ,254,718.8 
67.529 ,255,722.3 
67.533 ,256,721.9 
67.536 ,257,718.3 
67.539 ,258,711.7 
67.543 ,259,725.2 
67.546 ,260,720.3 
67.549 ,261,722.0 
67.553 ,262,714.7 
67.556 ,263,717.4 
67.559 ,264,723.3 
67.563 ,265,722.1 
67.566 ,266,722.8 
67.569 ,267,731.3 
67.573 ,268,727.3 
67.576 ,269,721.4 
67.579 ,270,724.3 
67.583 ,271,709.5 
67.586 ,272,715.9 
67.589 ,273,712.2 
67.593 ,274,727.7 
67.596 ,275,722.3 
67.599 ,276,717.2 
67.603 ,277,709.4 
67.606 ,278,726.9 
67.609 ,279,728.0 
67.613 ,280,723.8 
67.616 ,281,724.4 
67.619 ,282,725.5 
67.623 ,283,717.3 
67.626 ,284,727.5 
67.629 ,285,730.8 
67.633 ,286,732.7 
67.636 ,287,734.4 
67.639 ,288,734.4 
67.643 ,289,724.8 
67.646 ,290,721.7 
67.649 ,291,722.1 
67.653 ,292,710.4 
67.656 ,293,721.2 
67.659 ,294,711.7 
67.663 ,295,730.8 
67.666 ,296,735.1 
67.669 ,297,726.8 
67.673 ,298,728.0 
67.676 ,299,724.9 
67.679 ,300,722.0 
67.683 ,301,731.1 
67.686 ,302,735.2 
67.689 ,303,730.1 
67.693 ,304,747.1 
67.696 ,305,740.3 
67.699 ,306,731.8 
,,
67.728 ,12,724.2 
67.731 ,13,726.7 
67.735 ,14,718.0 
67.738 ,15,713.2 
67.741 ,16,725.4 
67.745 ,17,726.5 
67.748 ,18,722.4 
67.751 ,19,722.6 
67.755 ,20,717.9 
67.758 ,21,725.6 
67.761 ,22,720.1 
67.765 ,23,718.4 
67.768 ,24,726.3 
67.771 ,25,714.8 
67.775 ,26,724.0 
67.778 ,27,723.3 
67.781 ,28,727.0 
67.785 ,29,711.7 
67.788 ,30,708.3 
67.791 ,31,709.6 
67.795 ,32,725.1 
67.798 ,33,718.9 
67.801 ,34,714.1 
67.805 ,35,716.4 
67.808 ,36,714.0 
67.811 ,37,725.8 
67.815 ,38,730.5 
67.818 ,39,729.3 
67.821 ,40,725.8 
67.825 ,41,736.8 
67.828 ,42,721.8 
67.831 ,43,715.4 
67.835 ,44,715.4 
67.838 ,45,718.5 
67.841 ,46,719.4 
67.845 ,47,706.9 
67.848 ,48,712.4 
67.851 ,49,733.3 
67.855 ,50,733.3 
67.858 ,51,726.2 
67.861 ,52,727.5 
67.865 ,53,732.3 
67.868 ,54,728.9 
67.871 ,55,729.9 
67.875 ,56,729.0 
67.878 ,57,729.8 
67.881 ,58,720.5 
67.885 ,59,725.2 
67.888 ,60,723.0 
67.891 ,61,716.1 
67.895 ,62,709.3 
67.898 ,63,713.8 
67.901 ,64,709.3 
67.905 ,65,710.1 
67.908 ,66,713.2 
67.911 ,67,722.1 
67.915 ,68,727.6 
67.918 ,69,731.9 
67.921 ,70,723.8 
67.925 ,71,720.7 
67.928 ,72,730.5 
67.931 ,73,728.3 
67.935 ,74,721.8 
67.938 ,75,719.4 
67.941 ,76,725.4 
67.945 ,77,724.6 
67.948 ,78,730.2 
67.951 ,79,725.6 
67.955 ,80,728.9 
67.958 ,81,726.2 
67.961 ,82,727.6 
67.965 ,83,724.0 
67.968 ,84,730.8 
67.971 ,85,726.4 
67.975 ,86,736.1 
67.978 ,87,741.4 
67.981 ,88,736.1 
67.985 ,89,736.2 
67.988 ,90,733.8 
67.991 ,91,725.0 
67.995 ,92,725.9 
67.998 ,93,713.9 
68.001 ,94,720.6 
68.005 ,95,722.7 
68.008 ,96,736.3 
68.011 ,97,732.8 
68.015 ,98,715.9 
68.018 ,99,723.5 
68.021 ,100,717.0 
68.025 ,101,721.0 
68.028 ,102,719.1 
68.031 ,103,713.0 
68.035 ,104,706.7 
68.038 ,105,718.6 
68.041 ,106,738.0 
68.045 ,107,732.6 
68.048 ,108,733.0 
68.051 ,109,734.9 
68.055 ,110,730.0 
68.058 ,111,733.9 
,,
68.068 ,124,721.0 
68.071 ,125,725.6 
68.075 ,126,724.6 
68.078 ,127,719.6 
68.081 ,128,714.6 
68.085 ,129,717.8 
68.088 ,130,725.0 
68.091 ,131,727.8 
68.095 ,132,733.0 
68.098 ,133,724.8 
68.101 ,134,711.7 
68.105 ,135,734.0 
68.108 ,136,714.7 
68.111 ,137,729.9 
68.115 ,138,732.9 
68.118 ,139,734.2 
68.121 ,140,730.7 
68.125 ,141,738.6 
68.128 ,142,728.9 
68.131 ,143,724.5 
,,
68.210 ,217,728.4 
68.213 ,218,735.8 
68.217 ,219,732.2 
68.220 ,220,727.6 
68.223 ,221,738.3 
68.227 ,222,725.9 
68.230 ,223,723.6 
68.233 ,224,729.8 
68.237 ,225,725.6 
68.240 ,226,706.0 
68.243 ,227,714.1 
68.247 ,228,712.5 
68.250 ,229,720.0 
68.253 ,230,715.1 
68.257 ,231,717.1 
68.260 ,232,715.7 
68.263 ,233,717.9 
68.267 ,234,711.0 
68.270 ,235,714.6 
68.273 ,236,720.7 
68.277 ,237,716.1 
68.280 ,238,714.4 
68.283 ,239,708.9 
68.287 ,240,727.5 
68.290 ,241,724.8 
68.293 ,242,716.5 
68.297 ,243,720.6 
68.300 ,244,726.1 
68.303 ,245,716.2 
68.307 ,246,720.7 
68.310 ,247,720.3 
68.313 ,248,721.7 
68.317 ,249,717.0 
68.320 ,250,719.7 
68.323 ,251,720.9 
68.327 ,252,726.6 
68.330 ,253,721.4 
68.333 ,254,734.9 
68.337 ,255,719.5 
68.340 ,256,723.3 
68.343 ,257,728.6 
68.347 ,258,719.9 
68.350 ,259,724.3 
68.353 ,260,721.8 
68.357 ,261,730.6 
68.360 ,262,715.2 
68.363 ,263,710.6 
68.367 ,264,706.4 
68.370 ,265,703.1 
68.373 ,266,703.0 
68.377 ,267,701.6 
68.380 ,268,706.1 
68.383 ,269,703.8 
68.387 ,270,710.9 
68.390 ,271,704.9 
68.393 ,272,711.1 
68.397 ,273,711.6 
68.400 ,274,703.7 
68.403 ,275,710.6 
68.407 ,276,718.7 
68.410 ,277,704.3 
68.413 ,278,711.7 
68.417 ,279,709.0 
68.420 ,280,709.7 
68.423 ,281,712.2 
68.427 ,282,714.7 
68.430 ,283,716.5 
68.433 ,284,724.0 
68.437 ,285,719.7 
68.440 ,286,724.9 
68.443 ,287,720.4 
68.447 ,288,709.5 
68.450 ,289,721.4 
68.453 ,290,731.3 
68.457 ,291,728.7 
68.460 ,292,734.5 
68.463 ,293,736.3 
68.467 ,294,741.6 
68.470 ,295,737.2 
68.473 ,296,739.4 
68.477 ,297,735.8 
68.480 ,298,741.8 
68.483 ,299,734.7 
68.487 ,300,740.2 
68.490 ,301,735.0 
68.493 ,302,730.1 
68.497 ,303,736.4 
68.500 ,304,729.5 
68.503 ,305,725.4 
68.507 ,306,724.1 
68.510 ,307,719.1 
68.513 ,308,719.8 
68.517 ,309,718.2 
68.520 ,310,727.8 
68.523 ,311,722.1 
68.527 ,312,714.3 
68.530 ,313,722.6 
68.533 ,314,713.9 
68.537 ,315,721.3 
68.540 ,316,712.5 
68.543 ,317,722.2 
68.547 ,318,726.1 
68.550 ,319,744.3 
68.553 ,320,736.2 
68.557 ,321,729.0 
68.560 ,322,733.9 
68.563 ,323,737.7 
68.567 ,324,734.2 
68.570 ,325,733.6 
68.573 ,326,727.6 
68.577 ,327,731.5 
68.580 ,328,726.7 
68.583 ,329,729.6 
68.587 ,330,730.3 
68.590 ,331,731.8 
68.593 ,332,726.6 
68.597 ,333,716.5 
68.600 ,334,715.8 
68.603 ,335,728.1 
68.607 ,336,734.2 
68.610 ,337,730.3 
68.613 ,338,720.0 
68.617 ,339,720.2 
68.620 ,340,716.2 
68.623 ,341,715.1 
68.627 ,342,722.9 
68.630 ,343,724.5 
68.633 ,344,716.6 
68.637 ,345,726.3 
68.640 ,346,725.8 
68.643 ,347,721.7 
68.647 ,348,722.0 
68.650 ,349,714.8 
68.653 ,350,716.8 
68.657 ,351,729.3 
68.660 ,352,716.5 
68.663 ,353,725.6 
68.667 ,354,733.7 
68.670 ,355,738.1 
68.673 ,356,734.2 
68.677 ,357,737.5 
68.680 ,358,721.4 
68.683 ,359,726.4 
68.687 ,360,719.4 
68.690 ,361,705.0 
,,
68.700 ,367,734.2 
68.703 ,368,726.4 
68.707 ,369,727.7 
68.710 ,370,729.8 
68.713 ,371,729.1 
68.717 ,372,726.4 
68.720 ,373,732.8 
68.723 ,374,735.0 
68.727 ,375,729.1 
68.730 ,376,740.6 
68.733 ,377,732.0 
68.737 ,378,724.8 
68.740 ,379,725.9 
68.743 ,380,724.7 
68.747 ,381,717.3 
68.750 ,382,723.8 
68.753 ,383,716.0 
68.757 ,384,714.9 
68.760 ,385,723.2 
68.763 ,386,722.7 
68.767 ,387,730.5 
68.770 ,388,728.7 
68.773 ,389,735.8 
68.777 ,390,733.9 
68.780 ,391,728.6 
68.783 ,392,727.2 
68.787 ,393,724.2 
68.790 ,394,727.3 
68.793 ,395,734.2 
68.797 ,396,727.7 
68.800 ,397,729.5 
68.803 ,398,730.4 
68.807 ,399,731.6 
68.810 ,400,726.2 
68.813 ,401,729.1 
68.817 ,402,729.5 
68.820 ,403,731.4 
68.823 ,404,732.3 
68.827 ,405,726.4 
68.830 ,406,729.5 
68.833 ,407,727.3 
68.837 ,408,735.0 
68.840 ,409,735.2 
68.843 ,410,736.6 
68.847 ,411,733.1 
68.850 ,412,725.8 
68.853 ,413,724.7 
68.857 ,414,718.3 
68.860 ,415,718.5 
68.863 ,416,712.7 
68.867 ,417,713.1 
68.870 ,418,710.8 
68.873 ,419,707.5 
68.877 ,420,704.6 
68.880 ,421,717.5 
68.883 ,422,730.6 
68.887 ,423,732.8 
68.890 ,424,724.9 
68.893 ,425,722.9 
68.897 ,426,723.1 
68.900 ,427,727.9 
68.903 ,428,727.0 
68.907 ,429,736.3 
68.910 ,430,735.5 
68.913 ,431,736.3 
68.917 ,432,729.9 
68.920 ,433,733.3 
68.923 ,434,743.5 
68.927 ,435,738.7 
68.930 ,436,729.9 
68.933 ,437,728.7 
68.937 ,438,731.4 
68.940 ,439,722.4 
68.943 ,440,732.1 
68.947 ,441,724.9 
68.950 ,442,718.1 
68.953 ,443,709.6 
68.957 ,444,704.6 
68.960 ,445,713.4 
68.963 ,446,707.7 
68.967 ,447,709.2 
68.970 ,448,712.8 
68.973 ,449,706.3 
68.977 ,450,713.7 
68.980 ,451,716.5 
68.983 ,452,714.8 
68.987 ,453,711.4 
68.990 ,454,720.4 
68.993 ,455,721.3 
68.997 ,456,732.8 
69.000 ,457,732.4 
69.003 ,458,731.9 
69.007 ,459,737.6 
69.010 ,460,729.5 
69.013 ,461,734.9 
69.017 ,462,725.9 
69.020 ,463,719.3 
69.023 ,464,733.6 
69.027 ,465,731.7 
69.030 ,466,725.4 
69.033 ,467,728.3 
69.037 ,468,719.1 
69.040 ,469,715.8 
69.043 ,470,712.1 
69.047 ,471,718.7 
69.050 ,472,716.5 
69.053 ,473,726.3 
69.057 ,474,723.3 
69.060 ,475,722.5 
,,
69.073 ,482,722.8 
69.077 ,483,716.6 
69.080 ,484,719.4 
69.083 ,485,714.9 
69.087 ,486,717.5 
69.090 ,487,713.6 
69.093 ,488,713.8 
69.097 ,489,710.7 
69.100 ,490,713.4 
69.103 ,491,712.0 
69.107 ,492,712.1 
69.110 ,493,721.2 
69.113 ,494,720.3 
,,
69.135 ,11,709.0 
69.138 ,12,705.6 
69.142 ,13,706.4 
69.145 ,14,704.9 
69.148 ,15,700.2 
69.152 ,16,712.4 
69.155 ,17,694.2 
69.158 ,18,699.6 
69.162 ,19,704.2 
69.165 ,20,707.1 
69.168 ,21,712.1 
69.172 ,22,707.2 
69.175 ,23,715.4 
69.178 ,24,712.3 
69.182 ,25,727.5 
69.185 ,26,727.8 
69.188 ,27,727.9 
69.192 ,28,729.9 
69.195 ,29,722.4 
69.198 ,30,718.9 
69.202 ,31,714.9 
69.205 ,32,715.8 
69.208 ,33,714.6 
69.212 ,34,718.7 
69.215 ,35,707.2 
69.218 ,36,711.5 
69.222 ,37,705.1 
69.225 ,38,714.6 
69.228 ,39,711.1 
69.232 ,40,714.1 
69.235 ,41,711.1 
69.238 ,42,712.7 
69.242 ,43,718.5 
69.245 ,44,719.2 
69.248 ,45,717.9 
69.252 ,46,721.4 
69.255 ,47,715.9 
69.258 ,48,719.6 
69.262 ,49,721.6 
69.265 ,50,720.7 
69.268 ,51,734.3 
69.272 ,52,739.4 
69.275 ,53,737.9 
69.278 ,54,741.9 
69.282 ,55,743.0 
69.285 ,56,747.1 
69.288 ,57,739.7 
69.292 ,58,735.1 
69.295 ,59,728.3 
69.298 ,60,731.3 
69.302 ,61,733.0 
69.305 ,62,738.4 
69.308 ,63,731.3 
69.312 ,64,731.1 
69.315 ,65,738.6 
69.318 ,66,736.9 
69.322 ,67,726.4 
69.325 ,68,738.7 
69.328 ,69,749.2 
69.332 ,70,745.5 
69.335 ,71,746.3 
69.338 ,72,736.5 
69.342 ,73,734.1 
69.345 ,74,726.7 
69.348 ,75,725.9 
69.352 ,76,724.8 
69.355 ,77,717.2 
69.358 ,78,728.8 
69.362 ,79,721.1 
69.365 ,80,725.1 
69.368 ,81,734.3 
69.372 ,82,720.8 
69.375 ,83,730.7 
69.378 ,84,723.4 
69.382 ,85,734.0 
69.385 ,86,732.8 
69.388 ,87,731.9 
69.392 ,88,726.7 
69.395 ,89,728.7 
69.398 ,90,734.3 
69.402 ,91,738.8 
69.405 ,92,739.4 
69.408 ,93,732.1 
69.412 ,94,724.6 
69.415 ,95,737.2 
69.418 ,96,736.4 
69.422 ,97,742.6 
69.425 ,98,748.4 
69.428 ,99,726.6 
69.432 ,100,726.3 
69.435 ,101,722.6 
69.438 ,102,726.5 
69.442 ,103,733.7 
69.445 ,104,743.6 
69.448 ,105,741.7 
69.452 ,106,749.9 
69.455 ,107,740.2 
69.458 ,108,742.3 
69.462 ,109,749.3 
69.465 ,110,741.1 
69.468 ,111,750.2 
69.472 ,112,750.2 
69.475 ,113,743.6 
69.478 ,114,751.2 
69.482 ,115,748.0 
69.485 ,116,743.1 
69.488 ,117,753.4 
69.492 ,118,742.7 
69.495 ,119,736.5 
69.498 ,120,742.3 
69.502 ,121,740.8 
69.505 ,122,736.6 
69.508 ,123,740.2 
69.512 ,124,744.1 
69.515 ,125,730.9 
69.518 ,126,736.9 
69.522 ,127,731.0 
69.525 ,128,720.6 
69.528 ,129,725.1 
69.532 ,130,744.1 
69.535 ,131,736.8 
69.538 ,132,751.0 
69.542 ,133,746.6 
69.545 ,134,747.2 
69.548 ,135,745.2 
69.552 ,136,745.4 
69.555 ,137,740.8 
69.558 ,138,735.6 
69.562 ,139,737.5 
69.565 ,140,722.2 
69.568 ,141,733.5 
69.572 ,142,727.1 
69.575 ,143,726.9 
69.578 ,144,727.8 
69.582 ,145,726.4 
69.585 ,146,737.1 
69.588 ,147,728.3 
69.592 ,148,728.7 
69.595 ,149,730.0 
69.598 ,150,730.3 
69.602 ,151,728.8 
,,
69.629 ,159,736.0 
69.633 ,160,735.3 
69.636 ,161,739.2 
69.639 ,162,736.3 
69.643 ,163,738.7 
69.646 ,164,738.0 
69.649 ,165,742.9 
69.653 ,166,739.9 
69.656 ,167,741.3 
69.659 ,168,742.4 
69.663 ,169,735.3 
69.666 ,170,742.4 
69.669 ,171,742.4 
69.673 ,172,733.5 
69.676 ,173,737.6 
69.679 ,174,742.1 
69.683 ,175,749.9 
69.686 ,176,738.3 
69.689 ,177,733.6 
69.693 ,178,733.0 
69.696 ,179,733.6 
69.699 ,180,734.0 
69.703 ,181,732.2 
69.706 ,182,729.7 
69.709 ,183,738.4 
69.713 ,184,737.4 
69.716 ,185,744.5 
69.719 ,186,729.1 
69.723 ,187,738.4 
69.726 ,188,733.8 
69.729 ,189,737.7 
69.733 ,190,733.5 
69.736 ,191,731.7 
69.739 ,192,739.0 
69.743 ,193,728.8 
69.746 ,194,740.2 
69.749 ,195,738.4 
69.753 ,196,730.5 
69.756 ,197,743.7 
69.759 ,198,742.5 
69.763 ,199,734.4 
69.766 ,200,729.7 
69.769 ,201,725.7 
69.773 ,202,729.9 
69.776 ,203,734.1 
69.779 ,204,720.8 
69.783 ,205,728.2 
69.786 ,206,720.6 
69.789 ,207,725.2 
69.793 ,208,722.0 
69.796 ,209,733.1 
69.799 ,210,729.5 
69.803 ,211,727.6 
69.806 ,212,724.1 
69.809 ,213,735.1 
69.813 ,214,721.6 
69.816 ,215,731.1 
69.819 ,216,732.3 
69.823 ,217,742.3 
69.826 ,218,732.9 
69.829 ,219,746.1 
69.833 ,220,745.9 
69.836 ,221,728.8 
69.839 ,222,724.4 
69.843 ,223,723.3 
69.846 ,224,721.5 
69.849 ,225,729.2 
69.853 ,226,730.0 
69.856 ,227,727.6 
69.859 ,228,720.3 
69.863 ,229,722.1 
69.866 ,230,724.0 
69.869 ,231,722.1 
69.873 ,232,740.6 
69.876 ,233,738.1 
69.879 ,234,733.7 
69.883 ,235,721.7 
69.886 ,236,730.7 
69.889 ,237,733.1 
69.893 ,238,728.1 
69.896 ,239,731.9 
69.899 ,240,729.1 
69.903 ,241,728.5 
69.906 ,242,726.5 
69.909 ,243,723.6 
69.913 ,244,723.6 
69.916 ,245,723.1 
69.919 ,246,717.5 
69.923 ,247,717.2 
69.926 ,248,722.0 
69.929 ,249,729.8 
69.933 ,250,726.2 
69.936 ,251,734.9 
69.939 ,252,726.8 
69.943 ,253,730.5 
69.946 ,254,718.3 
69.949 ,255,731.3 
69.953 ,256,734.6 
69.956 ,257,730.0 
69.959 ,258,730.7 
69.963 ,259,722.7 
69.966 ,260,730.3 
69.969 ,261,729.3 
69.973 ,262,739.3 
69.976 ,263,729.8 
69.979 ,264,735.6 
69.983 ,265,731.0 
69.986 ,266,730.3 
69.989 ,267,729.8 
69.993 ,268,731.7 
69.996 ,269,735.3 
69.999 ,270,736.2 
70.003 ,271,733.1 
70.006 ,272,729.2 
70.009 ,273,728.6 
70.013 ,274,727.9 
70.016 ,275,741.6 
70.019 ,276,737.0 
70.023 ,277,726.3 
70.026 ,278,731.4 
70.029 ,279,731.3 
70.033 ,280,739.0 
70.036 ,281,731.9 
70.039 ,282,732.8 
70.043 ,283,728.1 
70.046 ,284,725.4 
70.049 ,285,724.4 
70.053 ,286,726.9 
70.056 ,287,726.7 
,,
70.067 ,13,723.1 
70.070 ,14,728.0 
70.073 ,15,721.0 
70.077 ,16,717.4 
70.080 ,17,725.8 
70.083 ,18,715.9 
70.087 ,19,724.9 
70.090 ,20,723.9 
70.093 ,21,718.8 
70.097 ,22,719.4 
70.100 ,23,717.7 
70.103 ,24,724.6 
70.107 ,25,727.8 
70.110 ,26,732.2 
70.113 ,27,730.6 
70.117 ,28,741.6 
70.120 ,29,730.4 
70.123 ,30,729.6 
70.127 ,31,722.0 
70.130 ,32,738.8 
70.133 ,33,732.4 
70.137 ,34,717.4 
70.140 ,35,735.7 
70.143 ,36,730.7 
70.147 ,37,721.3 
70.150 ,38,716.3 
70.153 ,39,715.3 
70.157 ,40,719.5 
70.160 ,41,711.1 
70.163 ,42,720.5 
70.167 ,43,727.2 
70.170 ,44,726.2 
70.173 ,45,723.2 
70.177 ,46,720.0 
70.180 ,47,723.3 
70.183 ,48,732.5 
70.187 ,49,734.6 
70.190 ,50,739.7 
70.193 ,51,739.8 
70.197 ,52,739.6 
70.200 ,53,747.4 
70.203 ,54,743.9 
70.207 ,55,745.8 
70.210 ,56,734.0 
70.213 ,57,729.2 
70.217 ,58,735.5 
70.220 ,59,734.2 
70.223 ,60,726.5 
70.227 ,61,724.2 
70.230 ,62,720.9 
70.233 ,63,736.8 
70.237 ,64,736.7 
70.240 ,65,730.0 
70.243 ,66,727.0 
70.247 ,67,719.3 
70.250 ,68,723.3 
70.253 ,69,717.3 
70.257 ,70,714.3 
70.260 ,71,719.0 
70.263 ,72,725.9 
70.267 ,73,730.6 
70.270 ,74,755.1 
70.273 ,75,741.8 
70.277 ,76,737.4 
70.280 ,77,736.1 
70.283 ,78,739.5 
70.287 ,79,734.7 
70.290 ,80,728.1 
70.293 ,81,735.7 
70.297 ,82,732.0 
70.300 ,83,727.6 
70.303 ,84,734.3 
70.307 ,85,730.7 
70.310 ,86,728.7 
70.313 ,87,723.9 
70.317 ,88,714.5 
70.320 ,89,724.7 
70.323 ,90,727.5 
70.327 ,91,733.0 
70.330 ,92,717.4 
70.333 ,93,721.1 
70.337 ,94,731.7 
70.340 ,95,718.3 
70.343 ,96,727.9 
70.347 ,97,738.0 
70.350 ,98,732.4 
70.353 ,99,747.2 
70.357 ,100,747.4 
70.360 ,101,742.2 
70.363 ,102,749.6 
70.367 ,103,740.7 
70.370 ,104,743.7 
70.373 ,105,731.7 
70.377 ,106,726.6 
70.380 ,107,730.7 
70.383 ,108,727.6 
70.387 ,109,724.0 
70.390 ,110,719.4 
70.393 ,111,723.2 
70.397 ,112,731.3 
70.400 ,113,726.1 
70.403 ,114,730.5 
70.407 ,115,729.4 
70.410 ,116,732.9 
70.413 ,117,727.7 
70.417 ,118,725.1 
70.420 ,119,723.7 
70.423 ,120,713.9 
70.427 ,121,709.8 
70.430 ,122,717.2 
70.433 ,123,733.4 
70.437 ,124,728.3 
70.440 ,125,727.5 
70.443 ,126,721.0 
70.447 ,127,725.4 
70.450 ,128,730.7 
70.453 ,129,725.9 
70.457 ,130,728.3 
70.460 ,131,727.3 
70.463 ,132,726.8 
70.467 ,133,727.5 
70.470 ,134,730.9 
70.473 ,135,737.0 
70.477 ,136,731.6 
70.480 ,137,731.8 
70.483 ,138,733.8 
70.487 ,139,738.1 
70.490 ,140,745.6 
70.493 ,141,740.2 
70.497 ,142,742.3 
70.500 ,143,741.6 
70.503 ,144,739.4 
70.507 ,145,734.5 
70.510 ,146,718.6 
70.513 ,147,734.3 
70.517 ,148,734.3 
70.520 ,149,737.9 
70.523 ,150,737.1 
70.527 ,151,740.0 
70.530 ,152,735.6 
70.533 ,153,738.3 
70.537 ,154,722.6 
70.540 ,155,742.9 
70.543 ,156,730.1 
70.547 ,157,746.3 
70.550 ,158,729.0 
70.553 ,159,717.6 
,,
70.563 ,165,727.5 
70.567 ,166,734.2 
70.570 ,167,731.9 
70.573 ,168,734.8 
70.577 ,169,722.6 
70.580 ,170,736.5 
70.583 ,171,736.4 
70.587 ,172,729.6 
70.590 ,173,733.2 
70.593 ,174,723.0 
70.597 ,175,726.5 
70.600 ,176,719.8 
70.603 ,177,722.5 
70.607 ,178,723.7 
70.610 ,179,722.2 
70.613 ,180,725.4 
70.617 ,181,734.7 
70.620 ,182,725.8 
70.623 ,183,727.0 
70.627 ,184,728.9 
70.630 ,185,736.3 
70.633 ,186,726.8 
70.637 ,187,732.8 
70.640 ,188,740.4 
70.643 ,189,733.1 
70.647 ,190,736.8 
70.650 ,191,733.2 
70.653 ,192,726.4 
70.657 ,193,739.2 
70.660 ,194,737.5 
70.663 ,195,731.5 
70.667 ,196,742.9 
70.670 ,197,729.4 
70.673 ,198,722.6 
70.677 ,199,729.8 
70.680 ,200,733.5 
70.683 ,201,730.2 
70.687 ,202,724.5 
70.690 ,203,724.9 
70.693 ,204,731.4 
70.697 ,205,726.2 
70.700 ,206,724.1 
70.703 ,207,731.9 
70.707 ,208,720.7 
70.710 ,209,723.6 
70.713 ,210,727.4 
70.717 ,211,730.0 
70.720 ,212,724.0 
70.723 ,213,725.9 
70.727 ,214,729.5 
70.730 ,215,732.3 
70.733 ,216,738.0 
70.737 ,217,745.4 
70.740 ,218,753.6 
70.743 ,219,737.8 
70.747 ,220,746.9 
70.750 ,221,741.9 
70.753 ,222,746.4 
70.757 ,223,741.9 
70.760 ,224,742.9 
70.763 ,225,742.5 
70.767 ,226,731.6 
70.770 ,227,748.8 
70.773 ,228,745.4 
70.777 ,229,741.6 
70.780 ,230,745.9 
70.783 ,231,745.9 
70.787 ,232,739.8 
70.790 ,233,751.8 
70.793 ,234,756.2 
70.797 ,235,741.1 
70.800 ,236,739.0 
70.803 ,237,736.9 
70.807 ,238,734.9 
70.810 ,239,732.9 
70.813 ,240,737.0 
70.817 ,241,738.1 
70.820 ,242,738.4 
70.823 ,243,737.3 
70.827 ,244,741.6 
70.830 ,245,740.7 
70.833 ,246,746.2 
70.837 ,247,737.3 
70.840 ,248,740.8 
70.843 ,249,740.5 
70.847 ,250,737.1 
70.850 ,251,743.9 
70.853 ,252,738.5 
70.857 ,253,742.4 
70.860 ,254,740.7 
70.863 ,255,742.8 
70.867 ,256,733.3 
70.870 ,257,746.7 
70.873 ,258,736.3 
70.877 ,259,731.1 
70.880 ,260,745.5 
70.883 ,261,734.6 
70.887 ,262,731.8 
70.890 ,263,738.4 
70.893 ,264,719.1 
70.897 ,265,730.7 
70.900 ,266,717.9 
70.903 ,267,721.7 
70.907 ,268,734.0 
70.910 ,269,731.3 
70.913 ,270,741.6 
70.917 ,271,737.1 
70.920 ,272,740.8 
70.923 ,273,740.3 
70.927 ,274,737.2 
70.930 ,275,738.7 
70.933 ,276,745.9 
70.937 ,277,747.5 
70.940 ,278,743.9 
70.943 ,279,751.3 
70.947 ,280,741.3 
70.950 ,281,733.3 
70.953 ,282,743.2 
70.957 ,283,733.4 
70.960 ,284,742.2 
70.963 ,285,733.8 
70.967 ,286,726.8 
70.970 ,287,728.1 
70.973 ,288,735.3 
70.977 ,289,727.9 
70.980 ,290,727.1 
70.983 ,291,731.9 
70.987 ,292,731.9 
70.990 ,293,742.4 
70.993 ,294,740.7 
70.997 ,295,738.4 
71.000 ,296,745.1 
71.003 ,297,727.5 
71.007 ,298,732.0 
71.010 ,299,736.2 
71.013 ,300,728.4 
71.017 ,301,729.8 
71.020 ,302,716.8 
71.023 ,303,716.9 
71.027 ,304,716.8 
71.030 ,305,740.2 
71.033 ,306,728.9 
71.037 ,307,739.2 
71.040 ,308,743.2 
71.043 ,309,741.4 
71.047 ,310,741.1 
71.050 ,311,740.8 
71.053 ,312,750.8 
71.057 ,313,737.1 
71.060 ,314,738.8 
71.063 ,315,738.8 
71.067 ,316,734.1 
71.070 ,317,736.9 
,,
71.090 ,323,716.2 
71.093 ,324,724.3 
71.097 ,325,714.8 
71.100 ,326,713.1 
71.103 ,327,728.8 
71.107 ,328,738.7 
71.110 ,329,737.4 
71.113 ,330,728.7 
71.117 ,331,745.7 
71.120 ,332,731.8 
71.123 ,333,724.9 
71.127 ,334,723.4 
71.130 ,335,715.6 
71.133 ,336,711.3 
71.137 ,337,726.8 
71.140 ,338,718.1 
71.143 ,339,715.3 
71.147 ,340,721.4 
71.150 ,341,723.5 
71.153 ,342,719.1 
71.157 ,343,738.8 
71.160 ,344,737.5 
71.163 ,345,746.4 
71.167 ,346,742.9 
71.170 ,347,754.2 
71.173 ,348,748.9 
71.177 ,349,737.3 
71.180 ,350,744.5 
71.183 ,351,750.0 
71.187 ,352,742.0 
71.190 ,353,748.4 
71.193 ,354,745.4 
71.197 ,355,751.4 
71.200 ,356,749.0 
71.203 ,357,742.4 
71.207 ,358,749.7 
71.210 ,359,741.1 
71.213 ,360,749.0 
71.217 ,361,744.8 
71.220 ,362,736.1 
71.223 ,363,736.9 
71.227 ,364,743.7 
71.230 ,365,745.2 
71.233 ,366,744.3 
71.237 ,367,747.2 
71.240 ,368,741.9 
71.243 ,369,736.8 
71.247 ,370,747.8 
71.250 ,371,737.9 
71.253 ,372,747.2 
71.257 ,373,745.9 
71.260 ,374,739.0 
71.263 ,375,742.8 
71.267 ,376,746.4 
71.270 ,377,740.1 
71.273 ,378,748.0 
71.277 ,379,751.1 
71.280 ,380,739.4 
71.283 ,381,739.8 
71.287 ,382,738.9 
71.290 ,383,736.4 
71.293 ,384,739.3 
71.297 ,385,744.0 
71.300 ,386,744.2 
71.303 ,387,743.7 
71.307 ,388,750.4 
71.310 ,389,744.5 
71.313 ,390,745.9 
71.317 ,391,744.9 
71.320 ,392,753.8 
71.323 ,393,740.7 
71.327 ,394,747.2 
71.330 ,395,735.5 
71.333 ,396,731.0 
71.337 ,397,727.2 
71.340 ,398,731.2 
71.343 ,399,741.0 
71.347 ,400,746.3 
71.350 ,401,757.3 
71.353 ,402,748.8 
71.357 ,403,754.1 
71.360 ,404,757.1 
71.363 ,405,751.6 
71.367 ,406,742.2 
71.370 ,407,737.1 
71.373 ,408,737.2 
71.377 ,409,738.8 
71.380 ,410,733.2 
71.383 ,411,742.4 
71.387 ,412,742.1 
71.390 ,413,738.1 
71.393 ,414,750.3 
71.397 ,415,749.8 
71.400 ,416,749.6 
71.403 ,417,747.6 
71.407 ,418,747.8 
71.410 ,419,746.2 
71.413 ,420,745.1 
71.417 ,421,744.7 
71.420 ,422,746.2 
71.423 ,423,735.5 
71.427 ,424,746.5 
71.430 ,425,741.4 
71.433 ,426,748.1 
71.437 ,427,744.6 
71.440 ,428,740.1 
71.443 ,429,741.5 
71.447 ,430,743.7 
71.450 ,431,742.8 
71.453 ,432,749.4 
71.457 ,433,739.0 
71.460 ,434,738.9 
71.463 ,435,748.5 
,,
71.478 ,3,730.8 
71.482 ,4,733.1 
71.485 ,5,731.1 
71.488 ,6,747.1 
71.492 ,7,730.2 
71.495 ,8,721.7 
71.498 ,9,725.1 
71.502 ,10,718.9 
71.505 ,11,724.2 
71.508 ,12,713.7 
71.512 ,13,726.6 
71.515 ,14,721.8 
71.518 ,15,714.0 
71.522 ,16,718.9 
71.525 ,17,728.2 
71.528 ,18,734.5 
71.532 ,19,731.9 
71.535 ,20,727.4 
71.538 ,21,721.8 
71.542 ,22,717.8 
71.545 ,23,708.1 
71.548 ,24,725.0 
71.552 ,25,729.9 
71.555 ,26,735.5 
71.558 ,27,739.6 
71.562 ,28,729.3 
71.565 ,29,723.9 
71.568 ,30,719.6 
71.572 ,31,724.5 
71.575 ,32,718.7 
71.578 ,33,724.8 
71.582 ,34,725.6 
71.585 ,35,736.7 
71.588 ,36,733.9 
71.592 ,37,725.8 
71.595 ,38,723.2 
71.598 ,39,726.8 
71.602 ,40,729.0 
71.605 ,41,726.0 
71.608 ,42,725.2 
71.612 ,43,723.6 
71.615 ,44,726.1 
71.618 ,45,730.8 
71.622 ,46,730.1 
71.625 ,47,720.6 
71.628 ,48,748.5 
71.632 ,49,733.9 
71.635 ,50,735.5 
71.638 ,51,737.5 
71.642 ,52,739.7 
71.645 ,53,742.5 
71.648 ,54,734.5 
71.652 ,55,747.5 
71.655 ,56,738.3 
71.658 ,57,746.3 
71.662 ,58,730.0 
71.665 ,59,733.4 
71.668 ,60,738.8 
71.672 ,61,739.7 
71.675 ,62,735.3 
71.678 ,63,741.9 
71.682 ,64,737.8 
71.685 ,65,737.6 
71.688 ,66,743.5 
71.692 ,67,732.4 
71.695 ,68,733.8 
71.698 ,69,735.2 
71.702 ,70,743.7 
71.705 ,71,737.8 
71.708 ,72,739.1 
71.712 ,73,729.2 
71.715 ,74,731.7 
71.718 ,75,739.6 
71.722 ,76,750.4 
71.725 ,77,743.2 
71.728 ,78,746.2 
71.732 ,79,735.1 
71.735 ,80,749.6 
71.738 ,81,733.2 
71.742 ,82,744.3 
71.745 ,83,736.9 
71.748 ,84,729.5 
71.752 ,85,729.0 
71.755 ,86,731.8 
71.758 ,87,724.5 
71.762 ,88,727.8 
71.765 ,89,733.1 
71.768 ,90,730.4 
71.772 ,91,736.9 
71.775 ,92,719.9 
71.778 ,93,731.5 
71.782 ,94,734.7 
71.785 ,95,750.5 
71.788 ,96,746.2 
71.792 ,97,742.9 
71.795 ,98,750.3 
71.798 ,99,745.8 
71.802 ,100,740.4 
71.805 ,101,737.1 
71.808 ,102,734.0 
71.812 ,103,743.3 
71.815 ,104,721.1 
71.818 ,105,713.0 
71.822 ,106,716.1 
71.825 ,107,722.2 
71.828 ,108,717.9 
71.832 ,109,714.4 
71.835 ,110,709.2 
71.838 ,111,729.8 
71.842 ,112,733.8 
71.845 ,113,732.0 
71.848 ,114,731.2 
71.852 ,115,739.3 
71.855 ,116,733.8 
71.858 ,117,736.0 
71.862 ,118,731.9 
71.865 ,119,729.9 
71.868 ,120,740.4 
71.872 ,121,739.8 
71.875 ,122,734.0 
71.878 ,123,746.9 
71.882 ,124,742.7 
71.885 ,125,736.0 
71.888 ,126,733.7 
71.892 ,127,743.9 
71.895 ,128,750.3 
71.898 ,129,745.5 
71.902 ,130,742.4 
71.905 ,131,738.0 
71.908 ,132,732.1 
71.912 ,133,755.2 
71.915 ,134,747.8 
71.918 ,135,741.3 
71.922 ,136,737.8 
71.925 ,137,737.9 
71.928 ,138,733.7 
71.932 ,139,730.8 
71.935 ,140,743.2 
71.938 ,141,741.6 
71.942 ,142,734.9 
71.945 ,143,752.1 
71.948 ,144,739.8 
71.952 ,145,735.0 
71.955 ,146,732.6 
,,
71.978 ,154,729.3 
71.982 ,155,722.6 
71.985 ,156,721.7 
71.988 ,157,724.7 
71.992 ,158,733.5 
71.995 ,159,722.8 
71.998 ,160,720.8 
72.002 ,161,723.2 
72.005 ,162,733.2 
72.008 ,163,720.3 
72.012 ,164,727.0 
72.015 ,165,730.5 
72.018 ,166,731.7 
72.022 ,167,722.8 
72.025 ,168,725.3 
72.028 ,169,725.3 
72.032 ,170,721.8 
72.035 ,171,729.6 
72.038 ,172,725.5 
72.042 ,173,730.8 
72.045 ,174,725.1 
72.048 ,175,734.7 
72.052 ,176,733.0 
72.055 ,177,724.0 
72.058 ,178,736.4 
72.062 ,179,732.8 
72.065 ,180,730.3 
72.068 ,181,728.7 
72.072 ,182,733.5 
72.075 ,183,728.6 
72.078 ,184,733.7 
72.082 ,185,738.2 
72.085 ,186,743.3 
72.088 ,187,747.0 
72.092 ,188,739.9 
72.095 ,189,741.8 
72.098 ,190,752.2 
72.102 ,191,739.4 
72.105 ,192,739.7 
72.108 ,193,732.0 
72.112 ,194,733.7 
72.115 ,195,737.1 
72.118 ,196,742.3 
72.122 ,197,737.6 
72.125 ,198,743.3 
72.128 ,199,743.3 
72.132 ,200,744.7 
72.135 ,201,737.9 
72.138 ,202,746.1 
72.142 ,203,734.1 
72.145 ,204,728.1 
72.148 ,205,728.0 
72.152 ,206,730.2 
72.155 ,207,743.1 
72.158 ,208,737.1 
72.162 ,209,726.2 
72.165 ,210,732.6 
72.168 ,211,727.8 
72.172 ,212,732.9 
72.175 ,213,730.7 
72.178 ,214,737.6 
72.182 ,215,735.9 
72.185 ,216,723.8 
72.188 ,217,731.7 
72.192 ,218,735.8 
72.195 ,219,735.5 
72.198 ,220,729.1 
72.202 ,221,725.2 
72.205 ,222,727.7 
72.208 ,223,724.5 
72.212 ,224,726.4 
72.215 ,225,724.2 
72.218 ,226,747.5 
72.222 ,227,744.1 
72.225 ,228,746.3 
72.228 ,229,749.1 
72.232 ,230,734.1 
72.235 ,231,730.8 
72.238 ,232,729.0 
72.242 ,233,728.9 
72.245 ,234,729.8 
72.248 ,235,739.6 
72.252 ,236,757.1 
72.255 ,237,740.8 
72.258 ,238,741.7 
72.262 ,239,728.6 
72.265 ,240,732.1 
72.268 ,241,744.4 
72.272 ,242,736.6 
72.275 ,243,740.5 
72.278 ,244,744.5 
72.282 ,245,743.4 
72.285 ,246,747.7 
72.288 ,247,741.4 
72.292 ,248,742.7 
72.295 ,249,736.8 
72.298 ,250,738.9 
72.302 ,251,743.1 
72.305 ,252,749.4 
72.308 ,253,749.9 
72.312 ,254,755.1 
72.315 ,255,743.1 
72.318 ,256,749.3 
72.322 ,257,752.0 
72.325 ,258,748.2 
72.328 ,259,740.8 
72.332 ,260,752.0 
72.335 ,261,732.7 
72.338 ,262,752.7 
72.342 ,263,746.9 
72.345 ,264,746.5 
72.348 ,265,730.4 
72.352 ,266,736.6 
72.355 ,267,732.9 
72.358 ,268,738.7 
72.362 ,269,734.9 
72.365 ,270,736.0 
72.368 ,271,744.1 
72.372 ,272,733.1 
72.375 ,273,741.3 
72.378 ,274,737.4 
72.382 ,275,746.5 
72.385 ,276,749.7 
72.388 ,277,745.2 
72.392 ,278,746.4 
72.395 ,279,760.7 
72.398 ,280,736.5 
72.402 ,281,736.7 
72.405 ,282,735.7 
72.408 ,283,719.8 
,,
72.438 ,294,720.6 
72.442 ,295,726.8 
72.445 ,296,715.3 
72.448 ,297,729.2 
72.452 ,298,728.0 
72.455 ,299,726.3 
72.458 ,300,733.0 
72.462 ,301,727.9 
72.465 ,302,734.8 
72.468 ,303,732.0 
72.472 ,304,734.5 
72.475 ,305,741.2 
72.478 ,306,736.0 
72.482 ,307,731.7 
72.485 ,308,732.7 
72.488 ,309,731.5 
72.492 ,310,731.7 
72.495 ,311,743.0 
72.498 ,312,748.4 
72.502 ,313,732.0 
72.505 ,314,745.1 
72.508 ,315,749.4 
72.512 ,316,742.2 
72.515 ,317,733.3 
72.518 ,318,741.9 
72.522 ,319,724.8 
72.525 ,320,726.3 
72.528 ,321,728.6 
72.532 ,322,723.4 
72.535 ,323,720.5 
72.538 ,324,712.0 
72.542 ,325,718.7 
72.545 ,326,729.3 
72.548 ,327,726.7 
72.552 ,328,712.9 
72.555 ,329,727.4 
72.558 ,330,739.0 
72.562 ,331,741.1 
72.565 ,332,744.6 
72.568 ,333,746.5 
72.572 ,334,753.5 
72.575 ,335,753.0 
72.578 ,336,755.1 
72.582 ,337,741.5 
72.585 ,338,749.1 
72.588 ,339,749.6 
72.592 ,340,746.0 
72.595 ,341,759.2 
72.598 ,342,751.9 
72.602 ,343,759.9 
72.605 ,344,754.5 
72.608 ,345,751.8 
72.612 ,346,743.8 
72.615 ,347,747.2 
72.618 ,348,755.3 
72.622 ,349,750.7 
72.625 ,350,744.1 
72.628 ,351,735.5 
72.632 ,352,729.2 
72.635 ,353,728.1 
72.638 ,354,737.4 
72.642 ,355,746.1 
72.645 ,356,762.3 
72.648 ,357,767.1 
72.652 ,358,767.2 
72.655 ,359,755.8 
72.658 ,360,761.7 
72.662 ,361,753.5 
72.665 ,362,754.2 
72.668 ,363,756.0 
72.672 ,364,753.7 
72.675 ,365,754.0 
72.678 ,366,753.0 
72.682 ,367,743.5 
72.685 ,368,734.1 
72.688 ,369,740.7 
72.692 ,370,748.8 
72.695 ,371,754.3 
72.698 ,372,753.5 
72.702 ,373,753.3 
72.705 ,374,752.7 
72.708 ,375,756.1 
72.712 ,376,761.3 
72.715 ,377,753.2 
72.718 ,378,749.4 
72.722 ,379,751.8 
72.725 ,380,751.3 
72.728 ,381,763.7 
72.732 ,382,757.5 
72.735 ,383,767.0 
72.738 ,384,760.8 
72.742 ,385,762.8 
72.745 ,386,755.2 
72.748 ,387,756.6 
72.752 ,388,754.3 
72.755 ,389,747.9 
72.758 ,390,744.9 
72.762 ,391,743.0 
72.765 ,392,750.6 
72.768 ,393,751.2 
72.772 ,394,753.2 
72.775 ,395,752.5 
72.778 ,396,758.3 
72.782 ,397,766.8 
72.785 ,398,753.8 
72.788 ,399,761.2 
72.792 ,400,763.6 
72.795 ,401,769.3 
72.798 ,402,760.0 
72.802 ,403,758.2 
72.805 ,404,763.6 
72.808 ,405,754.9 
72.812 ,406,750.1 
72.815 ,407,753.8 
72.818 ,408,749.4 
72.822 ,409,764.0 
72.825 ,410,750.1 
72.828 ,411,756.4 
72.832 ,412,755.0 
72.835 ,413,752.6 
72.838 ,414,748.3 
72.842 ,415,743.9 
72.845 ,416,749.6 
72.848 ,417,760.9 
72.852 ,418,755.1 
72.855 ,419,762.9 
72.858 ,420,749.7 
72.862 ,421,744.3 
72.865 ,422,745.4 
72.868 ,423,739.7 
72.872 ,424,745.2 
72.875 ,425,748.3 
72.878 ,426,751.5 
72.882 ,427,754.9 
72.885 ,428,747.4 
72.888 ,429,740.9 
72.892 ,430,733.4 
72.895 ,431,749.7 
72.898 ,432,737.5 
72.902 ,433,739.5 
72.905 ,434,745.3 
72.908 ,435,734.2 
72.912 ,436,731.6 
,,
72.925 ,7,713.5 
72.928 ,8,724.5 
72.932 ,9,737.1 
72.935 ,10,725.8 
72.938 ,11,724.6 
72.942 ,12,721.2 
72.945 ,13,727.0 
72.948 ,14,728.1 
72.952 ,15,736.1 
72.955 ,16,730.1 
72.958 ,17,736.9 
72.962 ,18,740.0 
72.965 ,19,744.8 
72.968 ,20,739.0 
72.972 ,21,744.4 
72.975 ,22,737.0 
72.978 ,23,738.6 
72.982 ,24,736.5 
72.985 ,25,742.1 
72.988 ,26,744.1 
72.992 ,27,741.2 
72.995 ,28,735.7 
72.998 ,29,739.2 
73.002 ,30,732.3 
73.005 ,31,732.7 
73.008 ,32,732.1 
73.012 ,33,751.7 
73.015 ,34,752.3 
73.018 ,35,751.9 
73.022 ,36,759.5 
73.025 ,37,755.6 
73.028 ,38,745.9 
73.032 ,39,741.3 
73.035 ,40,733.9 
73.038 ,41,725.0 
73.042 ,42,736.1 
73.045 ,43,729.1 
73.048 ,44,728.6 
73.052 ,45,735.2 
73.055 ,46,743.5 
73.058 ,47,747.7 
73.062 ,48,744.3 
73.065 ,49,737.1 
73.068 ,50,747.9 
73.072 ,51,737.9 
73.075 ,52,737.8 
73.078 ,53,744.4 
73.082 ,54,737.9 
73.085 ,55,735.0 
73.088 ,56,739.3 
73.092 ,57,733.1 
73.095 ,58,733.6 
73.098 ,59,736.4 
73.102 ,60,725.6 
73.105 ,61,737.8 
73.108 ,62,732.2 
73.112 ,63,725.9 
73.115 ,64,729.7 
73.118 ,65,733.1 
73.122 ,66,730.8 
73.125 ,67,739.9 
73.128 ,68,727.3 
73.132 ,69,727.8 
73.135 ,70,725.9 
73.138 ,71,725.9 
73.142 ,72,723.7 
73.145 ,73,738.7 
73.148 ,74,730.2 
73.152 ,75,736.2 
73.155 ,76,742.6 
73.158 ,77,749.0 
73.162 ,78,740.1 
73.165 ,79,736.2 
73.168 ,80,748.1 
73.172 ,81,726.6 
73.175 ,82,729.0 
73.178 ,83,731.3 
73.182 ,84,722.6 
73.185 ,85,731.1 
73.188 ,86,730.3 
73.192 ,87,730.2 
73.195 ,88,726.9 
73.198 ,89,726.8 
73.202 ,90,724.7 
73.205 ,91,725.5 
73.208 ,92,734.6 
73.212 ,93,738.2 
73.215 ,94,732.1 
73.218 ,95,723.5 
73.222 ,96,740.3 
73.225 ,97,733.4 
73.228 ,98,732.4 
73.232 ,99,739.7 
73.235 ,100,748.1 
73.238 ,101,747.4 
73.242 ,102,753.3 
73.245 ,103,746.0 
73.248 ,104,746.8 
73.252 ,105,746.1 
73.255 ,106,738.9 
73.258 ,107,743.0 
73.262 ,108,749.0 
73.265 ,109,739.1 
73.268 ,110,747.4 
73.272 ,111,750.4 
73.275 ,112,748.5 
73.278 ,113,749.0 
73.282 ,114,735.6 
73.285 ,115,744.6 
73.288 ,116,745.1 
73.292 ,117,743.2 
73.295 ,118,743.5 
73.298 ,119,742.0 
73.302 ,120,745.8 
73.305 ,121,743.5 
73.308 ,122,754.3 
73.312 ,123,748.6 
73.315 ,124,746.2 
73.318 ,125,745.3 
73.322 ,126,753.5 
73.325 ,127,745.0 
73.328 ,128,742.8 
73.332 ,129,748.6 
73.335 ,130,741.2 
73.338 ,131,741.0 
73.342 ,132,743.9 
73.345 ,133,747.0 
73.348 ,134,755.5 
73.352 ,135,754.7 
73.355 ,136,754.5 
73.358 ,137,749.8 
73.362 ,138,740.3 
73.365 ,139,725.7 
73.380 ,143,734.8 
73.383 ,144,732.5 
73.387 ,145,726.8 
73.390 ,146,732.4 
73.393 ,147,731.0 
73.397 ,148,730.0 
73.400 ,149,746.8 
73.403 ,150,751.6 
73.407 ,151,756.3 
73.410 ,152,749.2 
73.413 ,153,744.7 
73.417 ,154,750.6 
73.420 ,155,756.2 
73.423 ,156,741.7 
73.427 ,157,740.6 
73.430 ,158,727.1 
73.433 ,159,710.6 
73.437 ,160,716.7 
73.440 ,161,718.8 
73.443 ,162,739.6 
73.447 ,163,737.2 
73.450 ,164,743.5 
73.453 ,165,751.1 
73.457 ,166,739.6 
73.460 ,167,738.3 
73.463 ,168,745.5 
73.467 ,169,752.1 
73.470 ,170,750.4 
73.473 ,171,750.1 
73.477 ,172,751.2 
73.480 ,173,744.8 
73.483 ,174,751.9 
73.487 ,175,745.1 
73.490 ,176,756.7 
73.493 ,177,745.7 
73.497 ,178,748.7 
73.500 ,179,743.1 
73.503 ,180,742.2 
73.507 ,181,748.5 
73.510 ,182,735.5 
73.513 ,183,744.0 
73.517 ,184,730.1 
73.520 ,185,728.7 
73.523 ,186,738.2 
73.527 ,187,735.2 
73.530 ,188,743.4 
73.533 ,189,730.5 
73.537 ,190,730.6 
73.540 ,191,739.3 
73.543 ,192,742.4 
73.547 ,193,732.5 
73.550 ,194,735.9 
73.553 ,195,729.9 
73.557 ,196,726.9 
73.560 ,197,736.1 
73.563 ,198,734.6 
73.567 ,199,735.7 
73.570 ,200,749.7 
73.573 ,201,748.9 
73.577 ,202,748.9 
73.580 ,203,744.1 
73.583 ,204,746.4 
73.587 ,205,745.4 
73.590 ,206,745.9 
73.593 ,207,736.4 
73.597 ,208,746.7 
73.600 ,209,739.1 
73.603 ,210,740.6 
73.607 ,211,742.3 
73.610 ,212,750.9 
73.613 ,213,747.0 
73.617 ,214,745.7 
73.620 ,215,736.3 
73.623 ,216,735.7 
73.627 ,217,741.1 
73.630 ,218,740.2 
73.633 ,219,731.2 
73.637 ,220,729.6 
73.640 ,221,748.9 
73.643 ,222,748.2 
73.647 ,223,742.9 
73.650 ,224,742.1 
73.653 ,225,738.7 
73.657 ,226,744.4 
73.660 ,227,750.9 
73.663 ,228,760.3 
73.667 ,229,753.0 
73.670 ,230,765.2 
73.673 ,231,741.4 
73.677 ,232,747.8 
73.680 ,233,756.7 
73.683 ,234,744.1 
73.687 ,235,750.7 
73.690 ,236,753.2 
73.693 ,237,749.6 
73.697 ,238,742.2 
73.700 ,239,748.7 
73.703 ,240,754.5 
73.707 ,241,757.6 
73.710 ,242,751.5 
73.713 ,243,757.8 
73.717 ,244,744.5 
73.720 ,245,763.3 
73.723 ,246,758.0 
73.727 ,247,754.5 
73.730 ,248,753.1 
73.733 ,249,761.3 
73.737 ,250,760.2 
73.740 ,251,754.7 
73.743 ,252,756.3 
73.747 ,253,754.0 
73.750 ,254,760.2 
73.753 ,255,761.9 
73.757 ,256,752.8 
73.760 ,257,759.9 
73.763 ,258,760.7 
73.767 ,259,752.4 
73.770 ,260,762.7 
73.773 ,261,749.0 
73.777 ,262,758.1 
73.780 ,263,769.7 
73.783 ,264,759.9 
73.787 ,265,765.3 
73.790 ,266,758.8 
73.793 ,267,745.3 
73.797 ,268,738.1 
73.800 ,269,754.2 
73.803 ,270,760.4 
73.807 ,271,758.2 
73.810 ,272,760.2 
73.813 ,273,750.3 
73.817 ,274,750.8 
73.820 ,275,753.6 
73.823 ,276,758.8 
73.827 ,277,754.7 
73.830 ,278,760.7 
73.833 ,279,758.4 
73.837 ,280,754.8 
73.840 ,281,760.5 
73.843 ,282,759.1 
73.847 ,283,747.4 
73.850 ,284,759.4 
73.853 ,285,734.3 
73.857 ,286,737.9 
73.860 ,287,742.3 
73.863 ,288,759.6 
73.867 ,289,752.5 
,,
73.893 ,300,740.0 
73.897 ,301,754.3 
73.900 ,302,741.6 
73.903 ,303,751.4 
73.907 ,304,755.7 
73.910 ,305,749.0 
73.913 ,306,750.5 
73.917 ,307,746.0 
73.920 ,308,751.7 
73.923 ,309,745.8 
73.927 ,310,743.8 
73.930 ,311,746.6 
73.933 ,312,747.7 
73.937 ,313,751.8 
73.940 ,314,751.7 
73.943 ,315,753.0 
73.947 ,316,747.9 
73.950 ,317,750.6 
73.953 ,318,737.1 
73.957 ,319,732.1 
73.960 ,320,720.4 
73.963 ,321,721.0 
73.967 ,322,722.3 
73.970 ,323,720.3 
73.973 ,324,718.8 
73.977 ,325,723.8 
73.980 ,326,733.0 
73.983 ,327,734.2 
73.987 ,328,725.0 
73.990 ,329,715.8 
73.993 ,330,723.5 
73.997 ,331,718.2 
74.000 ,332,719.8 
74.003 ,333,712.8 
74.007 ,334,713.3 
74.010 ,335,732.2 
74.013 ,336,744.9 
74.017 ,337,733.8 
74.020 ,338,745.8 
74.023 ,339,742.4 
74.027 ,340,743.4 
74.030 ,341,737.3 
74.033 ,342,732.7 
74.037 ,343,741.0 
74.040 ,344,743.4 
74.043 ,345,748.6 
74.047 ,346,742.7 
74.050 ,347,733.5 
74.053 ,348,745.7 
74.057 ,349,744.8 
74.060 ,350,754.0 
74.063 ,351,749.1 
74.067 ,352,754.9 
74.070 ,353,749.5 
74.073 ,354,744.7 
74.077 ,355,736.8 
74.080 ,356,740.5 
74.083 ,357,749.4 
74.087 ,358,747.2 
74.090 ,359,742.5 
74.093 ,360,745.9 
74.097 ,361,745.5 
74.100 ,362,747.4 
74.103 ,363,755.2 
74.107 ,364,751.9 
74.110 ,365,748.4 
74.113 ,366,751.4 
74.117 ,367,744.5 
74.120 ,368,742.9 
74.123 ,369,744.9 
74.127 ,370,744.0 
74.130 ,371,738.5 
74.133 ,372,740.9 
74.137 ,373,740.6 
74.140 ,374,729.8 
74.143 ,375,727.8 
74.147 ,376,719.8 
74.150 ,377,741.7 
74.153 ,378,747.5 
74.157 ,379,741.6 
74.160 ,380,739.2 
74.163 ,381,738.5 
74.167 ,382,743.2 
74.170 ,383,741.0 
74.173 ,384,739.7 
74.177 ,385,742.2 
74.180 ,386,729.9 
74.183 ,387,737.9 
74.187 ,388,735.8 
74.190 ,389,733.9 
74.193 ,390,731.0 
74.197 ,391,731.4 
74.200 ,392,736.5 
74.203 ,393,738.2 
74.207 ,394,740.3 
74.210 ,395,728.3 
74.213 ,396,729.7 
74.217 ,397,724.8 
74.220 ,398,719.7 
74.223 ,399,729.1 
74.227 ,400,736.8 
74.230 ,401,740.6 
74.233 ,402,740.4 
74.237 ,403,745.6 
74.240 ,404,727.6 
74.243 ,405,728.2 
74.247 ,406,735.5 
74.250 ,407,731.4 
74.253 ,408,741.4 
74.257 ,409,735.6 
74.260 ,410,741.5 
74.263 ,411,735.4 
74.267 ,412,731.9 
74.270 ,413,731.5 
74.273 ,414,737.7 
74.277 ,415,740.8 
74.280 ,416,735.8 
74.283 ,417,731.2 
74.287 ,418,737.5 
74.290 ,419,749.4 
74.293 ,420,740.3 
74.297 ,421,748.3 
74.300 ,422,743.1 
74.303 ,423,745.4 
74.307 ,424,739.0 
74.310 ,425,745.0 
74.313 ,426,746.0 
74.317 ,427,750.3 
74.320 ,428,746.7 
74.323 ,429,738.5 
74.327 ,430,747.1 
74.330 ,431,748.4 
74.333 ,432,742.2 
74.337 ,433,747.1 
74.340 ,434,746.8 
74.343 ,435,738.3 
74.347 ,436,742.4 
74.350 ,437,732.2 
74.353 ,438,733.9 
74.357 ,439,732.5 
74.360 ,440,729.1 
,,
74.383 ,13,727.6 
74.387 ,14,726.0 
74.390 ,15,714.6 
74.393 ,16,726.6 
74.397 ,17,730.7 
74.400 ,18,731.8 
74.403 ,19,733.5 
74.407 ,20,732.2 
74.410 ,21,740.5 
74.413 ,22,729.7 
74.417 ,23,731.5 
74.420 ,24,730.2 
74.423 ,25,723.9 
74.427 ,26,730.3 
74.430 ,27,715.1 
74.433 ,28,720.4 
74.437 ,29,709.6 
74.440 ,30,706.0 
74.443 ,31,728.1 
74.447 ,32,730.8 
74.450 ,33,717.7 
74.453 ,34,730.7 
74.457 ,35,723.9 
74.460 ,36,730.5 
74.463 ,37,732.3 
74.467 ,38,726.9 
74.470 ,39,725.3 
74.473 ,40,726.2 
74.477 ,41,723.9 
74.480 ,42,731.8 
74.483 ,43,723.2 
74.487 ,44,733.7 
74.490 ,45,719.4 
74.493 ,46,725.9 
74.497 ,47,722.7 
74.500 ,48,727.7 
74.503 ,49,738.2 
74.507 ,50,736.6 
74.510 ,51,735.6 
74.513 ,52,733.5 
74.517 ,53,725.2 
74.520 ,54,727.0 
74.523 ,55,728.0 
74.527 ,56,722.3 
74.530 ,57,717.7 
74.533 ,58,708.6 
74.537 ,59,716.2 
74.540 ,60,727.7 
74.543 ,61,730.8 
74.547 ,62,730.3 
74.550 ,63,728.3 
74.553 ,64,730.1 
74.557 ,65,723.7 
74.560 ,66,716.4 
74.563 ,67,711.1 
74.567 ,68,718.8 
74.570 ,69,717.3 
74.573 ,70,712.2 
74.577 ,71,726.5 
74.580 ,72,735.5 
74.583 ,73,740.2 
74.587 ,74,735.5 
74.590 ,75,730.4 
74.593 ,76,735.6 
74.597 ,77,741.7 
74.600 ,78,734.7 
74.603 ,79,737.0 
74.607 ,80,733.0 
74.610 ,81,720.6 
74.613 ,82,730.2 
74.617 ,83,741.7 
74.620 ,84,733.7 
74.623 ,85,732.5 
74.627 ,86,740.4 
74.630 ,87,733.5 
74.633 ,88,732.9 
74.637 ,89,736.1 
74.640 ,90,727.6 
74.643 ,91,730.5 
74.647 ,92,730.0 
74.650 ,93,723.9 
74.653 ,94,723.2 
74.657 ,95,722.5 
74.660 ,96,730.2 
74.663 ,97,725.2 
74.667 ,98,730.2 
74.670 ,99,718.5 
74.673 ,100,732.0 
74.677 ,101,732.9 
74.680 ,102,741.4 
74.683 ,103,729.3 
74.687 ,104,731.8 
74.690 ,105,739.4 
74.693 ,106,732.9 
74.697 ,107,741.0 
74.700 ,108,732.8 
74.703 ,109,740.5 
74.707 ,110,739.6 
74.710 ,111,726.7 
74.713 ,112,719.0 
74.717 ,113,736.0 
74.720 ,114,728.0 
74.723 ,115,731.7 
74.727 ,116,722.0 
74.730 ,117,733.7 
74.733 ,118,735.4 
74.737 ,119,737.2 
74.740 ,120,719.7 
74.743 ,121,736.7 
74.747 ,122,735.7 
74.750 ,123,726.3 
74.753 ,124,722.9 
74.757 ,125,733.4 
74.760 ,126,725.7 
74.763 ,127,728.1 
74.767 ,128,719.5 
74.770 ,129,726.1 
74.773 ,130,718.8 
74.777 ,131,721.2 
74.780 ,132,728.6 
74.783 ,133,728.4 
74.787 ,134,712.4 
74.790 ,135,720.3 
74.793 ,136,723.2 
74.797 ,137,713.5 
74.800 ,138,720.8 
74.803 ,139,722.6 
74.807 ,140,725.8 
74.810 ,141,729.0 
74.813 ,142,726.2 
74.817 ,143,724.8 
74.820 ,144,727.8 
74.823 ,145,729.3 
74.827 ,146,736.0 
74.830 ,147,726.2 
74.833 ,148,728.8 
74.837 ,149,728.5 
74.840 ,150,722.9 
74.843 ,151,734.2 
74.847 ,152,725.6 
74.850 ,153,728.9 
74.853 ,154,729.8 
74.857 ,155,736.3 
74.860 ,156,722.9 
74.863 ,157,708.3 
74.867 ,159,730.9 
74.870 ,160,730.9 
74.873 ,161,736.2 
74.877 ,162,729.6 
74.880 ,163,741.0 
74.883 ,164,733.5 
74.887 ,165,725.7 
74.890 ,166,723.9 
74.893 ,167,735.8 
74.897 ,168,730.2 
74.900 ,169,739.5 
74.903 ,170,739.9 
74.907 ,171,739.3 
74.910 ,172,735.0 
74.913 ,173,736.9 
74.917 ,174,741.4 
74.920 ,175,746.4 
74.923 ,176,738.3 
74.927 ,177,738.1 
74.930 ,178,742.1 
74.933 ,179,738.4 
74.937 ,180,743.9 
74.940 ,181,737.0 
74.943 ,182,747.2 
74.947 ,183,741.4 
74.950 ,184,735.8 
74.953 ,185,733.9 
74.957 ,186,724.5 
74.960 ,187,726.7 
74.963 ,188,730.5 
74.967 ,189,717.8 
74.970 ,190,733.3 
74.973 ,191,725.9 
74.977 ,192,726.7 
74.980 ,193,722.8 
74.983 ,194,738.1 
74.987 ,195,731.2 
74.990 ,196,737.8 
74.993 ,197,726.5 
74.997 ,198,725.0 
75.000 ,199,727.8 
75.003 ,200,736.0 
75.007 ,201,754.1 
75.010 ,202,754.3 
75.013 ,203,757.4 
75.017 ,204,757.5 
75.020 ,205,744.6 
75.023 ,206,745.2 
75.027 ,207,742.0 
75.030 ,208,739.8 
75.033 ,209,758.6 
75.037 ,210,752.2 
75.040 ,211,756.3 
75.043 ,212,751.6 
75.047 ,213,757.1 
75.050 ,214,756.2 
75.053 ,215,750.3 
75.057 ,216,745.6 
75.060 ,217,743.0 
75.063 ,218,742.3 
75.067 ,219,744.6 
75.070 ,220,745.2 
75.073 ,221,749.0 
75.077 ,222,753.8 
75.080 ,223,757.6 
75.083 ,224,760.4 
75.087 ,225,758.2 
75.090 ,226,763.2 
75.093 ,227,745.3 
75.097 ,228,750.5 
75.100 ,229,748.8 
75.103 ,230,767.0 
75.107 ,231,752.3 
75.110 ,232,759.2 
75.113 ,233,749.6 
75.117 ,234,763.3 
75.120 ,235,756.7 
75.123 ,236,760.3 
75.127 ,237,753.8 
75.130 ,238,760.7 
75.133 ,239,756.3 
75.137 ,240,759.4 
75.140 ,241,756.9 
75.143 ,242,745.8 
75.147 ,243,749.1 
75.150 ,244,757.5 
75.153 ,245,757.0 
75.157 ,246,758.1 
75.160 ,247,766.7 
75.163 ,248,764.2 
75.167 ,249,756.0 
75.170 ,250,758.5 
75.173 ,251,759.7 
75.177 ,252,756.1 
75.180 ,253,755.9 
75.183 ,254,755.7 
75.187 ,255,759.4 
75.190 ,256,759.6 
75.193 ,257,762.1 
75.197 ,258,760.5 
75.200 ,259,763.2 
75.203 ,260,775.2 
75.207 ,261,768.2 
75.210 ,262,775.7 
75.213 ,263,771.3 
75.217 ,264,767.7 
75.220 ,265,763.2 
75.223 ,266,768.9 
75.227 ,267,768.4 
75.230 ,268,766.5 
75.233 ,269,768.8 
75.237 ,270,761.9 
75.240 ,271,758.8 
75.243 ,272,758.0 
75.247 ,273,750.8 
75.250 ,274,760.0 
75.253 ,275,754.4 
,,
75.358 ,25,738.9 
75.361 ,26,738.8 
75.365 ,27,745.3 
75.368 ,28,748.8 
75.371 ,29,743.7 
75.375 ,30,751.4 
75.378 ,31,746.7 
75.381 ,32,749.9 
75.385 ,33,740.0 
75.388 ,34,745.2 
75.391 ,35,744.6 
75.395 ,36,751.6 
75.398 ,37,740.0 
75.401 ,38,747.8 
75.405 ,39,748.5 
75.408 ,40,755.8 
75.411 ,41,754.3 
75.415 ,42,754.3 
75.418 ,43,751.6 
75.421 ,44,756.9 
75.425 ,45,747.0 
75.428 ,46,744.3 
75.431 ,47,748.5 
75.435 ,48,738.3 
75.438 ,49,745.9 
75.441 ,50,746.9 
75.445 ,51,751.6 
75.448 ,52,741.2 
75.451 ,53,744.9 
75.455 ,54,745.5 
75.458 ,55,744.3 
75.461 ,56,747.9 
75.465 ,57,749.1 
75.468 ,58,742.3 
75.471 ,59,745.0 
75.475 ,60,743.2 
75.478 ,61,748.4 
75.481 ,62,745.8 
75.485 ,63,737.4 
75.488 ,64,735.4 
75.491 ,65,726.7 
75.495 ,66,741.4 
75.498 ,67,741.7 
75.501 ,68,743.7 
75.505 ,69,745.5 
75.508 ,70,749.5 
75.511 ,71,744.9 
75.515 ,72,753.4 
75.518 ,73,738.1 
75.521 ,74,740.9 
75.525 ,75,743.8 
75.528 ,76,744.3 
75.531 ,77,749.8 
75.535 ,78,744.2 
75.538 ,79,730.7 
75.541 ,80,757.2 
75.545 ,81,757.4 
75.548 ,82,751.7 
75.551 ,83,749.5 
75.555 ,84,741.5 
75.558 ,85,740.5 
75.561 ,86,742.2 
75.565 ,87,739.9 
75.568 ,88,741.6 
75.571 ,89,737.0 
75.575 ,90,740.8 
75.578 ,91,735.5 
75.581 ,92,737.9 
75.585 ,93,736.5 
75.588 ,94,744.8 
75.591 ,95,750.3 
75.595 ,96,741.7 
75.598 ,97,740.5 
75.601 ,98,743.7 
75.605 ,99,749.8 
75.608 ,100,740.6 
75.611 ,101,745.8 
75.615 ,102,739.5 
75.618 ,103,750.3 
75.621 ,104,754.4 
75.625 ,105,753.3 
75.628 ,106,752.4 
75.631 ,107,751.7 
75.635 ,108,754.2 
75.638 ,109,738.5 
75.641 ,110,751.9 
75.645 ,111,753.2 
75.648 ,112,750.3 
75.651 ,113,759.1 
75.655 ,114,756.0 
75.658 ,115,762.5 
75.661 ,116,755.9 
75.665 ,117,764.4 
75.668 ,118,756.6 
75.671 ,119,756.8 
75.675 ,120,757.7 
75.678 ,121,753.6 
75.681 ,122,759.3 
75.685 ,123,751.1 
75.688 ,124,756.3 
75.691 ,125,753.4 
75.695 ,126,738.7 
75.698 ,127,737.9 
75.701 ,128,731.1 
75.705 ,129,737.6 
75.708 ,130,740.7 
75.711 ,131,762.8 
75.715 ,132,751.9 
75.718 ,133,752.9 
75.721 ,134,757.9 
75.725 ,135,749.8 
75.728 ,136,741.2 
75.731 ,137,752.4 
75.735 ,138,754.7 
75.738 ,139,747.1 
75.741 ,140,744.0 
75.745 ,141,739.6 
75.748 ,142,743.7 
75.751 ,143,744.5 
75.755 ,144,753.4 
75.758 ,145,761.7 
75.761 ,146,764.9 
75.765 ,147,764.1 
75.768 ,148,747.4 
75.771 ,149,752.3 
75.775 ,150,748.5 
75.778 ,151,738.7 
75.781 ,152,747.6 
75.785 ,153,750.3 
75.788 ,154,750.5 
75.791 ,155,752.8 
75.795 ,156,759.7 
75.798 ,157,757.2 
75.801 ,158,746.6 
75.805 ,159,739.3 
75.808 ,160,758.0 
75.811 ,161,754.1 
75.815 ,162,753.3 
75.818 ,163,761.8 
75.821 ,164,758.6 
75.825 ,165,752.7 
75.828 ,166,753.8 
75.831 ,167,751.5 
75.835 ,168,746.5 
75.838 ,169,743.8 
75.841 ,170,740.9 
75.845 ,171,742.2 
75.848 ,172,735.8 
,,
75.861 ,176,744.2 
75.865 ,177,751.2 
75.868 ,178,753.5 
75.871 ,179,746.7 
75.875 ,180,748.4 
75.878 ,181,752.4 
75.881 ,182,744.1 
75.885 ,183,737.5 
75.888 ,184,741.4 
75.891 ,185,760.2 
75.895 ,186,756.3 
75.898 ,187,748.7 
75.901 ,188,752.4 
75.905 ,189,759.7 
75.908 ,190,748.7 
75.911 ,191,756.5 
75.915 ,192,759.6 
75.918 ,193,755.7 
75.921 ,194,748.4 
75.925 ,195,743.7 
75.928 ,196,749.8 
75.931 ,197,750.9 
75.935 ,198,754.5 
75.938 ,199,760.7 
75.941 ,200,758.8 
75.945 ,201,743.8 
75.948 ,202,762.2 
75.951 ,203,750.6 
75.955 ,204,754.6 
75.958 ,205,746.3 
75.961 ,206,747.7 
75.965 ,207,759.7 
75.968 ,208,755.4 
75.971 ,209,756.9 
75.975 ,210,751.3 
75.978 ,211,746.2 
75.981 ,212,749.2 
75.985 ,213,751.7 
75.988 ,214,738.8 
75.991 ,215,758.6 
75.995 ,216,759.1 
75.998 ,217,763.9 
76.001 ,218,759.7 
76.005 ,219,771.2 
76.008 ,220,761.9 
76.011 ,221,755.0 
76.015 ,222,753.7 
76.018 ,223,758.1 
76.021 ,224,748.4 
76.025 ,225,755.7 
76.028 ,226,752.6 
76.031 ,227,757.7 
76.035 ,228,757.3 
76.038 ,229,743.2 
76.041 ,230,750.3 
76.045 ,231,748.6 
76.048 ,232,745.2 
76.051 ,233,741.4 
76.055 ,234,741.8 
76.058 ,235,736.4 
76.061 ,236,755.6 
76.065 ,237,745.3 
76.068 ,238,744.2 
76.071 ,239,748.5 
76.075 ,240,758.2 
76.078 ,241,757.9 
76.081 ,242,753.6 
76.085 ,243,761.4 
76.088 ,244,764.6 
76.091 ,245,757.1 
76.095 ,246,752.9 
76.098 ,247,764.8 
76.101 ,248,752.2 
76.105 ,249,756.5 
76.108 ,250,752.4 
76.111 ,251,760.9 
76.115 ,252,760.3 
76.118 ,253,751.1 
76.121 ,254,755.1 
76.125 ,255,760.1 
76.128 ,256,757.9 
76.131 ,257,747.9 
76.135 ,258,749.2 
76.138 ,259,751.0 
76.141 ,260,747.2 
76.145 ,261,745.0 
76.148 ,262,747.6 
76.151 ,263,761.5 
76.155 ,264,752.7 
76.158 ,265,751.1 
76.161 ,266,752.9 
76.165 ,267,753.4 
76.168 ,268,759.6 
76.171 ,269,751.3 
76.175 ,270,747.7 
76.178 ,271,763.6 
76.181 ,272,762.5 
76.185 ,273,753.4 
76.188 ,274,750.8 
76.191 ,275,755.6 
76.195 ,276,753.5 
76.198 ,277,756.6 
76.201 ,278,744.3 
76.205 ,279,754.9 
76.208 ,280,763.1 
76.211 ,281,762.2 
76.215 ,282,766.3 
76.218 ,283,755.6 
76.221 ,284,763.9 
76.225 ,285,757.9 
76.228 ,286,757.3 
76.231 ,287,750.0 
76.235 ,288,744.1 
76.238 ,289,749.7 
76.241 ,290,744.7 
76.245 ,291,745.9 
76.248 ,292,755.8 
76.251 ,293,760.2 
76.255 ,294,764.0 
76.258 ,295,760.6 
76.261 ,296,761.9 
76.265 ,297,757.3 
76.268 ,298,752.7 
,,
76.284 ,306,752.4 
76.287 ,307,737.8 
76.290 ,308,739.5 
76.293 ,309,747.8 
76.297 ,310,749.3 
76.300 ,311,748.9 
76.303 ,312,742.7 
76.307 ,313,750.9 
76.310 ,314,753.3 
76.313 ,315,745.0 
76.317 ,316,749.4 
76.320 ,317,758.7 
76.323 ,318,748.4 
76.327 ,319,745.1 
76.330 ,320,749.0 
76.333 ,321,757.0 
76.337 ,322,758.0 
76.340 ,323,763.0 
76.343 ,324,751.6 
76.347 ,325,748.6 
76.350 ,326,746.0 
76.353 ,327,752.6 
76.357 ,328,761.0 
76.360 ,329,746.4 
76.363 ,330,769.4 
76.367 ,331,764.5 
76.370 ,332,764.5 
76.373 ,333,764.1 
76.377 ,334,757.7 
76.380 ,335,752.7 
76.383 ,336,759.8 
76.387 ,337,749.9 
76.390 ,338,747.8 
76.393 ,339,743.4 
76.397 ,340,753.8 
76.400 ,341,749.1 
76.403 ,342,761.2 
76.407 ,343,761.1 
76.410 ,344,749.5 
76.413 ,345,738.6 
76.417 ,346,747.0 
76.420 ,347,759.8 
76.423 ,348,758.1 
76.427 ,349,752.8 
76.430 ,350,758.5 
76.433 ,351,755.5 
76.437 ,352,741.6 
76.440 ,353,747.9 
76.443 ,354,750.7 
76.447 ,355,756.7 
76.450 ,356,752.5 
76.453 ,357,749.7 
76.457 ,358,742.7 
76.460 ,359,734.1 
76.463 ,360,740.7 
76.467 ,361,734.6 
76.470 ,362,739.7 
76.473 ,363,751.2 
76.477 ,364,750.2 
76.480 ,365,749.0 
76.483 ,366,749.7 
76.487 ,367,750.6 
76.490 ,368,747.4 
76.493 ,369,753.0 
76.497 ,370,749.8 
76.500 ,371,747.9 
76.503 ,372,745.9 
76.507 ,373,755.4 
76.510 ,374,753.5 
76.513 ,375,752.2 
76.517 ,376,743.8 
76.520 ,377,745.1 
76.523 ,378,757.6 
76.527 ,379,750.4 
76.530 ,380,752.2 
76.533 ,381,766.5 
76.537 ,382,760.6 
76.540 ,383,749.8 
76.543 ,384,741.3 
76.547 ,385,735.1 
76.550 ,386,740.0 
76.553 ,387,739.6 
76.557 ,388,744.1 
76.560 ,389,756.1 
76.563 ,390,750.3 
76.567 ,391,738.6 
76.570 ,392,738.4 
76.573 ,393,731.7 
76.577 ,394,744.7 
76.580 ,395,741.1 
76.583 ,396,748.4 
76.587 ,397,744.6 
76.590 ,398,742.8 
76.593 ,399,748.0 
76.597 ,400,745.2 
76.600 ,401,756.7 
76.603 ,402,752.1 
76.607 ,403,750.7 
76.610 ,404,756.9 
76.613 ,405,755.9 
76.617 ,406,759.5 
76.620 ,407,746.8 
76.623 ,408,747.1 
76.627 ,409,756.8 
76.630 ,410,748.9 
76.633 ,411,750.4 
76.637 ,412,746.6 
76.640 ,413,745.5 
76.643 ,414,747.0 
76.647 ,415,752.3 
76.650 ,416,741.4 
76.653 ,417,750.6 
76.657 ,418,756.0 
76.660 ,419,746.8 
76.663 ,420,748.1 
76.667 ,421,757.1 
76.670 ,422,748.0 
76.673 ,423,749.8 
76.677 ,424,751.0 
,,
76.705 ,433,750.7 
76.708 ,434,758.4 
76.711 ,435,765.9 
76.715 ,436,759.8 
76.718 ,437,752.3 
76.721 ,438,757.2 
76.725 ,439,762.6 
76.728 ,440,756.9 
76.731 ,441,753.7 
76.735 ,442,746.0 
76.738 ,443,756.5 
76.741 ,444,762.5 
76.745 ,445,766.8 
76.748 ,446,764.1 
76.751 ,447,759.2 
,,
76.776 ,160,759.0 
76.779 ,161,761.4 
76.783 ,162,767.0 
76.786 ,163,765.3 
76.789 ,164,767.6 
76.793 ,165,767.4 
76.796 ,166,765.7 
76.799 ,167,758.4 
76.803 ,168,758.5 
76.806 ,169,757.7 
76.809 ,170,766.3 
76.813 ,171,759.0 
76.816 ,172,759.2 
76.819 ,173,754.8 
76.823 ,174,751.9 
76.826 ,175,751.2 
76.829 ,176,750.3 
76.833 ,177,745.9 
76.836 ,178,749.6 
76.839 ,179,751.9 
76.843 ,180,744.7 
76.846 ,181,750.4 
76.849 ,182,753.1 
76.853 ,183,761.2 
76.856 ,184,761.4 
76.859 ,185,758.5 
76.863 ,186,758.8 
76.866 ,187,755.8 
76.869 ,188,758.8 
76.873 ,189,761.5 
76.876 ,190,757.4 
76.879 ,191,751.5 
76.883 ,192,747.4 
76.886 ,193,745.8 
76.889 ,194,749.4 
76.893 ,195,748.1 
76.896 ,196,746.9 
76.899 ,197,736.1 
76.903 ,198,737.4 
76.906 ,199,740.4 
76.909 ,200,748.2 
76.913 ,201,748.2 
76.916 ,202,753.7 
76.919 ,203,752.9 
76.923 ,204,752.4 
76.926 ,205,752.9 
76.929 ,206,749.1 
76.933 ,207,752.6 
76.936 ,208,754.7 
76.939 ,209,752.9 
76.943 ,210,755.6 
76.946 ,211,751.0 
76.949 ,212,757.1 
76.953 ,213,761.5 
76.956 ,214,762.7 
76.959 ,215,770.5 
76.963 ,216,756.0 
76.966 ,217,761.3 
76.969 ,218,755.7 
76.973 ,219,758.9 
76.976 ,220,760.4 
76.979 ,221,758.9 
76.983 ,222,761.2 
76.986 ,223,762.6 
76.989 ,224,766.8 
76.993 ,225,766.0 
76.996 ,226,757.1 
76.999 ,227,753.4 
77.003 ,228,759.4 
77.006 ,229,755.0 
77.009 ,230,750.4 
77.013 ,231,749.3 
77.016 ,232,748.8 
77.019 ,233,746.6 
77.023 ,234,752.8 
77.026 ,235,753.8 
77.029 ,236,755.9 
77.033 ,237,750.9 
77.036 ,238,746.7 
77.039 ,239,752.9 
77.043 ,240,750.5 
77.046 ,241,745.9 
77.049 ,242,748.5 
77.053 ,243,749.9 
77.056 ,244,755.3 
77.059 ,245,756.8 
77.063 ,246,754.0 
77.066 ,247,755.0 
77.069 ,248,760.6 
77.073 ,249,761.8 
77.076 ,250,761.2 
77.079 ,251,749.1 
77.083 ,252,745.5 
77.086 ,253,748.2 
77.089 ,254,751.1 
77.093 ,255,758.4 
77.096 ,256,760.0 
77.099 ,257,761.6 
77.103 ,258,759.8 
77.106 ,259,757.1 
77.109 ,260,755.3 
77.113 ,261,760.4 
77.116 ,262,757.4 
77.119 ,263,757.2 
77.123 ,264,755.6 
77.126 ,265,749.9 
77.129 ,266,756.1 
77.133 ,267,752.1 
77.136 ,268,758.5 
77.139 ,269,754.9 
77.143 ,270,755.3 
77.146 ,271,760.8 
77.149 ,272,758.7 
77.153 ,273,750.7 
77.156 ,274,750.4 
77.159 ,275,751.4 
77.163 ,276,745.1 
77.166 ,277,752.3 
77.169 ,278,757.4 
77.173 ,279,744.7 
77.176 ,280,743.3 
77.179 ,281,741.0 
77.183 ,282,742.0 
77.186 ,283,738.3 
77.189 ,284,740.8 
77.193 ,285,733.5 
77.196 ,286,733.7 
77.199 ,287,740.7 
77.203 ,288,760.0 
77.206 ,289,751.8 
77.209 ,290,752.9 
77.213 ,291,754.9 
77.216 ,292,751.4 
77.219 ,293,749.2 
77.223 ,294,742.9 
77.226 ,295,751.6 
77.229 ,296,737.0 
77.233 ,297,745.0 
77.236 ,298,751.8 
77.239 ,299,760.4 
77.243 ,300,756.6 
77.246 ,301,751.4 
,,
77.289 ,315,747.1 
77.293 ,316,755.0 
77.296 ,317,751.6 
77.299 ,318,753.6 
77.303 ,319,756.1 
77.306 ,320,757.3 
77.309 ,321,753.9 
77.313 ,322,749.7 
77.316 ,323,742.8 
77.319 ,324,747.0 
77.323 ,325,753.1 
77.326 ,326,747.9 
77.329 ,327,746.2 
77.333 ,328,744.4 
77.336 ,329,745.5 
77.339 ,330,746.4 
77.343 ,331,745.5 
77.346 ,332,747.9 
77.349 ,333,742.8 
77.353 ,334,754.9 
77.356 ,335,759.7 
77.359 ,336,756.7 
77.363 ,337,761.7 
77.366 ,338,764.2 
77.369 ,339,761.1 
77.373 ,340,762.9 
77.376 ,341,755.4 
77.379 ,342,758.4 
77.383 ,343,755.4 
77.386 ,344,755.4 
77.389 ,345,751.7 
77.393 ,346,755.1 
77.396 ,347,753.2 
77.399 ,348,760.1 
77.403 ,349,760.5 
77.406 ,350,764.7 
77.409 ,351,763.0 
77.413 ,352,760.1 
77.416 ,353,756.5 
77.419 ,354,761.0 
77.423 ,355,760.8 
77.426 ,356,762.7 
77.429 ,357,763.6 
77.433 ,358,754.0 
77.436 ,359,763.4 
77.439 ,360,767.6 
77.443 ,361,768.4 
77.446 ,362,764.5 
77.449 ,363,768.5 
77.453 ,364,773.3 
77.456 ,365,774.1 
77.459 ,366,765.0 
77.463 ,367,769.1 
77.466 ,368,762.2 
77.469 ,369,762.5 
77.473 ,370,762.9 
77.476 ,371,764.3 
77.479 ,372,764.8 
77.483 ,373,762.8 
77.486 ,374,761.6 
77.489 ,375,755.0 
77.493 ,376,755.0 
77.496 ,377,756.2 
77.499 ,378,764.7 
77.503 ,379,765.5 
77.506 ,380,756.2 
77.509 ,381,762.5 
77.513 ,382,754.8 
77.516 ,383,753.1 
77.519 ,384,763.5 
77.523 ,385,760.8 
77.526 ,386,750.9 
77.529 ,387,756.2 
77.533 ,388,755.7 
77.536 ,389,747.8 
77.539 ,390,747.4 
77.543 ,391,752.6 
77.546 ,392,750.2 
77.549 ,393,748.0 
77.553 ,394,746.5 
77.556 ,395,749.0 
77.559 ,396,742.8 
77.563 ,397,743.7 
77.566 ,398,750.0 
77.569 ,399,756.1 
77.573 ,400,760.2 
77.576 ,401,759.0 
77.579 ,402,753.3 
77.583 ,403,754.8 
77.586 ,404,758.7 
77.589 ,405,759.0 
77.593 ,406,760.1 
77.596 ,407,761.7 
77.599 ,408,751.4 
77.603 ,409,756.8 
77.606 ,410,761.9 
77.609 ,411,764.0 
77.613 ,412,764.3 
77.616 ,413,760.2 
77.619 ,414,757.5 
77.623 ,415,755.9 
77.626 ,416,755.0 
77.629 ,417,758.3 
77.633 ,418,753.2 
77.636 ,419,756.9 
77.639 ,420,758.4 
77.643 ,421,756.5 
77.646 ,422,751.9 
77.649 ,423,753.4 
77.653 ,424,752.2 
77.656 ,425,750.8 
77.659 ,426,748.7 
77.663 ,427,750.9 
77.666 ,428,751.0 
77.669 ,429,749.1 
77.673 ,430,749.4 
77.676 ,431,752.2 
77.679 ,432,747.8 
77.683 ,433,747.9 
77.686 ,434,761.0 
77.689 ,435,762.3 
77.693 ,436,759.5 
77.696 ,437,761.4 
77.699 ,438,760.8 
77.703 ,439,759.0 
77.706 ,440,757.1 
77.709 ,441,762.8 
77.713 ,442,761.6 
77.716 ,443,758.6 
77.719 ,444,757.1 
77.723 ,445,753.7 
77.726 ,446,760.5 
77.729 ,447,759.3 
77.733 ,448,754.4 
77.736 ,449,756.4 
77.739 ,450,754.8 
,,
77.763 ,9,760.2 
77.767 ,10,761.2 
77.770 ,11,766.2 
77.773 ,12,769.6 
77.777 ,13,769.4 
77.780 ,14,765.5 
77.783 ,15,766.8 
77.787 ,16,764.9 
77.790 ,17,758.8 
77.793 ,18,763.6 
77.797 ,19,764.9 
77.800 ,20,759.5 
77.803 ,21,761.2 
77.807 ,22,768.6 
77.810 ,23,763.8 
77.813 ,24,765.6 
77.817 ,25,769.6 
77.820 ,26,767.3 
77.823 ,27,767.5 
77.827 ,28,767.1 
77.830 ,29,765.3 
77.833 ,30,758.8 
77.837 ,31,758.8 
77.840 ,32,753.6 
77.843 ,33,758.2 
77.847 ,34,757.3 
77.850 ,35,753.7 
77.853 ,36,753.5 
77.857 ,37,751.0 
77.860 ,38,754.7 
77.863 ,39,754.4 
77.867 ,40,760.3 
77.870 ,41,764.1 
77.873 ,42,758.1 
77.877 ,43,762.5 
77.880 ,44,753.7 
77.883 ,45,739.8 
77.887 ,46,741.5 
77.890 ,47,749.2 
77.893 ,48,750.3 
77.897 ,49,742.1 
77.900 ,50,745.6 
77.903 ,51,739.5 
77.907 ,52,737.4 
77.910 ,53,739.5 
77.913 ,54,746.6 
77.917 ,55,763.0 
77.920 ,56,768.2 
77.923 ,57,769.3 
77.927 ,58,769.6 
77.930 ,59,774.4 
77.933 ,60,773.2 
77.937 ,61,772.3 
77.940 ,62,769.9 
77.943 ,63,770.6 
77.947 ,64,765.8 
77.950 ,65,764.8 
77.953 ,66,762.8 
77.957 ,67,754.4 
77.960 ,68,749.3 
77.963 ,69,747.4 
77.967 ,70,751.8 
77.970 ,71,747.9 
77.973 ,72,756.8 
77.977 ,73,748.7 
77.980 ,74,747.4 
77.983 ,75,750.1 
77.987 ,76,752.8 
77.990 ,77,753.2 
77.993 ,78,756.7 
77.997 ,79,748.1 
78.000 ,80,751.0 
78.003 ,81,753.4 
78.007 ,82,753.9 
78.010 ,83,751.8 
78.013 ,84,752.4 
78.017 ,85,749.5 
78.020 ,86,755.5 
78.023 ,87,751.4 
78.027 ,88,760.8 
78.030 ,89,761.1 
78.033 ,90,763.8 
78.037 ,91,757.7 
78.040 ,92,756.9 
78.043 ,93,757.3 
78.047 ,94,755.3 
78.050 ,95,755.5 
78.053 ,96,757.3 
78.057 ,97,762.6 
78.060 ,98,764.3 
78.063 ,99,765.9 
78.067 ,100,769.6 
78.070 ,101,775.6 
78.073 ,102,769.6 
78.077 ,103,761.8 
78.080 ,104,759.3 
78.083 ,105,758.7 
78.087 ,106,758.3 
78.090 ,107,758.5 
78.093 ,108,758.4 
78.097 ,109,758.0 
78.100 ,110,748.2 
78.103 ,111,747.1 
78.107 ,112,746.9 
78.110 ,113,747.7 
78.113 ,114,750.7 
78.117 ,115,758.6 
78.120 ,116,761.8 
78.123 ,117,761.5 
78.127 ,118,757.7 
78.130 ,119,759.9 
78.133 ,120,762.6 
78.137 ,121,759.7 
78.140 ,122,747.2 
78.143 ,123,758.0 
78.147 ,124,754.1 
78.150 ,125,758.5 
78.153 ,126,750.1 
78.157 ,127,755.0 
78.160 ,128,753.1 
78.163 ,129,764.6 
78.167 ,130,765.3 
78.170 ,131,754.0 
78.173 ,132,755.4 
78.177 ,133,755.6 
78.180 ,134,758.1 
78.183 ,135,755.8 
78.187 ,136,761.8 
78.190 ,137,757.7 
78.193 ,138,754.8 
78.197 ,139,742.1 
78.200 ,140,740.5 
78.203 ,141,741.5 
78.207 ,142,742.9 
78.210 ,143,746.3 
78.213 ,144,750.1 
78.217 ,145,757.1 
78.220 ,146,751.9 
78.223 ,147,750.6 
78.227 ,148,747.0 
,,
78.298 ,156,746.5 
78.301 ,157,753.4 
78.304 ,158,746.8 
78.308 ,159,754.4 
78.311 ,160,761.3 
78.314 ,161,756.3 
78.318 ,162,759.0 
78.321 ,163,755.6 
78.324 ,164,744.3 
78.328 ,165,748.3 
78.331 ,166,752.3 
78.334 ,167,750.3 
78.338 ,168,749.1 
78.341 ,169,755.0 
78.344 ,170,749.1 
78.348 ,171,749.5 
78.351 ,172,751.6 
78.354 ,173,746.0 
78.358 ,174,746.0 
78.361 ,175,744.8 
78.364 ,176,744.4 
78.368 ,177,740.4 
78.371 ,178,746.8 
78.374 ,179,745.3 
78.378 ,180,740.0 
78.381 ,181,736.6 
78.384 ,182,742.7 
78.388 ,183,744.9 
78.391 ,184,748.3 
78.394 ,185,748.6 
78.398 ,186,746.5 
78.401 ,187,757.7 
78.404 ,188,753.2 
78.408 ,189,750.2 
78.411 ,190,756.5 
78.414 ,191,767.3 
78.418 ,192,770.3 
78.421 ,193,773.0 
78.424 ,194,764.6 
78.428 ,195,752.9 
78.431 ,196,754.4 
78.434 ,197,755.8 
78.438 ,198,757.1 
78.441 ,199,758.0 
78.444 ,200,761.1 
78.448 ,201,758.3 
78.451 ,202,758.9 
78.454 ,203,755.2 
78.458 ,204,758.1 
78.461 ,205,759.5 
78.464 ,206,757.7 
78.468 ,207,759.2 
78.471 ,208,756.3 
78.474 ,209,758.1 
78.478 ,210,756.2 
78.481 ,211,767.0 
78.484 ,212,763.7 
78.488 ,213,764.7 
78.491 ,214,755.8 
78.494 ,215,750.2 
78.498 ,216,746.7 
78.501 ,217,755.2 
78.504 ,218,753.3 
78.508 ,219,760.2 
78.511 ,220,757.6 
78.514 ,221,759.5 
78.518 ,222,756.0 
78.521 ,223,758.4 
78.524 ,224,762.3 
78.528 ,225,763.3 
78.531 ,226,756.4 
78.534 ,227,754.8 
78.538 ,228,735.6 
78.541 ,229,742.1 
78.544 ,230,742.8 
78.548 ,231,737.0 
78.551 ,232,737.2 
78.554 ,233,737.8 
78.558 ,234,741.2 
78.561 ,235,762.8 
78.564 ,236,766.3 
78.568 ,237,765.1 
78.571 ,238,766.4 
78.574 ,239,762.9 
78.578 ,240,754.0 
78.581 ,241,749.8 
78.584 ,242,755.0 
78.588 ,243,760.0 
78.591 ,244,758.8 
78.594 ,245,756.1 
78.598 ,246,759.5 
78.601 ,247,759.8 
78.604 ,248,759.3 
78.608 ,249,771.7 
78.611 ,250,774.0 
78.614 ,251,770.1 
78.618 ,252,769.5 
78.621 ,253,769.8 
78.624 ,254,771.3 
78.628 ,255,767.9 
78.631 ,256,766.1 
78.634 ,257,758.2 
78.638 ,258,765.9 
78.641 ,259,759.7 
78.644 ,260,767.0 
78.648 ,261,770.4 
78.651 ,262,770.4 
78.654 ,263,768.1 
78.658 ,264,760.7 
78.661 ,265,756.1 
78.664 ,266,760.9 
78.668 ,267,770.8 
78.671 ,268,771.1 
78.674 ,269,770.6 
78.678 ,270,768.7 
78.681 ,271,771.3 
78.684 ,272,765.2 
78.688 ,273,768.2 
78.691 ,274,762.0 
78.694 ,275,761.0 
78.698 ,276,763.9 
78.701 ,277,763.9 
78.704 ,278,749.4 
78.708 ,279,754.3 
78.711 ,280,768.5 
78.714 ,281,773.2 
78.718 ,282,772.1 
78.721 ,283,770.7 
78.724 ,284,765.9 
78.728 ,285,761.3 
78.731 ,286,758.3 
78.734 ,287,760.2 
78.738 ,288,758.6 
78.741 ,289,764.3 
78.744 ,290,765.7 
78.748 ,291,766.8 
78.751 ,292,759.7 
,,
78.713 ,297,748.5 
78.716 ,298,760.1 
78.720 ,299,769.8 
78.723 ,300,769.8 
78.726 ,301,775.8 
78.730 ,302,770.3 
78.733 ,303,770.3 
78.736 ,304,766.1 
78.740 ,305,765.9 
78.743 ,306,768.6 
78.746 ,307,767.5 
78.750 ,308,763.1 
78.753 ,309,769.5 
78.756 ,310,757.6 
78.760 ,311,752.9 
78.763 ,312,752.7 
78.766 ,313,751.4 
78.770 ,314,757.5 
78.773 ,315,753.8 
78.776 ,316,757.8 
78.780 ,317,758.4 
78.783 ,318,776.9 
78.786 ,319,778.9 
78.790 ,320,774.4 
78.793 ,321,773.6 
78.796 ,322,768.6 
78.800 ,323,759.7 
78.803 ,324,762.6 
78.806 ,325,768.1 
78.810 ,326,764.0 
78.813 ,327,765.4 
78.816 ,328,764.0 
78.820 ,329,768.1 
78.823 ,330,763.2 
78.826 ,331,764.6 
78.830 ,332,764.5 
78.833 ,333,769.6 
78.836 ,334,770.6 
78.840 ,335,762.5 
78.843 ,336,760.8 
78.846 ,337,753.9 
78.850 ,338,751.4 
78.853 ,339,749.2 
78.856 ,340,749.5 
78.860 ,341,761.3 
78.863 ,342,767.2 
78.866 ,343,763.2 
78.870 ,344,772.2 
78.873 ,345,773.6 
78.876 ,346,768.3 
78.880 ,347,767.6 
78.883 ,348,764.1 
78.886 ,349,764.1 
78.890 ,350,760.2 
78.893 ,351,759.5 
78.896 ,352,767.3 
78.900 ,353,764.9 
78.903 ,354,765.2 
78.906 ,355,762.2 
78.910 ,356,762.5 
78.913 ,357,761.6 
78.916 ,358,758.2 
78.920 ,359,758.9 
78.923 ,360,755.7 
78.926 ,361,752.6 
78.930 ,362,758.5 
78.933 ,363,754.5 
78.936 ,364,767.3 
78.940 ,365,766.8 
78.943 ,366,765.0 
78.946 ,367,764.0 
78.950 ,368,759.0 
78.953 ,369,760.9 
78.956 ,370,756.8 
78.960 ,371,755.0 
78.963 ,372,753.7 
78.966 ,373,751.7 
78.970 ,374,755.9 
78.973 ,375,751.7 
78.976 ,376,749.5 
78.980 ,377,753.2 
78.983 ,378,756.7 
78.986 ,379,761.0 
78.990 ,380,761.3 
78.993 ,381,756.9 
78.996 ,382,761.2 
79.000 ,383,758.1 
79.003 ,384,756.5 
79.006 ,385,754.7 
79.010 ,386,758.1 
79.013 ,387,760.3 
79.016 ,388,758.2 
79.020 ,389,761.7 
79.023 ,390,755.8 
79.026 ,391,763.4 
79.030 ,392,761.8 
79.033 ,393,761.1 
79.036 ,394,765.1 
79.040 ,395,762.2 
79.043 ,396,758.9 
79.046 ,397,757.2 
79.050 ,398,756.9 
79.053 ,399,754.2 
79.056 ,400,744.0 
79.060 ,401,749.0 
79.063 ,402,748.0 
79.066 ,403,748.7 
79.070 ,404,758.4 
79.073 ,405,768.7 
79.076 ,406,762.8 
79.080 ,407,765.8 
79.083 ,408,765.0 
79.086 ,409,772.6 
79.090 ,410,759.8 
79.093 ,411,762.4 
79.096 ,412,752.4 
79.100 ,413,761.1 
79.103 ,414,761.4 
79.106 ,415,767.0 
79.110 ,416,761.7 
79.113 ,417,764.9 
79.116 ,418,766.2 
79.120 ,419,764.4 
79.123 ,420,766.8 
79.126 ,421,764.2 
79.130 ,422,760.3 
79.133 ,423,762.9 
79.136 ,424,759.5 
79.140 ,425,764.0 
79.143 ,426,756.8 
79.146 ,427,759.4 
79.150 ,428,752.1 
79.153 ,429,752.1 
79.156 ,430,753.6 
79.160 ,431,751.9 
79.163 ,432,752.2 
79.166 ,433,756.0 
79.170 ,434,761.3 
79.173 ,435,756.9 
79.176 ,436,762.8 
79.180 ,437,760.5 
79.183 ,438,762.2 
79.186 ,439,768.2 
79.190 ,440,761.4 
,,
79.205 ,4,773.9 
79.208 ,5,775.0 
79.212 ,6,765.9 
79.215 ,7,771.2 
79.218 ,8,772.6 
79.222 ,9,762.9 
79.225 ,10,748.4 
79.228 ,11,744.4 
79.232 ,12,747.2 
79.235 ,13,750.3 
79.238 ,14,750.5 
79.242 ,15,754.8 
79.245 ,16,751.8 
79.248 ,17,744.2 
79.252 ,18,745.9 
79.255 ,19,748.4 
79.258 ,20,742.9 
79.262 ,21,747.2 
79.265 ,22,762.5 
79.268 ,23,759.5 
79.272 ,24,762.5 
79.275 ,25,765.1 
79.278 ,26,765.2 
79.282 ,27,762.7 
79.285 ,28,761.8 
79.288 ,29,759.1 
79.292 ,30,761.9 
79.295 ,31,750.7 
79.298 ,32,748.3 
79.302 ,33,749.4 
79.305 ,34,745.0 
79.308 ,35,740.1 
79.312 ,36,732.0 
79.315 ,37,729.1 
79.318 ,38,736.4 
79.322 ,39,744.3 
79.325 ,40,761.3 
79.328 ,41,763.2 
79.332 ,42,762.5 
79.335 ,43,759.8 
79.338 ,44,753.6 
79.342 ,45,748.7 
79.345 ,46,739.6 
79.348 ,47,736.1 
79.352 ,48,741.3 
79.355 ,49,741.2 
79.358 ,50,739.6 
79.362 ,51,739.9 
79.365 ,52,740.1 
79.368 ,53,742.5 
79.372 ,54,744.7 
79.375 ,55,738.8 
79.378 ,56,743.2 
79.382 ,57,740.7 
79.385 ,58,740.7 
79.388 ,59,743.5 
79.392 ,60,739.9 
79.395 ,61,744.3 
79.398 ,62,739.9 
79.402 ,63,743.5 
79.405 ,64,744.8 
79.408 ,65,742.9 
79.412 ,66,745.3 
79.415 ,67,745.6 
79.418 ,68,754.0 
79.422 ,69,754.2 
79.425 ,70,746.9 
79.428 ,71,750.7 
79.432 ,72,750.7 
79.435 ,73,751.8 
79.438 ,74,752.9 
79.442 ,75,751.4 
79.445 ,76,756.0 
79.448 ,77,765.4 
79.452 ,78,762.4 
79.455 ,79,764.8 
79.458 ,80,767.6 
79.462 ,81,764.4 
79.465 ,82,767.3 
79.468 ,83,759.9 
79.472 ,84,757.8 
79.475 ,85,761.3 
79.478 ,86,760.7 
79.482 ,87,761.3 
79.485 ,88,751.8 
79.488 ,89,749.3 
79.492 ,90,750.2 
79.495 ,91,750.0 
79.498 ,92,755.4 
79.502 ,93,748.4 
79.505 ,94,764.8 
79.508 ,95,754.7 
79.512 ,96,752.2 
79.515 ,97,755.5 
79.518 ,98,761.4 
79.522 ,99,759.6 
79.525 ,100,755.0 
79.528 ,101,759.5 
79.532 ,102,756.0 
79.535 ,103,757.6 
79.538 ,104,763.8 
79.542 ,105,762.4 
79.545 ,106,764.8 
79.548 ,107,764.3 
79.552 ,108,765.1 
79.555 ,109,764.3 
79.558 ,110,765.1 
79.562 ,111,764.3 
79.565 ,112,761.1 
79.568 ,113,759.3 
79.572 ,114,759.4 
79.575 ,115,759.8 
79.578 ,116,758.1 
79.582 ,117,766.0 
79.585 ,118,764.6 
79.588 ,119,767.3 
79.592 ,120,770.6 
79.595 ,121,767.5 
79.598 ,122,767.1 
79.602 ,123,771.4 
79.605 ,124,770.0 
79.608 ,125,770.7 
79.612 ,126,773.8 
79.615 ,127,761.5 
79.618 ,128,766.2 
79.622 ,129,758.3 
79.625 ,130,757.6 
79.628 ,131,758.4 
79.632 ,132,754.9 
79.635 ,133,757.8 
79.638 ,134,756.5 
79.642 ,135,752.5 
79.645 ,136,755.5 
79.648 ,137,760.3 
79.652 ,138,766.1 
79.655 ,139,758.7 
79.658 ,140,761.3 
79.662 ,141,757.7 
79.665 ,142,758.1 
79.668 ,143,760.4 
79.672 ,144,767.2 
79.675 ,145,764.0 
79.678 ,146,767.5 
79.682 ,147,759.0 
79.685 ,148,758.5 
79.688 ,149,750.8 
,,
79.702 ,154,752.7 
79.705 ,155,753.8 
79.708 ,156,757.3 
79.712 ,157,749.0 
79.715 ,158,759.2 
79.718 ,159,752.4 
79.722 ,160,754.3 
79.725 ,161,759.8 
79.728 ,162,771.9 
79.732 ,163,764.6 
79.735 ,164,766.8 
79.738 ,165,760.3 
79.742 ,166,759.5 
79.745 ,167,761.7 
79.748 ,168,766.7 
79.752 ,169,773.3 
79.755 ,170,766.7 
79.758 ,171,765.6 
79.762 ,172,767.5 
79.765 ,173,763.0 
79.768 ,174,769.2 
79.772 ,175,763.5 
79.775 ,176,770.7 
79.778 ,177,768.1 
79.782 ,178,765.5 
79.785 ,179,760.5 
79.788 ,180,761.7 
79.792 ,181,766.2 
79.795 ,182,755.3 
79.798 ,183,747.6 
79.802 ,184,745.0 
79.805 ,185,744.1 
79.808 ,186,745.7 
79.812 ,187,747.1 
79.815 ,188,744.4 
79.818 ,189,743.8 
79.822 ,190,750.7 
79.825 ,191,745.3 
79.828 ,192,742.5 
79.832 ,193,746.1 
79.835 ,194,745.9 
79.838 ,195,744.5 
79.842 ,196,745.4 
79.845 ,197,752.1 
79.848 ,198,746.7 
79.852 ,199,746.0 
79.855 ,200,749.0 
79.858 ,201,754.7 
79.862 ,202,752.1 
79.865 ,203,753.8 
79.868 ,204,753.6 
79.872 ,205,752.0 
79.875 ,206,749.0 
79.878 ,207,752.0 
79.882 ,208,753.0 
79.885 ,209,748.6 
79.888 ,210,746.1 
79.892 ,211,751.7 
79.895 ,212,749.8 
79.898 ,213,749.1 
79.902 ,214,747.6 
79.905 ,215,748.8 
79.908 ,216,749.0 
79.912 ,217,751.0 
79.915 ,218,752.1 
79.918 ,219,756.6 
79.922 ,220,756.5 
79.925 ,221,762.7 
79.928 ,222,756.5 
79.932 ,223,757.5 
79.935 ,224,757.9 
79.938 ,225,760.4 
79.942 ,226,756.6 
79.945 ,227,761.6 
79.948 ,228,758.1 
79.952 ,229,769.2 
79.955 ,230,768.6 
79.958 ,231,766.7 
79.962 ,232,760.1 
79.965 ,233,761.3 
79.968 ,234,767.4 
79.972 ,235,770.7 
79.975 ,236,771.9 
79.978 ,237,765.5 
79.982 ,238,768.7 
79.985 ,239,762.7 
79.988 ,240,770.1 
79.992 ,241,771.9 
79.995 ,242,769.2 
79.998 ,243,761.2 
80.002 ,244,766.4 
80.005 ,245,770.8 
80.008 ,246,766.3 
80.012 ,247,768.0 
80.015 ,248,767.5 
80.018 ,249,768.8 
80.022 ,250,766.6 
80.025 ,251,769.6 
80.028 ,252,771.8 
80.032 ,253,775.2 
80.035 ,254,777.3 
80.038 ,255,777.9 
80.042 ,256,777.4 
80.045 ,257,767.7 
80.048 ,258,767.0 
80.052 ,259,767.2 
80.055 ,260,766.2 
80.058 ,261,761.2 
80.062 ,262,762.2 
80.065 ,263,763.8 
80.068 ,264,764.9 
80.072 ,265,760.9 
80.075 ,266,768.8 
80.078 ,267,770.1 
80.082 ,268,767.2 
80.085 ,269,759.8 
80.088 ,270,749.6 
80.092 ,271,755.1 
80.095 ,272,758.0 
80.098 ,273,757.1 
80.102 ,274,762.8 
80.105 ,275,759.9 
80.108 ,276,763.7 
80.112 ,277,767.4 
80.115 ,278,766.4 
80.118 ,279,760.8 
80.122 ,280,765.0 
,,
80.148 ,290,764.8 
80.152 ,291,764.5 
80.155 ,292,766.8 
80.158 ,293,767.0 
80.162 ,294,768.3 
80.165 ,295,760.4 
80.168 ,296,759.5 
80.172 ,297,764.9 
80.175 ,298,764.3 
80.178 ,299,763.4 
80.182 ,300,772.5 
80.185 ,301,766.5 
80.188 ,302,769.8 
80.192 ,303,776.1 
80.195 ,304,779.9 
80.198 ,305,779.4 
80.202 ,306,777.9 
80.205 ,307,776.7 
80.208 ,308,777.4 
80.212 ,309,770.5 
80.215 ,310,773.7 
80.218 ,311,773.4 
80.222 ,312,768.5 
80.225 ,313,768.3 
80.228 ,314,770.3 
80.232 ,315,764.8 
80.235 ,316,762.3 
80.238 ,317,765.3 
80.242 ,318,768.0 
80.245 ,319,774.1 
80.248 ,320,781.0 
80.252 ,321,782.7 
80.255 ,322,777.0 
80.258 ,323,776.3 
80.262 ,324,774.2 
80.265 ,325,779.1 
80.268 ,326,769.1 
80.272 ,327,774.4 
80.275 ,328,771.7 
80.278 ,329,768.1 
80.282 ,330,769.9 
80.285 ,331,771.0 
80.288 ,332,763.6 
80.292 ,333,769.6 
80.295 ,334,770.6 
80.298 ,335,773.4 
80.302 ,336,764.5 
80.305 ,337,772.8 
80.308 ,338,769.6 
80.312 ,339,770.6 
80.315 ,340,771.5 
80.318 ,341,769.6 
80.322 ,342,770.0 
80.325 ,343,772.8 
80.328 ,344,769.6 
80.332 ,345,768.0 
80.335 ,346,762.3 
80.338 ,347,766.1 
80.342 ,348,756.6 
80.345 ,349,755.1 
80.348 ,350,761.8 
80.352 ,351,760.8 
80.355 ,352,758.4 
80.358 ,353,753.0 
80.362 ,354,757.4 
80.365 ,355,759.7 
80.368 ,356,767.5 
80.372 ,357,769.1 
80.375 ,358,768.0 
80.378 ,359,768.7 
80.382 ,360,764.7 
80.385 ,361,763.2 
80.388 ,362,761.9 
80.392 ,363,760.7 
80.395 ,364,758.6 
80.398 ,365,757.4 
80.402 ,366,753.7 
80.405 ,367,763.7 
80.408 ,368,770.7 
80.412 ,369,767.3 
80.415 ,370,757.1 
80.418 ,371,747.3 
80.422 ,372,749.9 
80.425 ,373,748.3 
80.428 ,374,749.5 
80.432 ,375,755.4 
80.435 ,376,752.0 
80.438 ,377,752.7 
80.442 ,378,753.9 
80.445 ,379,758.4 
80.448 ,380,750.2 
80.452 ,381,758.3 
80.455 ,382,752.3 
80.458 ,383,749.1 
80.462 ,384,753.1 
80.465 ,385,760.1 
80.468 ,386,757.6 
80.472 ,387,757.8 
80.475 ,388,757.4 
80.478 ,389,757.3 
80.482 ,390,753.9 
80.485 ,391,756.6 
80.488 ,392,756.9 
80.492 ,393,756.8 
80.495 ,394,758.7 
80.498 ,395,752.5 
80.502 ,396,753.9 
80.505 ,397,753.3 
80.508 ,398,755.7 
80.512 ,399,753.2 
80.515 ,400,758.2 
80.518 ,401,750.4 
80.522 ,402,756.1 
80.525 ,403,757.2 
80.528 ,404,750.7 
80.532 ,405,753.0 
80.535 ,406,755.3 
80.538 ,407,756.6 
80.542 ,408,747.5 
80.545 ,409,756.1 
80.548 ,410,756.9 
80.552 ,411,762.7 
80.555 ,412,765.8 
80.558 ,413,762.5 
80.562 ,414,762.4 
80.565 ,415,764.3 
80.568 ,416,761.3 
80.572 ,417,760.6 
80.575 ,418,769.6 
80.578 ,419,767.0 
80.582 ,420,761.5 
80.585 ,421,759.4 
80.588 ,422,764.7 
80.592 ,423,765.3 
80.595 ,424,760.9 
80.598 ,425,754.1 
80.602 ,426,755.1 
80.605 ,427,749.4 
80.608 ,428,756.8 
80.612 ,429,752.0 
80.615 ,430,753.0 
80.618 ,431,755.0 
80.622 ,432,758.4 
80.625 ,433,762.9 
80.628 ,434,757.5 
,,
80.648 ,7,770.5 
80.652 ,8,779.2 
80.655 ,9,777.7 
80.658 ,10,773.0 
80.662 ,11,774.5 
80.665 ,12,772.6 
80.668 ,13,776.3 
80.672 ,14,774.2 
80.675 ,15,773.7 
80.678 ,16,768.1 
80.682 ,17,769.8 
80.685 ,18,771.2 
80.688 ,19,771.8 
80.692 ,20,767.8 
80.695 ,21,763.2 
80.698 ,22,768.7 
80.702 ,23,765.0 
80.705 ,24,764.7 
80.708 ,25,767.1 
80.712 ,26,764.7 
80.715 ,27,776.1 
80.718 ,28,774.0 
80.722 ,29,776.2 
80.725 ,30,780.2 
80.728 ,31,781.2 
80.732 ,32,780.2 
80.735 ,33,777.0 
80.738 ,34,771.3 
80.742 ,35,772.5 
80.745 ,36,782.0 
80.748 ,37,781.9 
80.752 ,38,778.6 
80.755 ,39,788.0 
80.758 ,40,780.2 
80.762 ,41,778.8 
80.765 ,42,777.4 
80.768 ,43,782.0 
80.772 ,44,781.2 
80.775 ,45,781.4 
80.778 ,46,780.1 
80.782 ,47,783.7 
80.785 ,48,786.3 
80.788 ,49,790.0 
80.792 ,50,783.2 
80.795 ,51,778.5 
80.798 ,52,771.5 
80.802 ,53,776.8 
80.805 ,54,780.9 
80.808 ,55,778.5 
80.812 ,56,780.6 
80.815 ,57,787.6 
80.818 ,58,786.5 
80.822 ,59,778.0 
80.825 ,60,771.6 
80.828 ,61,772.7 
80.832 ,62,764.7 
80.835 ,63,767.3 
80.838 ,64,772.9 
80.842 ,65,772.1 
80.845 ,66,769.4 
80.848 ,67,769.6 
80.852 ,68,770.0 
80.855 ,69,775.4 
80.858 ,70,776.0 
80.862 ,71,776.6 
80.865 ,72,776.0 
80.868 ,73,774.5 
80.872 ,74,782.2 
80.875 ,75,784.8 
80.878 ,76,775.6 
80.882 ,77,781.6 
80.885 ,78,780.9 
80.888 ,79,779.6 
80.892 ,80,776.1 
80.895 ,81,773.8 
80.898 ,82,774.0 
80.902 ,83,771.8 
80.905 ,84,778.7 
80.908 ,85,780.1 
80.912 ,86,785.6 
80.915 ,87,775.2 
80.918 ,88,779.2 
80.922 ,89,775.1 
80.925 ,90,778.4 
80.928 ,91,782.7 
80.932 ,92,783.4 
80.935 ,93,782.7 
80.938 ,94,782.6 
80.942 ,95,778.0 
80.945 ,96,779.0 
80.948 ,97,779.3 
80.952 ,98,778.0 
80.955 ,99,774.8 
80.958 ,100,773.2 
80.962 ,101,782.7 
80.965 ,102,781.1 
80.968 ,103,786.4 
80.972 ,104,784.3 
80.975 ,105,780.8 
80.978 ,106,775.4 
80.982 ,107,772.2 
80.985 ,108,772.3 
80.988 ,109,773.5 
80.992 ,110,772.1 
80.995 ,111,768.1 
80.998 ,112,763.5 
81.002 ,113,767.0 
81.005 ,114,754.6 
81.008 ,115,761.2 
81.012 ,116,762.3 
81.015 ,117,760.5 
81.018 ,118,771.7 
81.022 ,119,779.3 
81.025 ,120,768.9 
81.028 ,121,772.8 
81.032 ,122,763.6 
,,
81.040 ,128,763.3 
81.043 ,129,763.8 
81.047 ,130,766.8 
81.050 ,131,764.4 
81.053 ,132,764.9 
81.057 ,133,770.7 
81.060 ,134,774.3 
81.063 ,135,764.1 
81.067 ,136,772.5 
81.070 ,137,775.4 
81.073 ,138,774.8 
81.077 ,139,769.9 
81.080 ,140,771.4 
81.083 ,141,775.5 
81.087 ,142,776.0 
81.090 ,143,778.6 
81.093 ,144,785.0 
81.097 ,145,785.8 
81.100 ,146,779.8 
81.103 ,147,781.9 
81.107 ,148,779.4 
81.110 ,149,780.6 
81.113 ,150,781.6 
81.117 ,151,777.6 
81.120 ,152,774.4 
81.123 ,153,776.8 
81.127 ,154,768.9 
81.130 ,155,764.9 
81.133 ,156,764.1 
81.137 ,157,765.7 
81.140 ,158,764.0 
81.143 ,159,765.4 
81.147 ,160,769.7 
81.150 ,161,770.1 
81.153 ,162,767.4 
81.157 ,163,772.7 
81.160 ,164,767.9 
81.163 ,165,769.7 
81.167 ,166,773.3 
81.170 ,167,775.9 
81.173 ,168,774.6 
81.177 ,169,780.1 
81.180 ,170,776.7 
81.183 ,171,774.1 
81.187 ,172,772.9 
81.190 ,173,773.1 
81.193 ,174,776.4 
81.197 ,175,778.7 
81.200 ,176,781.1 
81.203 ,177,786.1 
81.207 ,178,785.5 
81.210 ,179,776.4 
81.213 ,180,776.6 
81.217 ,181,773.0 
81.220 ,182,769.6 
81.223 ,183,769.3 
81.227 ,184,761.0 
81.230 ,185,773.8 
81.233 ,186,773.6 
81.237 ,187,783.0 
81.240 ,188,785.5 
81.243 ,189,790.1 
81.247 ,190,789.9 
81.250 ,191,783.0 
81.253 ,192,773.7 
81.257 ,193,773.2 
81.260 ,194,772.5 
81.263 ,195,777.5 
81.267 ,196,786.1 
81.270 ,197,777.4 
81.273 ,198,786.1 
81.277 ,199,784.2 
81.280 ,200,779.7 
81.283 ,201,782.9 
81.287 ,202,774.5 
81.290 ,203,777.3 
81.293 ,204,776.1 
81.297 ,205,781.0 
81.300 ,206,782.4 
81.303 ,207,778.8 
81.307 ,208,781.7 
81.310 ,209,782.4 
81.313 ,210,773.3 
81.317 ,211,772.7 
81.320 ,212,777.5 
81.323 ,213,777.5 
81.327 ,214,782.4 
81.330 ,215,774.8 
81.333 ,216,772.9 
81.337 ,217,770.6 
81.340 ,218,770.2 
81.343 ,219,771.7 
81.347 ,220,771.6 
81.350 ,221,775.4 
81.353 ,222,775.4 
81.357 ,223,775.0 
81.360 ,224,768.1 
81.363 ,225,766.8 
81.367 ,226,764.9 
81.370 ,227,758.9 
81.373 ,228,763.7 
81.377 ,229,768.1 
81.380 ,230,767.2 
81.383 ,231,763.0 
81.387 ,232,760.9 
81.390 ,233,762.4 
81.393 ,234,759.8 
81.403 ,235,758.9 
81.407 ,236,762.9 
81.410 ,237,774.3 
81.413 ,238,774.0 
81.417 ,239,776.9 
81.420 ,240,778.1 
81.423 ,241,769.7 
81.427 ,242,757.6 
81.430 ,243,762.0 
81.433 ,244,761.5 
81.437 ,245,753.4 
81.440 ,246,752.0 
81.443 ,247,764.1 
81.447 ,248,759.9 
81.450 ,249,762.0 
81.453 ,250,765.4 
81.457 ,251,768.3 
81.460 ,252,769.0 
81.463 ,253,775.0 
81.467 ,254,766.5 
81.470 ,255,763.0 
81.473 ,256,763.3 
81.477 ,257,753.6 
81.480 ,258,765.7 
81.483 ,259,760.5 
81.487 ,260,763.6 
81.490 ,261,762.3 
81.493 ,262,767.9 
81.497 ,263,763.8 
81.500 ,264,755.7 
81.503 ,265,753.3 
81.507 ,266,747.5 
81.510 ,267,753.1 
81.513 ,268,757.0 
81.517 ,269,759.6 
81.520 ,270,758.8 
81.523 ,271,760.5 
81.527 ,272,761.2 
81.530 ,273,777.0 
81.533 ,274,764.3 
,,
81.540 ,281,756.1 
81.543 ,282,762.8 
81.547 ,283,762.2 
81.550 ,284,763.3 
81.553 ,285,760.2 
81.557 ,286,758.2 
81.560 ,287,759.2 
81.563 ,288,760.4 
81.567 ,289,765.3 
81.570 ,290,763.2 
81.573 ,291,772.6 
81.577 ,292,769.2 
81.580 ,293,762.9 
81.583 ,294,763.7 
81.587 ,295,764.9 
81.590 ,296,765.2 
81.593 ,297,766.7 
81.597 ,298,763.5 
81.600 ,299,770.9 
81.603 ,300,771.3 
81.607 ,301,769.6 
81.610 ,302,766.3 
81.613 ,303,778.0 
81.617 ,304,762.1 
81.620 ,305,760.1 
81.623 ,306,763.8 
81.627 ,307,767.0 
81.630 ,308,770.3 
81.633 ,309,767.1 
81.637 ,310,768.9 
81.640 ,311,772.1 
81.643 ,312,770.7 
81.647 ,313,763.9 
81.650 ,314,764.9 
81.653 ,315,765.0 
81.657 ,316,766.1 
81.660 ,317,772.8 
81.663 ,318,760.9 
81.667 ,319,752.7 
81.670 ,320,754.1 
81.673 ,321,762.5 
81.677 ,322,775.5 
81.680 ,323,776.8 
81.683 ,324,777.4 
81.687 ,325,774.7 
81.690 ,326,760.1 
81.693 ,327,752.4 
81.697 ,328,766.4 
81.700 ,329,770.7 
81.703 ,330,772.9 
81.707 ,331,776.4 
81.710 ,332,766.3 
81.713 ,333,758.0 
81.717 ,334,749.4 
81.720 ,335,757.1 
81.723 ,336,764.9 
81.727 ,337,766.0 
81.730 ,338,775.4 
81.733 ,339,766.5 
81.737 ,340,771.8 
81.740 ,341,766.1 
81.743 ,342,760.6 
81.747 ,343,765.7 
81.750 ,344,764.7 
81.753 ,345,769.5 
81.757 ,346,762.9 
81.760 ,347,757.8 
81.763 ,348,768.2 
81.767 ,349,770.7 
81.770 ,350,769.0 
81.773 ,351,769.3 
81.777 ,352,758.5 
81.780 ,353,766.5 
81.783 ,354,761.4 
81.787 ,355,766.6 
81.790 ,356,757.1 
81.793 ,357,765.4 
81.797 ,358,764.3 
81.800 ,359,765.9 
81.803 ,360,759.7 
81.807 ,361,762.0 
81.810 ,362,762.8 
81.813 ,363,764.0 
81.817 ,364,766.0 
81.820 ,365,766.7 
81.823 ,366,760.5 
81.827 ,367,758.0 
81.830 ,368,760.3 
81.833 ,369,763.9 
81.837 ,370,754.9 
81.840 ,371,755.5 
81.843 ,372,757.8 
81.847 ,373,775.6 
81.850 ,374,772.8 
81.853 ,375,771.8 
81.857 ,376,769.4 
81.860 ,377,774.6 
81.863 ,378,771.1 
81.867 ,379,776.3 
81.870 ,380,780.6 
81.873 ,381,771.8 
81.877 ,382,773.1 
81.880 ,383,771.8 
81.883 ,384,764.0 
81.887 ,385,768.6 
81.890 ,386,764.9 
81.893 ,387,766.9 
81.897 ,388,763.3 
81.900 ,389,757.5 
81.903 ,390,760.8 
81.907 ,391,762.2 
81.910 ,392,776.4 
81.913 ,393,776.2 
81.917 ,394,772.6 
81.920 ,395,771.4 
81.923 ,396,773.2 
81.927 ,397,774.7 
81.930 ,398,782.3 
81.933 ,399,778.1 
81.937 ,400,773.9 
81.940 ,401,767.8 
81.943 ,402,755.8 
81.947 ,403,762.3 
81.950 ,404,760.1 
81.953 ,405,764.8 
81.957 ,406,759.8 
81.960 ,407,759.0 
81.963 ,408,769.8 
81.967 ,409,773.5 
81.970 ,410,773.7 
81.973 ,411,772.1 
81.977 ,412,769.5 
81.980 ,413,775.6 
81.983 ,414,776.5 
81.987 ,415,777.7 
81.990 ,416,779.1 
81.993 ,417,775.5 
81.997 ,418,759.3 
,,
82.022 ,424,752.4 
82.025 ,425,750.0 
82.028 ,426,749.5 
82.032 ,427,747.9 
82.035 ,428,752.1 
82.038 ,429,751.8 
82.042 ,430,761.9 
82.045 ,431,767.6 
82.048 ,432,768.3 
82.052 ,433,752.7 
82.055 ,434,741.3 
82.058 ,435,744.2 
82.062 ,436,737.4 
82.065 ,437,743.4 
82.068 ,438,742.3 
82.072 ,439,749.5 
82.075 ,440,750.7 
82.078 ,441,755.0 
82.082 ,442,749.5 
82.085 ,443,748.2 
82.088 ,444,752.0 
82.092 ,445,755.2 
82.095 ,446,751.8 
82.098 ,447,754.5 
82.102 ,448,756.5 
82.105 ,449,762.6 
82.108 ,450,770.0 
82.112 ,451,765.0 
82.115 ,452,767.6 
82.118 ,453,766.2 
82.122 ,454,768.3 
82.125 ,455,768.3 
82.128 ,456,774.7 
82.132 ,457,772.9 
82.135 ,458,775.7 
82.138 ,459,778.5 
82.142 ,460,773.2 
82.145 ,461,772.9 
82.148 ,462,776.3 
82.152 ,463,765.6 
82.155 ,464,779.1 
82.158 ,465,774.0 
82.162 ,466,780.7 
82.165 ,467,775.4 
82.168 ,468,775.2 
82.172 ,469,775.0 
82.175 ,470,777.8 
82.178 ,471,771.6 
82.182 ,472,768.6 
82.185 ,473,770.5 
82.188 ,474,775.5 
82.192 ,475,770.5 
82.195 ,476,772.2 
82.198 ,477,769.4 
82.202 ,478,770.0 
82.205 ,479,761.2 
82.208 ,480,766.6 
82.212 ,481,765.0 
82.215 ,482,766.3 
82.218 ,483,771.9 
82.222 ,484,769.3 
82.225 ,485,769.9 
82.228 ,486,758.7 
82.232 ,487,769.7 
82.235 ,488,772.1 
82.238 ,489,775.3 
82.242 ,490,780.1 
82.245 ,491,775.3 
82.248 ,492,776.1 
82.252 ,493,772.1 
82.255 ,494,771.6 
82.258 ,495,768.6 
82.262 ,496,776.5 
82.265 ,497,778.5 
82.268 ,498,778.2 
82.272 ,499,783.2 
82.275 ,500,776.3 
82.278 ,501,776.7 
82.282 ,502,774.1 
82.285 ,503,777.3 
82.288 ,504,776.8 
82.292 ,505,781.0 
82.295 ,506,775.8 
82.298 ,507,774.2 
82.302 ,508,779.3 
82.305 ,509,776.4 
82.308 ,510,779.1 
82.312 ,511,776.6 
82.315 ,512,776.9 
82.318 ,513,777.5 
82.322 ,514,776.9 
82.325 ,515,781.2 
82.328 ,516,777.4 
82.332 ,517,776.0 
82.335 ,518,775.2 
82.338 ,519,781.5 
82.342 ,520,774.4 
82.345 ,521,779.5 
82.348 ,522,773.9 
82.352 ,523,772.1 
82.355 ,524,774.4 
82.358 ,525,770.2 
82.362 ,526,766.4 
82.365 ,527,771.3 
82.368 ,528,768.9 
82.372 ,529,776.9 
82.375 ,530,777.5 
82.378 ,531,775.3 
82.382 ,532,765.3 
82.385 ,533,767.3 
82.388 ,534,768.0 
82.392 ,535,768.2 
82.395 ,536,765.9 
82.398 ,537,769.2 
82.402 ,538,775.2 
82.405 ,539,773.1 
82.408 ,540,772.5 
82.412 ,541,769.4 
82.415 ,542,770.3 
82.418 ,543,775.0 
82.422 ,544,770.5 
82.425 ,545,767.3 
82.428 ,546,766.7 
82.432 ,547,766.5 
82.435 ,548,766.7 
82.438 ,549,766.1 
82.442 ,550,759.5 
82.445 ,551,765.0 
82.448 ,552,772.8 
82.452 ,553,780.2 
82.455 ,554,785.2 
82.458 ,555,783.0 
82.462 ,556,778.8 
82.465 ,557,784.4 
82.468 ,558,778.8 
82.472 ,559,768.8 
82.475 ,560,768.0 
82.478 ,561,765.9 
82.482 ,562,769.3 
82.485 ,563,776.4 
82.488 ,564,773.2 
82.492 ,565,772.7 
82.495 ,566,771.6 
82.498 ,567,768.1 
82.502 ,568,762.2 
,,
82.513 ,8,779.7 
82.516 ,9,774.1 
82.519 ,10,777.7 
82.522 ,11,776.2 
82.526 ,12,773.3 
82.529 ,13,777.4 
82.532 ,14,772.7 
82.536 ,15,772.9 
82.539 ,16,776.1 
82.542 ,17,771.1 
82.546 ,18,766.8 
82.549 ,19,776.7 
82.552 ,20,781.4 
82.556 ,21,788.4 
82.559 ,22,783.5 
82.562 ,23,777.9 
82.566 ,24,780.8 
82.569 ,25,780.6 
82.572 ,26,777.2 
82.576 ,27,779.3 
82.579 ,28,782.4 
82.582 ,29,779.6 
82.586 ,30,777.8 
82.589 ,31,778.6 
82.592 ,32,779.2 
82.596 ,33,776.5 
82.599 ,34,782.6 
82.602 ,35,783.1 
82.606 ,36,771.7 
82.609 ,37,769.6 
82.612 ,38,770.0 
82.616 ,39,770.2 
82.619 ,40,770.5 
82.622 ,41,767.0 
82.626 ,42,768.8 
82.629 ,43,777.1 
82.632 ,44,770.9 
82.636 ,45,767.5 
82.639 ,46,767.0 
82.642 ,47,773.4 
82.646 ,48,772.6 
82.649 ,49,771.3 
82.652 ,50,776.5 
82.656 ,51,783.9 
82.659 ,52,779.4 
82.662 ,53,775.0 
82.666 ,54,786.6 
82.669 ,55,787.4 
82.672 ,56,782.7 
82.676 ,57,790.1 
82.679 ,58,785.3 
82.682 ,59,779.6 
82.686 ,60,780.9 
82.689 ,61,777.4 
82.692 ,62,774.7 
82.696 ,63,774.0 
82.699 ,64,773.5 
82.702 ,65,770.5 
82.706 ,66,759.8 
82.709 ,67,754.2 
82.712 ,68,753.7 
82.716 ,69,758.3 
82.719 ,70,761.9 
82.722 ,71,760.8 
82.726 ,72,757.9 
82.729 ,73,776.9 
82.732 ,74,780.1 
82.736 ,75,779.3 
82.739 ,76,778.1 
82.742 ,77,775.3 
82.746 ,78,775.3 
82.749 ,79,773.3 
82.752 ,80,778.4 
82.756 ,81,775.7 
82.759 ,82,771.5 
82.762 ,83,767.5 
82.766 ,84,764.2 
82.769 ,85,762.2 
82.772 ,86,764.0 
82.776 ,87,758.9 
82.779 ,88,763.0 
82.782 ,89,762.7 
82.786 ,90,760.2 
82.789 ,91,763.2 
82.792 ,92,765.2 
82.796 ,93,762.6 
82.799 ,94,771.0 
82.802 ,95,767.8 
82.806 ,96,774.1 
82.809 ,97,772.9 
82.812 ,98,774.3 
82.816 ,99,773.9 
82.819 ,100,770.2 
82.822 ,101,773.9 
82.826 ,102,769.3 
82.829 ,103,773.0 
82.832 ,104,763.3 
82.836 ,105,765.4 
82.839 ,106,756.1 
82.842 ,107,759.5 
82.846 ,108,754.4 
82.849 ,109,758.4 
82.852 ,110,754.6 
82.856 ,111,764.7 
82.859 ,112,771.7 
82.862 ,113,773.3 
82.866 ,114,775.6 
82.869 ,115,771.2 
82.872 ,116,768.4 
82.876 ,117,772.3 
82.879 ,118,769.7 
82.882 ,119,772.6 
82.886 ,120,775.3 
82.889 ,121,777.1 
82.892 ,122,774.7 
82.896 ,123,776.6 
82.899 ,124,776.2 
82.902 ,125,775.0 
82.906 ,126,773.2 
82.909 ,127,772.1 
82.912 ,128,771.6 
82.916 ,129,771.7 
82.919 ,130,770.5 
82.922 ,131,770.3 
82.926 ,132,771.0 
82.929 ,133,766.7 
82.932 ,134,764.6 
82.936 ,135,751.3 
82.939 ,136,762.4 
82.942 ,137,763.6 
,,
82.974 ,149,768.7 
82.977 ,150,767.3 
82.981 ,151,765.3 
82.984 ,152,770.3 
82.987 ,153,776.3 
82.991 ,154,780.5 
82.994 ,155,783.8 
82.997 ,156,782.7 
83.001 ,157,783.9 
83.004 ,158,786.1 
83.007 ,159,786.1 
83.011 ,160,780.1 
83.014 ,161,784.2 
83.017 ,162,786.1 
83.021 ,163,783.0 
83.024 ,164,770.7 
83.027 ,165,772.1 
83.031 ,166,763.3 
83.034 ,167,764.1 
83.037 ,168,766.1 
83.041 ,169,771.0 
83.044 ,170,766.3 
83.047 ,171,767.6 
83.051 ,172,775.7 
83.054 ,173,764.4 
83.057 ,174,767.0 
83.061 ,175,764.8 
83.064 ,176,774.2 
83.067 ,177,781.9 
83.071 ,178,785.7 
83.074 ,179,784.4 
83.077 ,180,777.7 
83.081 ,181,773.5 
83.084 ,182,770.2 
83.087 ,183,776.4 
83.091 ,184,772.6 
83.094 ,185,773.9 
83.097 ,186,772.6 
83.101 ,187,776.2 
83.104 ,188,776.6 
83.107 ,189,775.4 
83.111 ,190,771.4 
83.114 ,191,775.5 
83.117 ,192,773.2 
83.121 ,193,773.8 
83.124 ,194,776.8 
83.127 ,195,785.7 
83.131 ,196,784.0 
83.134 ,197,780.4 
83.137 ,198,777.0 
83.141 ,199,775.1 
83.144 ,200,774.5 
83.147 ,201,775.0 
83.151 ,202,772.4 
83.154 ,203,775.3 
83.157 ,204,777.3 
83.161 ,205,772.3 
83.164 ,206,779.3 
83.167 ,207,781.4 
83.171 ,208,782.8 
83.174 ,209,778.6 
83.177 ,210,787.3 
83.181 ,211,783.7 
83.184 ,212,781.7 
83.187 ,213,780.1 
83.191 ,214,776.7 
83.194 ,215,780.2 
83.197 ,216,778.9 
83.201 ,217,776.9 
83.204 ,218,774.5 
83.207 ,219,772.4 
83.211 ,220,779.1 
83.214 ,221,780.3 
83.217 ,222,774.7 
83.221 ,223,780.2 
83.224 ,224,777.1 
83.227 ,225,781.4 
83.231 ,226,777.0 
83.234 ,227,773.9 
83.237 ,228,769.4 
83.241 ,229,774.2 
83.244 ,230,775.8 
83.247 ,231,774.6 
83.251 ,232,776.1 
83.254 ,233,779.2 
83.257 ,234,781.8 
83.261 ,235,787.2 
83.264 ,236,780.0 
83.267 ,237,779.7 
83.271 ,238,779.8 
83.274 ,239,777.0 
83.277 ,240,771.5 
83.281 ,241,769.1 
83.284 ,242,775.0 
83.287 ,243,775.0 
83.291 ,244,775.2 
83.294 ,245,781.4 
83.297 ,246,784.5 
83.301 ,247,783.4 
83.304 ,248,787.9 
83.307 ,249,783.5 
83.311 ,250,785.4 
83.314 ,251,774.4 
83.317 ,252,778.6 
83.321 ,253,778.9 
83.324 ,254,783.7 
83.327 ,255,777.2 
83.331 ,256,774.5 
83.334 ,257,773.1 
83.337 ,258,771.6 
83.341 ,259,772.3 
83.344 ,260,775.7 
83.347 ,261,774.5 
83.351 ,262,775.9 
83.354 ,263,782.6 
83.357 ,264,786.2 
83.361 ,265,784.4 
83.364 ,266,789.2 
83.367 ,267,792.2 
83.371 ,268,784.4 
83.374 ,269,785.5 
83.377 ,270,783.9 
83.381 ,271,785.3 
83.384 ,272,784.5 
83.387 ,273,785.8 
83.391 ,274,785.5 
83.394 ,275,786.1 
83.397 ,276,785.8 
83.401 ,277,779.8 
83.404 ,278,786.7 
83.407 ,279,784.0 
83.411 ,280,785.3 
83.414 ,281,780.2 
83.417 ,282,780.3 
83.421 ,283,784.4 
83.424 ,284,787.3 
83.427 ,285,782.9 
83.431 ,286,781.5 
83.434 ,287,783.7 
83.437 ,288,782.0 
83.441 ,289,783.2 
83.444 ,290,779.2 
83.447 ,291,776.8 
83.451 ,292,782.3 
83.454 ,293,777.4 
,,
83.466 ,299,772.2 
83.469 ,300,776.7 
83.472 ,301,775.2 
83.476 ,302,778.1 
83.479 ,303,778.8 
83.482 ,304,780.2 
83.486 ,305,779.9 
83.489 ,306,782.0 
83.492 ,307,783.5 
83.496 ,308,778.3 
83.499 ,309,779.9 
83.502 ,310,775.5 
83.506 ,311,777.8 
83.509 ,312,775.1 
83.512 ,313,773.3 
83.516 ,314,773.2 
83.519 ,315,770.2 
83.522 ,316,766.4 
83.526 ,317,762.5 
83.529 ,318,769.3 
83.532 ,319,768.7 
83.536 ,320,769.5 
83.539 ,321,775.1 
83.542 ,322,775.4 
83.546 ,323,786.5 
83.549 ,324,775.8 
83.552 ,325,772.4 
83.556 ,326,775.4 
83.559 ,327,772.7 
83.562 ,328,770.5 
83.566 ,329,774.0 
83.569 ,330,782.2 
83.572 ,331,779.8 
83.576 ,332,777.3 
83.579 ,333,784.7 
83.582 ,334,776.3 
83.586 ,335,777.1 
83.589 ,336,768.7 
83.592 ,337,771.7 
83.596 ,338,776.6 
83.599 ,339,778.6 
83.602 ,340,774.1 
83.606 ,341,777.5 
83.609 ,342,777.5 
83.612 ,343,776.9 
83.616 ,344,781.6 
83.619 ,345,781.0 
83.622 ,346,786.3 
83.626 ,347,786.9 
83.629 ,348,783.0 
83.632 ,349,769.8 
83.636 ,350,757.2 
83.639 ,351,760.5 
83.642 ,352,765.0 
83.646 ,353,765.6 
83.649 ,354,762.2 
83.652 ,355,764.9 
83.656 ,356,764.6 
83.659 ,357,772.0 
83.662 ,358,778.4 
83.666 ,359,780.8 
83.669 ,360,786.1 
83.672 ,361,786.9 
83.676 ,362,790.7 
83.679 ,363,789.5 
83.682 ,364,789.4 
83.686 ,365,785.2 
83.689 ,366,783.0 
83.692 ,367,788.9 
83.696 ,368,786.3 
83.699 ,369,773.2 
83.702 ,370,773.3 
83.706 ,371,776.6 
83.709 ,372,774.2 
83.712 ,373,773.7 
83.716 ,374,771.4 
83.719 ,375,767.8 
83.722 ,376,775.1 
83.726 ,377,766.5 
83.729 ,378,772.4 
83.732 ,379,770.7 
83.736 ,380,779.3 
83.739 ,381,782.2 
83.742 ,382,778.0 
83.746 ,383,771.8 
83.749 ,384,763.1 
83.752 ,385,754.9 
83.756 ,386,756.5 
83.759 ,387,755.6 
83.762 ,388,754.8 
83.766 ,389,755.7 
83.769 ,390,757.3 
83.772 ,391,760.4 
83.776 ,392,763.6 
83.779 ,393,777.3 
83.782 ,394,782.1 
83.786 ,395,782.2 
83.789 ,396,786.2 
83.792 ,397,784.4 
83.796 ,398,778.7 
83.799 ,399,781.2 
83.802 ,400,779.7 
83.806 ,401,785.4 
83.809 ,402,786.6 
83.812 ,403,787.0 
83.816 ,404,787.5 
83.819 ,405,789.3 
83.822 ,406,790.3 
83.826 ,407,785.0 
83.829 ,408,777.7 
83.832 ,409,778.9 
83.836 ,410,773.5 
83.839 ,411,778.1 
83.842 ,412,767.7 
83.846 ,413,771.7 
83.849 ,414,776.9 
83.852 ,415,782.6 
83.856 ,416,782.2 
83.859 ,417,774.9 
83.862 ,418,773.7 
83.866 ,419,771.9 
83.869 ,420,784.8 
83.872 ,421,786.9 
83.876 ,422,784.5 
83.879 ,423,784.8 
83.882 ,424,783.6 
83.886 ,425,771.7 
83.889 ,426,779.1 
83.892 ,427,779.3 
83.896 ,428,777.8 
83.899 ,429,779.9 
83.902 ,430,778.5 
83.906 ,431,772.3 
83.909 ,432,767.6 
83.912 ,433,761.8 
83.916 ,434,767.0 
83.919 ,435,766.9 
83.922 ,436,764.8 
,,
83.943 ,7,797.8 
83.947 ,8,796.6 
83.950 ,9,793.4 
83.953 ,10,793.9 
83.957 ,11,795.5 
83.960 ,12,795.0 
83.963 ,13,795.0 
83.967 ,14,792.9 
83.970 ,15,786.2 
83.973 ,16,787.5 
83.977 ,17,783.3 
83.980 ,18,775.3 
83.983 ,19,778.2 
83.987 ,20,780.9 
83.990 ,21,779.8 
83.993 ,22,780.1 
83.997 ,23,779.1 
84.000 ,24,778.6 
84.003 ,25,783.8 
84.007 ,26,786.4 
84.010 ,27,789.4 
84.013 ,28,788.9 
84.017 ,29,795.1 
84.020 ,30,789.1 
84.023 ,31,795.1 
84.027 ,32,793.6 
84.030 ,33,794.5 
84.033 ,34,787.4 
84.037 ,35,787.1 
84.040 ,36,791.5 
84.043 ,37,789.9 
84.047 ,38,793.5 
84.050 ,39,791.6 
84.053 ,40,789.9 
84.057 ,41,789.0 
84.060 ,42,792.9 
84.063 ,43,788.8 
84.067 ,44,794.4 
84.070 ,45,792.1 
84.073 ,46,792.9 
84.077 ,47,789.5 
84.080 ,48,788.6 
84.083 ,49,787.9 
84.087 ,50,781.5 
84.090 ,51,788.9 
84.093 ,52,782.3 
84.097 ,53,782.7 
84.100 ,54,779.6 
84.103 ,55,780.8 
84.107 ,56,784.5 
84.110 ,57,772.0 
84.113 ,58,779.7 
84.117 ,59,779.3 
84.120 ,60,777.5 
84.123 ,61,779.3 
84.127 ,62,781.0 
84.130 ,63,777.1 
84.133 ,64,780.4 
84.137 ,65,780.7 
84.140 ,66,780.9 
84.143 ,67,779.3 
84.147 ,68,780.9 
84.150 ,69,786.9 
84.153 ,70,788.3 
84.157 ,71,786.9 
84.160 ,72,784.8 
84.163 ,73,788.7 
84.167 ,74,789.2 
84.170 ,75,791.8 
84.173 ,76,792.1 
84.177 ,77,802.8 
84.180 ,78,799.5 
84.183 ,79,800.1 
84.187 ,80,794.0 
84.190 ,81,791.7 
84.193 ,82,783.3 
84.197 ,83,780.9 
84.200 ,84,782.3 
84.203 ,85,790.5 
84.207 ,86,787.2 
84.210 ,87,785.4 
84.213 ,88,788.3 
84.217 ,89,785.7 
84.220 ,90,790.0 
84.223 ,91,791.6 
84.227 ,92,787.3 
84.230 ,93,781.2 
84.233 ,94,772.3 
84.237 ,95,767.3 
84.240 ,96,764.8 
84.243 ,97,773.8 
84.247 ,98,766.8 
84.250 ,99,770.6 
84.253 ,100,765.7 
84.257 ,101,767.3 
84.260 ,102,770.6 
84.263 ,103,768.1 
84.267 ,104,767.2 
84.270 ,105,771.1 
84.273 ,106,771.5 
84.277 ,107,769.0 
84.280 ,108,764.3 
84.283 ,109,766.7 
84.287 ,110,760.6 
84.290 ,111,761.0 
84.293 ,112,757.2 
84.297 ,113,759.5 
84.300 ,114,763.5 
84.303 ,115,763.8 
84.307 ,116,767.0 
84.310 ,117,771.2 
84.313 ,118,773.9 
84.317 ,119,769.1 
84.320 ,120,767.7 
84.323 ,121,766.4 
84.327 ,122,770.3 
84.330 ,123,780.3 
84.333 ,124,786.1 
84.337 ,125,786.6 
84.340 ,126,792.3 
84.343 ,127,785.1 
84.347 ,128,793.4 
84.350 ,129,785.2 
84.353 ,130,783.9 
84.357 ,131,777.7 
84.360 ,132,769.1 
84.363 ,133,761.4 
84.367 ,134,766.5 
84.370 ,135,763.9 
84.373 ,136,760.1 
84.377 ,137,763.2 
84.380 ,138,765.1 
84.383 ,139,774.9 
84.387 ,140,781.5 
84.390 ,141,783.3 
84.393 ,142,781.1 
84.397 ,143,772.7 
84.400 ,144,769.6 
84.403 ,145,769.6 
84.407 ,146,771.0 
84.410 ,147,770.4 
84.413 ,148,768.1 
84.417 ,149,764.0 
84.420 ,150,770.5 
,,
84.857 ,281,782.4 
84.860 ,282,777.5 
84.863 ,283,773.0 
84.867 ,284,776.5 
84.870 ,285,778.8 
84.873 ,286,782.5 
84.877 ,287,782.7 
84.880 ,288,781.6 
84.883 ,289,778.9 
84.887 ,290,773.8 
84.890 ,291,758.2 
84.893 ,292,760.3 
84.897 ,293,760.9 
84.900 ,294,770.6 
84.903 ,295,768.9 
84.907 ,296,770.8 
84.910 ,297,768.2 
84.913 ,298,772.2 
84.917 ,299,770.0 
84.920 ,300,769.3 
84.923 ,301,763.4 
84.927 ,302,763.8 
84.930 ,303,764.5 
84.933 ,304,761.6 
84.937 ,305,762.7 
84.940 ,306,764.4 
84.943 ,307,767.2 
84.947 ,308,762.3 
84.950 ,309,767.1 
84.953 ,310,764.2 
84.957 ,311,763.8 
84.960 ,312,769.0 
84.963 ,313,769.0 
84.967 ,314,769.0 
84.970 ,315,767.0 
84.973 ,316,761.8 
84.977 ,317,766.6 
84.980 ,318,769.6 
84.983 ,319,776.6 
84.987 ,320,774.2 
84.990 ,321,774.7 
84.993 ,322,776.6 
84.997 ,323,778.4 
85.000 ,324,778.4 
85.003 ,325,774.4 
85.007 ,326,769.9 
85.010 ,327,767.4 
85.013 ,328,769.1 
85.017 ,329,770.3 
85.020 ,330,770.0 
85.023 ,331,774.0 
85.027 ,332,772.7 
85.030 ,333,778.5 
85.033 ,334,778.8 
85.037 ,335,775.6 
85.040 ,336,781.3 
85.043 ,337,777.5 
85.047 ,338,779.0 
85.050 ,339,773.9 
85.053 ,340,772.3 
85.057 ,341,773.8 
85.060 ,342,775.4 
85.063 ,343,778.4 
85.067 ,344,777.6 
85.070 ,345,782.5 
85.073 ,346,786.5 
85.077 ,347,783.1 
85.080 ,348,769.4 
85.083 ,349,765.2 
85.087 ,350,763.6 
85.090 ,351,769.0 
85.093 ,352,765.4 
85.097 ,353,763.1 
85.100 ,354,767.8 
85.103 ,355,770.0 
85.107 ,356,769.4 
85.110 ,357,775.8 
85.113 ,358,777.4 
85.117 ,359,775.0 
85.120 ,360,773.8 
85.123 ,361,772.0 
85.127 ,362,776.0 
85.130 ,363,773.8 
85.133 ,364,775.8 
85.137 ,365,777.7 
85.140 ,366,778.3 
85.143 ,367,777.5 
85.147 ,368,780.1 
85.150 ,369,781.7 
85.153 ,370,775.8 
85.157 ,371,775.0 
85.160 ,372,780.2 
85.163 ,373,781.4 
85.167 ,374,781.4 
85.170 ,375,778.7 
85.173 ,376,777.7 
85.177 ,377,779.4 
85.180 ,378,778.4 
85.183 ,379,781.9 
85.187 ,380,782.2 
85.190 ,381,779.1 
85.193 ,382,783.1 
85.197 ,383,783.8 
85.200 ,384,781.8 
85.203 ,385,783.2 
85.207 ,386,785.5 
85.210 ,387,781.6 
85.213 ,388,785.8 
85.217 ,389,783.1 
85.220 ,390,785.9 
85.223 ,391,782.8 
85.227 ,392,778.7 
85.230 ,393,780.1 
85.233 ,394,782.0 
85.237 ,395,778.7 
85.240 ,396,783.6 
85.243 ,397,783.5 
85.247 ,398,779.8 
85.250 ,399,782.0 
85.253 ,400,778.9 
85.257 ,401,783.1 
85.260 ,402,783.1 
85.263 ,403,785.8 
85.267 ,404,781.5 
85.270 ,405,780.9 
85.273 ,406,784.8 
85.277 ,407,782.8 
85.280 ,408,781.5 
85.283 ,409,782.0 
85.287 ,410,783.4 
85.290 ,411,785.5 
85.293 ,412,788.7 
85.297 ,413,787.1 
85.300 ,414,792.7 
85.303 ,415,791.5 
85.307 ,416,796.9 
85.310 ,417,791.8 
85.313 ,418,784.1 
85.317 ,419,783.1 
85.320 ,420,773.4 
85.323 ,421,778.0 
85.327 ,422,778.0 
85.330 ,423,781.9 
85.333 ,424,777.0 
,,
85.346 ,430,787.4 
85.349 ,431,788.7 
85.353 ,432,786.9 
85.356 ,433,787.6 
85.359 ,434,789.2 
85.363 ,435,785.8 
85.366 ,436,790.6 
85.369 ,437,790.6 
85.373 ,438,789.1 
85.376 ,439,788.1 
85.379 ,440,798.6 
85.383 ,441,796.5 
85.386 ,442,798.4 
85.389 ,443,786.8 
85.393 ,444,788.6 
85.396 ,445,782.5 
85.399 ,446,782.4 
85.403 ,447,793.0 
85.406 ,448,793.2 
85.409 ,449,794.9 
85.413 ,450,792.9 
85.416 ,451,790.8 
85.419 ,452,792.0 
85.423 ,453,792.7 
85.426 ,454,788.6 
85.429 ,455,793.8 
85.433 ,456,798.1 
85.436 ,457,789.9 
85.439 ,458,793.6 
85.443 ,459,800.9 
85.446 ,460,805.8 
85.449 ,461,799.0 
85.453 ,462,795.8 
85.456 ,463,789.7 
85.459 ,464,782.9 
85.463 ,465,779.8 
85.466 ,466,781.3 
85.469 ,467,774.5 
85.473 ,468,777.8 
85.476 ,469,774.0 
85.479 ,470,776.4 
85.483 ,471,787.9 
85.486 ,472,786.7 
85.489 ,473,798.0 
85.493 ,474,793.3 
85.496 ,475,795.3 
85.499 ,476,798.1 
85.503 ,477,800.5 
85.506 ,478,785.1 
85.509 ,479,790.2 
85.513 ,480,784.3 
85.516 ,481,780.9 
85.519 ,482,776.8 
85.523 ,483,778.8 
85.526 ,484,782.8 
85.529 ,485,785.0 
85.533 ,486,794.2 
85.536 ,487,793.2 
85.539 ,488,791.4 
85.543 ,489,788.2 
85.546 ,490,790.9 
85.549 ,491,792.4 
85.553 ,492,792.2 
85.556 ,493,787.2 
85.559 ,494,785.5 
85.563 ,495,789.9 
85.566 ,496,788.1 
85.569 ,497,791.1 
85.573 ,498,787.7 
85.576 ,499,789.9 
85.579 ,500,782.5 
85.583 ,501,780.6 
85.586 ,502,775.8 
85.589 ,503,773.5 
85.593 ,504,785.9 
85.596 ,505,781.0 
85.599 ,506,779.5 
85.603 ,507,782.9 
85.606 ,508,774.9 
85.609 ,509,769.4 
85.613 ,510,770.6 
85.616 ,511,765.7 
85.619 ,512,774.3 
85.623 ,513,775.4 
85.626 ,514,778.0 
85.629 ,515,781.7 
85.633 ,516,783.3 
85.636 ,517,785.9 
85.639 ,518,793.6 
85.643 ,519,789.7 
85.646 ,520,790.1 
85.649 ,521,787.9 
85.653 ,522,790.6 
85.656 ,523,786.6 
85.659 ,524,792.9 
85.663 ,525,788.7 
85.666 ,526,781.5 
85.669 ,527,768.4 
85.673 ,528,761.9 
85.676 ,529,774.2 
85.679 ,530,780.5 
85.683 ,531,782.7 
85.686 ,532,776.1 
85.689 ,533,786.9 
85.693 ,534,785.4 
85.696 ,535,782.7 
85.699 ,536,789.6 
85.703 ,537,789.2 
85.706 ,538,785.5 
85.709 ,539,786.8 
85.713 ,540,793.4 
85.716 ,541,790.9 
85.719 ,542,783.7 
85.723 ,543,773.0 
85.726 ,544,769.7 
85.729 ,545,772.8 
85.733 ,546,764.6 
85.736 ,547,769.9 
85.739 ,548,770.7 
85.743 ,549,773.3 
85.746 ,550,779.9 
85.749 ,551,773.3 
85.753 ,552,775.7 
85.756 ,553,776.1 
85.759 ,554,773.8 
85.763 ,555,765.1 
85.766 ,556,766.2 
85.769 ,557,762.9 
85.773 ,558,767.7 
85.776 ,559,772.2 
85.779 ,560,780.7 
85.783 ,561,783.6 
85.786 ,562,784.6 
85.789 ,563,783.0 
85.793 ,564,783.0 
85.796 ,565,788.6 
85.799 ,566,783.3 
85.803 ,567,777.6 
85.806 ,568,777.9 
85.809 ,569,779.0 
85.813 ,570,781.7 
85.816 ,571,781.3 
,,
85.838 ,7,793.4 
85.842 ,8,790.6 
85.845 ,9,788.1 
85.848 ,10,783.8 
85.852 ,11,782.6 
85.855 ,12,778.6 
85.858 ,13,776.3 
85.862 ,14,767.4 
85.865 ,15,779.4 
85.868 ,16,778.8 
85.872 ,17,785.3 
85.875 ,18,783.4 
85.878 ,19,781.2 
85.882 ,20,783.1 
85.885 ,21,789.7 
85.888 ,22,786.3 
85.892 ,23,777.7 
85.895 ,24,780.5 
85.898 ,25,787.0 
85.902 ,26,785.4 
85.905 ,27,781.1 
85.908 ,28,782.5 
85.912 ,29,782.4 
85.915 ,30,784.8 
85.918 ,31,783.7 
85.922 ,32,781.7 
85.925 ,33,788.2 
85.928 ,34,790.8 
85.932 ,35,788.8 
85.935 ,36,788.7 
85.938 ,37,786.5 
85.942 ,38,789.4 
85.945 ,39,785.9 
85.948 ,40,781.9 
85.952 ,41,784.8 
85.955 ,42,776.3 
85.958 ,43,779.6 
85.962 ,44,786.9 
85.965 ,45,785.2 
85.968 ,46,788.3 
85.972 ,47,795.5 
85.975 ,48,789.7 
85.978 ,49,790.8 
85.982 ,50,786.3 
85.985 ,51,786.3 
85.988 ,52,783.8 
85.992 ,53,790.3 
85.995 ,54,787.0 
85.998 ,55,784.6 
86.002 ,56,783.5 
86.005 ,57,792.1 
86.008 ,58,798.6 
86.012 ,59,797.0 
86.015 ,60,795.2 
86.018 ,61,790.1 
86.022 ,62,788.4 
86.025 ,63,795.6 
86.028 ,64,785.2 
86.032 ,65,790.1 
86.035 ,66,791.7 
86.038 ,67,782.8 
86.042 ,68,779.4 
86.045 ,69,777.0 
86.048 ,70,770.6 
86.052 ,71,772.5 
86.055 ,72,772.9 
86.058 ,73,773.5 
86.062 ,74,788.8 
86.065 ,75,791.0 
86.068 ,76,785.4 
86.072 ,77,786.1 
86.075 ,78,789.9 
86.078 ,79,778.2 
86.082 ,80,782.9 
86.085 ,81,785.5 
86.088 ,82,790.8 
86.092 ,83,780.9 
86.095 ,84,784.2 
86.098 ,85,787.1 
86.102 ,86,783.6 
86.105 ,87,780.2 
86.108 ,88,776.3 
86.112 ,89,769.5 
86.115 ,90,765.8 
86.118 ,91,771.8 
86.122 ,92,767.1 
86.125 ,93,774.4 
86.128 ,94,773.5 
86.132 ,95,769.2 
86.135 ,96,766.6 
86.138 ,97,769.7 
86.142 ,98,771.6 
86.145 ,99,770.2 
86.148 ,100,761.6 
86.152 ,101,761.9 
86.155 ,102,763.5 
86.158 ,103,764.6 
86.162 ,104,766.9 
86.165 ,105,765.9 
86.168 ,106,769.7 
86.172 ,107,771.3 
86.175 ,108,762.3 
86.178 ,109,772.9 
86.182 ,110,782.9 
86.185 ,111,790.9 
86.188 ,112,779.4 
86.192 ,113,776.0 
86.195 ,114,780.8 
86.198 ,115,783.8 
86.202 ,116,779.3 
86.205 ,117,777.7 
86.208 ,118,776.2 
86.212 ,119,779.3 
86.215 ,120,780.2 
86.218 ,121,783.4 
86.222 ,122,779.7 
86.225 ,123,776.1 
86.228 ,124,784.4 
86.232 ,125,786.1 
86.235 ,126,789.7 
86.238 ,127,787.0 
86.242 ,128,779.8 
86.245 ,129,789.4 
86.248 ,130,795.0 
86.252 ,131,793.9 
86.255 ,132,786.4 
86.258 ,133,792.3 
86.262 ,134,792.2 
86.265 ,135,773.3 
86.268 ,136,778.3 
86.272 ,137,776.5 
86.275 ,138,775.7 
86.278 ,139,776.2 
86.282 ,140,774.8 
86.285 ,141,775.6 
86.288 ,142,774.6 
86.292 ,143,779.1 
86.295 ,144,783.2 
86.298 ,145,781.4 
86.302 ,146,784.8 
86.305 ,147,785.6 
86.308 ,148,783.4 
86.312 ,149,786.3 
86.315 ,150,792.3 
86.318 ,151,787.7 
,,
86.338 ,174,782.1 
86.341 ,175,781.7 
86.345 ,176,773.5 
86.348 ,177,773.0 
86.351 ,178,773.2 
86.355 ,179,770.8 
86.358 ,180,772.6 
86.361 ,181,778.7 
86.365 ,182,783.1 
86.368 ,183,788.2 
86.371 ,184,789.5 
86.375 ,185,787.0 
86.378 ,186,790.9 
86.381 ,187,790.9 
86.385 ,188,787.9 
86.388 ,189,782.7 
86.391 ,190,781.3 
86.395 ,191,781.7 
86.398 ,192,783.4 
86.401 ,193,781.3 
86.405 ,194,783.8 
86.408 ,195,781.3 
86.411 ,196,785.6 
86.415 ,197,789.5 
86.418 ,198,788.5 
86.421 ,199,784.6 
86.425 ,200,782.8 
86.428 ,201,784.8 
86.431 ,202,778.7 
86.435 ,203,774.7 
86.438 ,204,778.9 
86.441 ,205,781.7 
86.445 ,206,782.8 
86.448 ,207,783.1 
86.451 ,208,776.9 
86.455 ,209,788.8 
86.458 ,210,788.5 
86.461 ,211,787.4 
86.465 ,212,779.3 
86.468 ,213,776.2 
86.471 ,214,771.4 
86.475 ,215,773.2 
86.478 ,216,778.8 
86.481 ,217,780.1 
86.485 ,218,778.7 
86.488 ,219,777.4 
86.491 ,220,783.1 
86.495 ,221,784.8 
86.498 ,222,787.8 
86.501 ,223,782.8 
86.505 ,224,781.5 
86.508 ,225,779.7 
86.511 ,226,781.8 
86.515 ,227,780.4 
86.518 ,228,786.4 
86.521 ,229,782.3 
86.525 ,230,781.5 
86.528 ,231,780.9 
86.531 ,232,782.0 
86.535 ,233,783.6 
86.538 ,234,786.5 
86.541 ,235,777.3 
86.545 ,236,787.9 
86.548 ,237,790.5 
86.551 ,238,786.7 
86.555 ,239,787.3 
86.558 ,240,787.4 
86.561 ,241,788.1 
86.565 ,242,787.7 
86.568 ,243,787.7 
86.571 ,244,777.9 
86.575 ,245,783.3 
86.578 ,246,781.7 
86.581 ,247,783.1 
86.585 ,248,789.1 
86.588 ,249,790.9 
86.591 ,250,784.6 
86.595 ,251,787.9 
86.598 ,252,789.0 
86.601 ,253,790.3 
86.605 ,254,780.8 
86.608 ,255,770.6 
86.611 ,256,765.6 
86.615 ,257,769.1 
86.618 ,258,789.6 
86.621 ,259,784.8 
86.625 ,260,783.4 
86.628 ,261,786.4 
86.631 ,262,784.5 
86.635 ,263,783.4 
86.638 ,264,785.9 
86.641 ,265,773.4 
86.645 ,266,778.7 
86.648 ,267,779.7 
86.651 ,268,783.9 
86.655 ,269,787.2 
86.658 ,270,783.3 
86.661 ,271,774.7 
86.665 ,272,773.2 
86.668 ,273,773.3 
86.671 ,274,779.7 
86.675 ,275,782.9 
86.678 ,276,783.0 
86.681 ,277,782.8 
86.685 ,278,780.3 
86.688 ,279,775.8 
86.691 ,280,773.6 
86.695 ,281,783.4 
86.698 ,282,778.0 
86.701 ,283,777.7 
86.705 ,284,779.9 
86.708 ,285,782.4 
86.711 ,286,782.5 
86.715 ,287,782.5 
86.718 ,288,782.8 
86.721 ,289,786.8 
86.725 ,290,786.2 
,,
86.754 ,299,782.1 
86.757 ,300,786.2 
86.761 ,301,788.1 
86.764 ,302,785.2 
86.767 ,303,791.5 
86.771 ,304,789.7 
86.774 ,305,792.3 
86.777 ,306,793.9 
86.781 ,307,792.4 
86.784 ,308,788.4 
86.787 ,309,782.7 
86.791 ,310,793.0 
86.794 ,311,793.4 
86.797 ,312,784.6 
86.801 ,313,786.9 
86.804 ,314,788.1 
86.807 ,315,784.1 
86.811 ,316,786.8 
86.814 ,317,787.7 
86.817 ,318,783.8 
86.821 ,319,784.9 
86.824 ,320,779.4 
86.827 ,321,782.8 
86.831 ,322,784.0 
86.834 ,323,786.0 
86.837 ,324,790.9 
86.841 ,325,785.6 
86.844 ,326,778.9 
86.847 ,327,782.1 
86.851 ,328,777.3 
86.854 ,329,782.4 
86.857 ,330,787.0 
86.861 ,331,781.2 
86.864 ,332,781.2 
86.867 ,333,788.1 
86.871 ,334,783.9 
86.874 ,335,781.2 
86.877 ,336,783.9 
86.881 ,337,785.4 
86.884 ,338,782.0 
86.887 ,339,785.3 
86.891 ,340,779.9 
86.894 ,341,783.1 
86.897 ,342,779.9 
86.901 ,343,782.1 
86.904 ,344,781.0 
86.907 ,345,779.9 
86.911 ,346,787.2 
86.914 ,347,785.7 
86.917 ,348,786.7 
86.921 ,349,783.6 
86.924 ,350,784.4 
86.927 ,351,791.8 
86.931 ,352,787.0 
86.934 ,353,787.1 
86.937 ,354,789.6 
86.941 ,355,787.0 
86.944 ,356,794.5 
86.947 ,357,790.2 
86.951 ,358,789.1 
86.954 ,359,793.0 
86.957 ,360,788.3 
86.961 ,361,789.3 
86.964 ,362,793.8 
86.967 ,363,795.4 
86.971 ,364,789.6 
86.974 ,365,788.8 
86.977 ,366,784.3 
86.981 ,367,781.0 
86.984 ,368,783.4 
86.987 ,369,794.2 
86.991 ,370,792.8 
86.994 ,371,785.0 
86.997 ,372,785.6 
87.001 ,373,791.1 
87.004 ,374,791.1 
87.007 ,375,791.8 
87.011 ,376,795.4 
87.014 ,377,796.3 
87.017 ,378,790.3 
87.021 ,379,791.2 
87.024 ,380,790.3 
87.027 ,381,790.1 
87.031 ,382,789.6 
87.034 ,383,790.3 
87.037 ,384,789.7 
87.041 ,385,793.9 
87.044 ,386,786.0 
87.047 ,387,788.4 
87.051 ,388,791.5 
87.054 ,389,789.7 
87.057 ,390,789.8 
87.061 ,391,792.1 
87.064 ,392,794.9 
87.067 ,393,787.8 
87.071 ,394,788.4 
87.074 ,395,785.1 
87.077 ,396,789.7 
87.081 ,397,794.2 
87.084 ,398,791.5 
87.087 ,399,792.4 
87.091 ,400,791.6 
87.094 ,401,788.9 
87.097 ,402,795.2 
87.101 ,403,793.5 
87.104 ,404,795.5 
87.107 ,405,788.9 
87.111 ,406,791.3 
87.114 ,407,795.5 
87.117 ,408,790.8 
87.121 ,409,792.6 
87.124 ,410,794.2 
87.127 ,411,797.6 
87.131 ,412,802.1 
87.134 ,413,793.0 
87.137 ,414,789.9 
87.141 ,415,790.7 
87.144 ,416,787.5 
87.147 ,417,783.7 
87.151 ,418,785.8 
87.154 ,419,783.7 
87.157 ,420,777.1 
87.161 ,421,778.4 
87.164 ,422,773.9 
87.167 ,423,772.3 
87.171 ,424,779.1 
87.174 ,425,775.7 
87.177 ,426,775.6 
87.181 ,427,776.7 
87.184 ,428,775.1 
87.187 ,429,775.6 
87.191 ,430,774.4 
87.194 ,431,770.8 
87.197 ,432,771.9 
87.201 ,433,781.0 
87.204 ,434,771.6 
87.207 ,435,779.8 
87.211 ,436,773.8 
87.214 ,437,775.8 
87.217 ,438,779.2 
87.221 ,439,773.2 
87.224 ,440,776.9 
87.227 ,441,773.8 
,,
87.255 ,449,795.5 
87.258 ,450,796.1 
87.262 ,451,792.1 
87.265 ,452,795.0 
87.268 ,453,795.5 
87.272 ,454,793.8 
87.275 ,455,798.9 
87.278 ,456,792.8 
87.282 ,457,802.0 
87.285 ,458,798.5 
87.288 ,459,798.6 
87.292 ,460,797.0 
87.295 ,461,797.7 
87.298 ,462,795.3 
87.302 ,463,799.8 
87.305 ,464,803.0 
87.308 ,465,801.2 
87.312 ,466,801.4 
87.315 ,467,799.8 
87.318 ,468,796.2 
87.322 ,469,790.2 
87.325 ,470,788.5 
87.328 ,471,791.6 
87.332 ,472,792.6 
87.335 ,473,786.1 
87.338 ,474,788.5 
87.342 ,475,797.2 
87.345 ,476,798.4 
87.348 ,477,798.9 
87.352 ,478,792.8 
87.355 ,479,790.5 
87.358 ,480,792.6 
87.362 ,481,793.5 
87.365 ,482,790.3 
87.368 ,483,786.7 
87.372 ,484,793.8 
87.375 ,485,791.9 
87.378 ,486,795.4 
87.382 ,487,792.0 
87.385 ,488,792.8 
87.388 ,489,786.4 
87.392 ,490,780.5 
87.395 ,491,797.2 
87.398 ,492,798.0 
87.402 ,493,799.7 
87.405 ,494,794.4 
87.408 ,495,796.8 
87.412 ,496,792.1 
87.415 ,497,790.5 
87.418 ,498,794.8 
87.422 ,499,789.0 
87.425 ,500,787.6 
87.428 ,501,786.1 
87.432 ,502,781.5 
87.435 ,503,787.1 
87.438 ,504,788.3 
87.442 ,505,792.7 
87.445 ,506,793.0 
87.448 ,507,790.7 
87.452 ,508,791.4 
87.455 ,509,795.6 
87.458 ,510,795.4 
87.462 ,511,790.6 
87.465 ,512,794.2 
87.468 ,513,786.9 
87.472 ,514,790.0 
87.475 ,515,793.6 
87.478 ,516,798.6 
87.482 ,517,802.5 
87.485 ,518,798.5 
87.488 ,519,799.8 
87.492 ,520,797.5 
87.495 ,521,800.7 
87.498 ,522,792.2 
87.502 ,523,790.1 
87.505 ,524,783.6 
87.508 ,525,780.5 
87.512 ,526,783.3 
87.515 ,527,784.9 
87.518 ,528,795.5 
87.522 ,529,793.0 
87.525 ,530,790.0 
87.528 ,531,793.0 
87.532 ,532,789.0 
87.535 ,533,784.7 
87.538 ,534,786.2 
87.542 ,535,795.1 
87.545 ,536,803.5 
87.548 ,537,799.9 
87.552 ,538,800.6 
87.555 ,539,801.3 
87.558 ,540,797.8 
87.562 ,541,792.3 
87.565 ,542,784.3 
87.568 ,543,785.0 
87.572 ,544,789.0 
87.575 ,545,789.2 
,,
87.600 ,10,788.6 
87.603 ,11,791.3 
87.606 ,12,794.2 
87.610 ,13,784.1 
87.613 ,14,786.7 
87.616 ,15,776.4 
87.620 ,16,780.9 
87.623 ,17,779.0 
87.626 ,18,771.7 
87.630 ,19,784.8 
87.633 ,20,790.8 
87.636 ,21,786.8 
87.640 ,22,795.1 
87.643 ,23,795.6 
87.646 ,24,792.0 
87.650 ,25,803.2 
87.653 ,26,791.5 
87.656 ,27,792.1 
87.660 ,28,788.4 
87.663 ,29,788.8 
87.666 ,30,793.0 
87.670 ,31,787.4 
87.673 ,32,788.0 
87.676 ,33,791.9 
87.680 ,34,791.7 
87.683 ,35,785.8 
87.686 ,36,786.7 
87.690 ,37,790.7 
87.693 ,38,790.4 
87.696 ,39,787.6 
87.700 ,40,785.9 
87.703 ,41,789.1 
87.706 ,42,793.8 
87.710 ,43,781.5 
87.713 ,44,779.1 
87.716 ,45,778.3 
87.720 ,46,787.8 
87.723 ,47,793.0 
87.726 ,48,791.6 
87.730 ,49,793.4 
87.733 ,50,798.1 
87.736 ,51,806.3 
87.740 ,52,795.6 
87.743 ,53,802.0 
87.746 ,54,799.9 
87.750 ,55,803.5 
87.753 ,56,804.0 
87.756 ,57,801.6 
87.760 ,58,803.5 
87.763 ,59,803.0 
87.766 ,60,807.5 
87.770 ,61,805.7 
87.773 ,62,802.2 
87.776 ,63,809.0 
87.780 ,64,799.5 
87.783 ,65,801.5 
87.786 ,66,793.9 
87.790 ,67,786.4 
87.793 ,68,781.1 
87.796 ,69,778.6 
87.800 ,70,782.8 
87.803 ,71,793.3 
87.806 ,72,800.2 
87.810 ,73,803.6 
87.813 ,74,794.9 
87.816 ,75,786.4 
87.820 ,76,781.7 
87.823 ,77,784.9 
87.826 ,78,782.6 
87.830 ,79,788.5 
87.833 ,80,781.1 
87.836 ,81,787.4 
87.840 ,82,783.7 
87.843 ,83,791.2 
87.846 ,84,786.7 
87.850 ,85,784.4 
87.853 ,86,787.4 
87.856 ,87,786.5 
87.860 ,88,794.1 
87.863 ,89,793.2 
87.866 ,90,794.9 
87.870 ,91,790.6 
87.873 ,92,793.4 
87.876 ,93,793.7 
87.880 ,94,796.3 
87.883 ,95,791.1 
87.886 ,96,789.1 
87.890 ,97,787.7 
87.893 ,98,790.1 
87.896 ,99,791.7 
87.900 ,100,793.1 
87.903 ,101,799.9 
87.906 ,102,797.5 
87.910 ,103,793.7 
87.913 ,104,795.4 
87.916 ,105,791.9 
87.920 ,106,777.6 
87.923 ,107,775.4 
87.926 ,108,773.2 
87.930 ,109,779.0 
87.933 ,110,777.8 
87.936 ,111,779.6 
87.940 ,112,777.2 
87.943 ,113,780.2 
87.946 ,114,776.2 
87.950 ,115,781.3 
87.953 ,116,791.8 
87.956 ,117,787.0 
87.960 ,118,797.7 
87.963 ,119,793.1 
87.966 ,120,796.9 
87.970 ,121,796.1 
87.973 ,122,789.5 
87.976 ,123,792.5 
87.980 ,124,797.9 
87.983 ,125,788.7 
87.986 ,126,794.9 
87.990 ,127,796.0 
87.993 ,128,792.1 
87.996 ,129,795.6 
88.000 ,130,794.2 
88.003 ,131,798.2 
88.006 ,132,792.7 
88.010 ,133,789.2 
88.013 ,134,784.3 
88.016 ,135,776.7 
88.020 ,136,776.6 
88.023 ,137,776.7 
88.026 ,138,789.8 
88.030 ,139,787.9 
88.033 ,140,786.7 
88.036 ,141,788.7 
88.040 ,142,791.9 
88.043 ,143,795.4 
88.046 ,144,796.2 
88.050 ,145,797.9 
88.053 ,146,790.6 
88.056 ,147,787.8 
88.060 ,148,788.7 
88.063 ,149,784.8 
88.066 ,150,784.1 
88.070 ,151,785.9 
88.073 ,152,793.5 
88.076 ,153,794.4 
88.080 ,154,791.6 
88.083 ,155,788.5 
88.086 ,156,799.6 
,,
88.096 ,160,773.4 
88.100 ,161,773.3 
88.103 ,162,776.4 
88.106 ,163,775.0 
88.110 ,164,770.5 
88.113 ,165,771.7 
88.116 ,166,769.5 
88.120 ,167,771.3 
88.123 ,168,773.3 
88.126 ,169,785.2 
88.130 ,170,785.6 
88.133 ,171,789.3 
88.136 ,172,784.0 
88.140 ,173,787.3 
88.143 ,174,788.3 
88.146 ,175,787.8 
88.150 ,176,787.7 
88.153 ,177,784.4 
88.156 ,178,788.9 
88.160 ,179,786.9 
88.163 ,180,782.8 
88.166 ,181,783.7 
88.170 ,182,786.9 
88.173 ,183,781.7 
88.176 ,184,781.4 
88.180 ,185,781.1 
88.183 ,186,788.2 
88.186 ,187,790.1 
88.190 ,188,791.9 
88.193 ,189,788.7 
88.196 ,190,784.1 
88.200 ,191,789.7 
88.203 ,192,781.4 
88.206 ,193,787.0 
88.210 ,194,778.8 
88.213 ,195,779.1 
88.216 ,196,775.4 
88.220 ,197,773.8 
88.223 ,198,778.2 
88.226 ,199,786.3 
88.230 ,200,791.4 
88.233 ,201,791.4 
88.236 ,202,791.7 
88.240 ,203,794.8 
88.243 ,204,788.5 
88.246 ,205,786.3 
88.250 ,206,788.2 
88.253 ,207,791.2 
88.256 ,208,787.3 
88.260 ,209,792.8 
88.263 ,210,784.8 
88.266 ,211,787.0 
88.270 ,212,791.4 
88.273 ,213,785.9 
88.276 ,214,783.6 
88.280 ,215,774.4 
88.283 ,216,770.6 
88.286 ,217,773.8 
88.290 ,218,774.6 
88.293 ,219,776.9 
88.296 ,220,773.8 
88.300 ,221,774.9 
88.303 ,222,770.0 
88.306 ,223,777.3 
88.310 ,224,777.9 
88.313 ,225,774.0 
88.316 ,226,775.0 
88.320 ,227,780.6 
88.323 ,228,789.2 
88.326 ,229,791.5 
88.330 ,230,788.4 
88.333 ,231,791.1 
88.336 ,232,785.8 
88.340 ,233,782.3 
88.343 ,234,792.0 
88.346 ,235,788.7 
88.350 ,236,787.2 
88.353 ,237,788.2 
88.356 ,238,786.6 
88.360 ,239,794.4 
88.363 ,240,796.9 
88.366 ,241,798.2 
88.370 ,242,796.3 
88.373 ,243,792.4 
88.376 ,244,794.0 
88.380 ,245,786.8 
88.383 ,246,787.2 
88.386 ,247,784.4 
88.390 ,248,786.6 
88.393 ,249,783.2 
88.396 ,250,777.9 
88.400 ,251,777.6 
88.403 ,252,780.2 
88.406 ,253,783.7 
88.410 ,254,788.4 
88.413 ,255,792.1 
88.416 ,256,791.3 
88.420 ,257,795.9 
88.423 ,258,794.6 
88.426 ,259,806.5 
88.430 ,260,802.8 
88.433 ,261,799.8 
88.436 ,262,803.4 
88.440 ,263,802.4 
88.443 ,264,797.7 
88.446 ,265,785.4 
88.450 ,266,775.4 
88.453 ,267,791.1 
88.456 ,268,792.8 
88.460 ,269,786.1 
88.463 ,270,783.4 
88.466 ,271,780.8 
88.470 ,272,784.0 
88.473 ,273,786.0 
88.476 ,274,792.2 
88.480 ,275,798.0 
88.483 ,276,796.5 
88.486 ,277,793.6 
88.490 ,278,798.4 
88.493 ,279,794.9 
88.496 ,280,793.6 
88.500 ,281,794.0 
88.503 ,282,791.9 
88.506 ,283,793.3 
88.510 ,284,787.9 
88.513 ,285,788.7 
88.516 ,286,790.3 
88.520 ,287,782.9 
88.523 ,288,784.9 
88.526 ,289,785.0 
88.530 ,290,780.1 
88.533 ,291,780.9 
88.536 ,292,790.8 
88.540 ,293,794.2 
,,
88.564 ,300,805.4 
88.567 ,301,806.5 
88.571 ,302,803.6 
88.574 ,303,809.2 
88.577 ,304,805.5 
88.581 ,305,802.3 
88.584 ,306,797.2 
88.587 ,307,798.0 
88.591 ,308,802.5 
88.594 ,309,808.6 
88.597 ,310,808.7 
88.601 ,311,800.7 
88.604 ,312,796.2 
88.607 ,313,791.9 
88.611 ,314,789.8 
88.614 ,315,789.4 
88.617 ,316,791.4 
88.621 ,317,794.2 
88.624 ,318,793.0 
88.627 ,319,791.2 
88.631 ,320,788.0 
88.634 ,321,789.3 
88.637 ,322,792.5 
88.641 ,323,799.7 
88.644 ,324,795.7 
88.647 ,325,796.5 
88.651 ,326,794.2 
88.654 ,327,795.9 
88.657 ,328,792.1 
88.661 ,329,795.7 
88.664 ,330,778.2 
88.667 ,331,770.7 
88.671 ,332,775.1 
88.674 ,333,771.2 
88.677 ,334,774.7 
88.681 ,335,774.2 
88.684 ,336,775.1 
88.687 ,337,773.0 
88.691 ,338,775.3 
88.694 ,339,769.0 
88.697 ,340,775.2 
88.701 ,341,774.1 
88.704 ,342,772.0 
88.707 ,343,776.1 
88.711 ,344,771.1 
88.714 ,345,771.9 
88.717 ,346,775.8 
88.721 ,347,771.5 
88.724 ,348,770.8 
88.727 ,349,768.9 
88.731 ,350,774.8 
88.734 ,351,771.4 
88.737 ,352,771.2 
88.741 ,353,776.3 
88.744 ,354,774.3 
88.747 ,355,771.9 
88.751 ,356,774.0 
88.754 ,357,780.7 
88.757 ,358,786.6 
88.761 ,359,795.8 
88.764 ,360,796.1 
88.767 ,361,795.7 
88.771 ,362,792.7 
88.774 ,363,795.0 
88.777 ,364,795.3 
88.781 ,365,798.8 
88.784 ,366,798.3 
88.787 ,367,795.0 
88.791 ,368,792.2 
88.794 ,369,793.4 
88.797 ,370,791.2 
88.801 ,371,794.9 
88.804 ,372,798.9 
88.807 ,373,794.2 
88.811 ,374,802.2 
88.814 ,375,801.1 
88.817 ,376,802.9 
88.821 ,377,801.7 
88.824 ,378,797.3 
88.827 ,379,802.1 
88.831 ,380,800.7 
88.834 ,381,797.3 
88.837 ,382,799.0 
88.841 ,383,794.8 
88.844 ,384,793.8 
88.847 ,385,801.1 
88.851 ,386,797.4 
88.854 ,387,793.4 
88.857 ,388,788.8 
88.861 ,389,783.9 
88.864 ,390,786.7 
88.867 ,391,794.2 
88.871 ,392,800.1 
88.874 ,393,802.8 
88.877 ,394,804.0 
88.881 ,395,801.0 
88.884 ,396,808.1 
88.887 ,397,798.5 
88.891 ,398,793.4 
88.894 ,399,783.4 
88.897 ,400,783.9 
88.901 ,401,786.6 
88.904 ,402,787.0 
88.907 ,403,796.8 
88.911 ,404,793.2 
88.914 ,405,797.7 
88.917 ,406,795.7 
88.921 ,407,792.8 
88.924 ,408,790.6 
88.927 ,409,795.4 
88.931 ,410,789.4 
88.934 ,411,792.3 
88.937 ,412,794.8 
88.941 ,413,796.4 
88.944 ,414,796.8 
88.947 ,415,793.8 
88.951 ,416,790.8 
88.954 ,417,792.3 
88.957 ,418,799.6 
88.961 ,419,794.3 
88.964 ,420,798.6 
88.967 ,421,796.3 
88.971 ,422,795.0 
88.974 ,423,795.9 
88.977 ,424,798.3 
88.981 ,425,793.9 
88.984 ,426,796.8 
88.987 ,427,799.3 
88.991 ,428,799.4 
88.994 ,429,803.0 
88.997 ,430,807.8 
89.001 ,431,804.8 
89.004 ,432,797.4 
89.007 ,433,803.3 
89.011 ,434,799.6 
89.014 ,435,793.6 
89.017 ,436,790.0 
89.021 ,437,789.2 
89.024 ,438,792.9 
89.027 ,439,788.7 
89.031 ,440,790.0 
89.034 ,441,782.5 
89.037 ,442,785.6 
89.041 ,443,777.2 
,,
89.060 ,449,796.2 
89.063 ,450,797.1 
89.067 ,451,800.4 
89.070 ,452,788.4 
89.073 ,453,782.3 
89.077 ,454,780.6 
89.080 ,455,778.4 
89.083 ,456,776.2 
89.087 ,457,771.6 
89.090 ,458,778.2 
89.093 ,459,786.8 
89.097 ,460,790.1 
89.100 ,461,787.0 
89.103 ,462,790.6 
89.107 ,463,790.9 
89.110 ,464,790.6 
89.113 ,465,791.5 
89.117 ,466,787.9 
89.120 ,467,792.2 
89.123 ,468,787.4 
89.127 ,469,792.3 
89.130 ,470,791.7 
89.133 ,471,791.1 
89.137 ,472,793.5 
89.140 ,473,793.0 
89.143 ,474,794.9 
89.147 ,475,794.0 
89.150 ,476,789.4 
89.153 ,477,788.9 
89.157 ,478,787.0 
89.160 ,479,793.6 
89.163 ,480,795.4 
89.167 ,481,796.2 
89.170 ,482,795.7 
89.173 ,483,791.2 
89.177 ,484,789.3 
89.180 ,485,800.7 
89.183 ,486,798.3 
89.187 ,487,803.4 
89.190 ,488,800.4 
89.193 ,489,806.1 
89.197 ,490,803.5 
89.200 ,491,801.8 
89.203 ,492,795.6 
89.207 ,493,791.5 
89.210 ,494,792.4 
89.213 ,495,790.5 
89.217 ,496,790.7 
89.220 ,497,792.9 
89.223 ,498,788.4 
89.227 ,499,788.2 
,,
90.925 ,442,809.0 
90.929 ,443,811.9 
90.932 ,444,806.5 
90.935 ,445,806.1 
90.939 ,446,809.1 
90.942 ,447,802.2 
90.945 ,448,806.2 
90.949 ,449,801.0 
90.952 ,450,803.8 
90.955 ,451,803.5 
90.959 ,452,797.1 
90.962 ,453,795.9 
90.965 ,454,800.3 
90.969 ,455,796.8 
90.972 ,456,793.4 
90.975 ,457,797.7 
90.979 ,458,797.1 
90.982 ,459,802.1 
90.985 ,460,797.1 
90.989 ,461,799.4 
90.992 ,462,796.7 
90.995 ,463,796.9 
90.999 ,464,782.0 
91.002 ,465,781.3 
91.005 ,466,780.5 
91.009 ,467,791.3 
91.012 ,468,802.2 
91.015 ,469,794.0 
91.019 ,470,788.8 
91.022 ,471,790.8 
91.025 ,472,797.1 
91.029 ,473,796.8 
91.032 ,474,801.9 
91.035 ,475,798.1 
91.039 ,476,802.5 
91.042 ,477,794.1 
91.045 ,478,803.8 
91.049 ,479,790.7 
91.052 ,480,789.3 
91.055 ,481,792.5 
91.059 ,482,791.5 
91.062 ,483,793.5 
91.065 ,484,801.7 
91.069 ,485,803.2 
91.072 ,486,807.6 
91.075 ,487,805.3 
91.079 ,488,797.5 
91.082 ,489,804.6 
91.085 ,490,802.8 
91.089 ,491,806.1 
91.092 ,492,804.7 
91.095 ,493,803.7 
91.099 ,494,804.5 
91.102 ,495,803.2 
91.105 ,496,803.3 
91.109 ,497,800.5 
91.112 ,498,798.1 
91.115 ,499,802.6 
91.119 ,500,807.0 
91.122 ,501,805.2 
91.125 ,502,808.3 
91.129 ,503,808.5 
91.132 ,504,806.4 
91.135 ,505,805.0 
91.139 ,506,807.3 
91.142 ,507,797.4 
91.145 ,508,798.9 
91.149 ,509,795.6 
91.152 ,510,793.2 
91.155 ,511,786.9 
91.159 ,512,792.3 
91.162 ,513,795.5 
91.165 ,514,801.5 
91.169 ,515,803.8 
91.172 ,516,803.4 
91.175 ,517,807.7 
91.179 ,518,805.8 
91.182 ,519,806.8 
91.185 ,520,797.4 
91.189 ,521,794.6 
91.192 ,522,788.1 
91.195 ,523,782.8 
91.199 ,524,788.6 
91.202 ,525,795.5 
91.205 ,526,797.4 
91.209 ,527,795.4 
91.212 ,528,796.0 
91.215 ,529,793.7 
91.219 ,530,799.7 
91.222 ,531,794.9 
91.225 ,532,792.8 
91.229 ,533,796.3 
91.232 ,534,797.6 
91.235 ,535,806.7 
91.239 ,536,807.0 
91.242 ,537,809.3 
91.245 ,538,811.3 
91.249 ,539,809.8 
91.252 ,540,805.4 
91.255 ,541,804.5 
91.259 ,542,807.5 
91.262 ,543,803.5 
91.265 ,544,807.3 
91.269 ,545,801.6 
91.272 ,546,805.6 
91.275 ,547,805.3 
91.279 ,548,806.4 
91.282 ,549,807.9 
91.285 ,550,808.0 
91.289 ,551,805.7 
91.292 ,552,801.8 
91.295 ,553,801.4 
91.299 ,554,802.7 
91.302 ,555,803.2 
91.305 ,556,797.7 
91.309 ,557,807.9 
91.312 ,558,802.0 
91.315 ,559,807.3 
91.319 ,560,806.5 
91.322 ,561,805.5 
91.325 ,562,802.6 
91.329 ,563,805.6 
91.332 ,564,799.8 
91.335 ,565,797.9 
91.339 ,566,804.4 
91.342 ,567,801.3 
91.345 ,568,803.7 
,,
91.360 ,12,796.6 
91.363 ,13,795.9 
91.367 ,14,788.6 
91.370 ,15,790.2 
91.373 ,16,787.3 
91.377 ,17,788.9 
91.380 ,18,789.5 
91.383 ,19,794.5 
91.387 ,20,793.2 
91.390 ,21,802.7 
91.393 ,22,812.8 
91.397 ,23,811.4 
91.400 ,24,809.3 
91.403 ,25,811.7 
91.407 ,26,806.7 
91.410 ,27,809.3 
91.413 ,28,798.8 
91.417 ,29,795.4 
91.420 ,30,794.4 
91.423 ,31,787.6 
91.427 ,32,793.3 
91.430 ,33,793.2 
91.433 ,34,784.4 
91.437 ,35,795.2 
91.440 ,36,798.5 
91.443 ,37,804.7 
91.447 ,38,806.9 
91.450 ,39,806.5 
91.453 ,40,799.5 
91.457 ,41,797.3 
91.460 ,42,800.2 
91.463 ,43,800.5 
91.467 ,44,801.7 
91.470 ,45,799.7 
91.473 ,46,800.6 
91.477 ,47,800.4 
91.480 ,48,794.8 
91.483 ,49,796.4 
91.487 ,50,796.3 
91.490 ,51,794.0 
91.493 ,52,795.6 
91.497 ,53,798.8 
91.500 ,54,797.1 
91.503 ,55,800.5 
91.507 ,56,812.9 
91.510 ,57,808.5 
91.513 ,58,804.6 
91.517 ,59,808.9 
91.520 ,60,809.8 
91.523 ,61,810.9 
91.527 ,62,805.1 
91.530 ,63,808.2 
91.533 ,64,813.6 
91.537 ,65,811.6 
91.540 ,66,811.2 
91.543 ,67,806.7 
91.547 ,68,800.7 
91.550 ,69,805.9 
91.553 ,70,806.4 
91.557 ,71,801.5 
91.560 ,72,802.2 
91.563 ,73,810.1 
91.567 ,74,804.3 
91.570 ,75,811.6 
91.573 ,76,812.1 
91.577 ,77,809.8 
91.580 ,78,810.6 
91.583 ,79,802.1 
91.587 ,80,807.0 
91.590 ,81,812.3 
91.593 ,82,808.3 
91.597 ,83,813.9 
91.600 ,84,815.5 
91.603 ,85,812.8 
91.607 ,86,813.0 
91.610 ,87,813.9 
91.613 ,88,811.1 
91.617 ,89,812.5 
91.620 ,90,812.2 
91.623 ,91,809.5 
91.627 ,92,809.8 
91.630 ,93,802.3 
91.633 ,94,789.3 
91.637 ,95,785.8 
91.640 ,96,791.5 
91.643 ,97,787.4 
91.647 ,98,793.5 
91.650 ,99,795.6 
91.653 ,100,792.8 
91.657 ,101,794.0 
91.660 ,102,797.6 
91.663 ,103,797.9 
91.667 ,104,798.5 
91.670 ,105,792.1 
91.673 ,106,786.2 
91.677 ,107,784.4 
91.680 ,108,789.0 
91.683 ,109,790.1 
91.687 ,110,792.9 
91.690 ,111,802.0 
91.693 ,112,794.2 
91.697 ,113,792.4 
91.700 ,114,794.7 
91.703 ,115,792.9 
91.707 ,116,788.9 
91.710 ,117,794.2 
91.713 ,118,792.9 
91.717 ,119,787.6 
91.720 ,120,790.6 
91.723 ,121,786.0 
91.727 ,122,792.1 
91.730 ,123,789.6 
91.733 ,124,791.4 
91.737 ,125,785.4 
91.740 ,126,787.9 
91.743 ,127,785.7 
91.747 ,128,784.3 
91.750 ,129,784.0 
91.753 ,130,786.4 
91.757 ,131,790.1 
91.760 ,132,791.9 
91.763 ,133,788.1 
91.767 ,134,790.5 
91.770 ,135,788.1 
91.773 ,136,781.9 
91.777 ,137,781.0 
91.780 ,138,780.5 
91.783 ,139,778.1 
91.787 ,140,781.5 
91.790 ,141,778.3 
91.793 ,142,776.4 
91.797 ,143,774.9 
91.800 ,144,786.7 
91.803 ,145,788.6 
91.807 ,146,783.3 
91.810 ,147,789.2 
91.813 ,148,787.9 
91.817 ,149,787.9 
91.820 ,150,789.4 
91.823 ,151,796.5 
91.827 ,152,799.2 
,,
91.863 ,162,799.3 
91.867 ,163,799.3 
91.870 ,164,798.6 
91.873 ,165,796.5 
91.877 ,166,806.3 
91.880 ,167,807.4 
91.883 ,168,803.7 
91.887 ,169,799.6 
91.890 ,170,803.0 
91.893 ,171,797.9 
91.897 ,172,800.2 
91.900 ,173,791.6 
91.903 ,174,794.9 
91.907 ,175,791.3 
91.910 ,176,795.2 
91.913 ,177,787.6 
91.917 ,178,790.4 
91.920 ,179,790.6 
91.923 ,180,785.3 
91.927 ,181,793.0 
91.930 ,182,802.5 
91.933 ,183,800.6 
91.937 ,184,801.1 
91.940 ,185,797.0 
91.943 ,186,799.2 
91.947 ,187,801.4 
91.950 ,188,802.7 
91.953 ,189,802.9 
91.957 ,190,800.3 
91.960 ,191,804.2 
91.963 ,192,799.6 
91.967 ,193,801.3 
91.970 ,194,802.7 
91.973 ,195,800.9 
91.977 ,196,801.7 
91.980 ,197,802.7 
91.983 ,198,797.7 
91.987 ,199,797.1 
91.990 ,200,798.8 
91.993 ,201,792.7 
91.997 ,202,802.7 
92.000 ,203,804.4 
92.003 ,204,807.8 
92.007 ,205,804.7 
92.010 ,206,800.5 
92.013 ,207,806.5 
92.017 ,208,799.9 
92.020 ,209,796.6 
92.023 ,210,793.0 
92.027 ,211,793.0 
92.030 ,212,797.0 
92.033 ,213,803.8 
92.037 ,214,804.9 
92.040 ,215,804.2 
92.043 ,216,801.7 
92.047 ,217,801.2 
92.050 ,218,801.1 
92.053 ,219,800.3 
92.057 ,220,798.1 
92.060 ,221,799.9 
92.063 ,222,801.3 
92.067 ,223,799.4 
92.070 ,224,805.6 
92.073 ,225,802.1 
92.077 ,226,800.5 
92.080 ,227,805.4 
92.083 ,228,805.2 
92.087 ,229,809.8 
92.090 ,230,807.5 
92.093 ,231,809.1 
92.097 ,232,801.7 
92.100 ,233,808.0 
92.103 ,234,803.5 
92.107 ,235,799.5 
92.110 ,236,799.3 
92.113 ,237,801.4 
92.117 ,238,797.5 
92.120 ,239,799.5 
92.123 ,240,801.5 
92.127 ,241,799.7 
92.130 ,242,801.7 
92.133 ,243,797.1 
92.137 ,244,799.2 
92.140 ,245,792.3 
92.143 ,246,800.4 
92.147 ,247,798.0 
92.150 ,248,798.2 
92.153 ,249,792.4 
92.157 ,250,794.8 
92.160 ,251,794.7 
92.163 ,252,798.4 
92.167 ,253,801.9 
92.170 ,254,802.3 
92.173 ,255,804.1 
92.177 ,256,798.9 
92.180 ,257,797.7 
92.183 ,258,799.8 
92.187 ,259,795.3 
92.190 ,260,793.9 
92.193 ,261,792.6 
92.197 ,262,789.2 
92.200 ,263,786.1 
92.203 ,264,785.6 
92.207 ,265,782.0 
92.210 ,266,785.9 
92.213 ,267,791.7 
92.217 ,268,792.9 
92.220 ,269,805.4 
92.223 ,270,816.2 
92.227 ,271,805.3 
92.230 ,272,804.9 
92.233 ,273,801.6 
92.237 ,274,804.0 
92.240 ,275,799.8 
92.243 ,276,804.1 
92.247 ,277,800.5 
92.250 ,278,800.0 
92.253 ,279,800.0 
92.257 ,280,801.3 
92.260 ,281,800.7 
92.263 ,282,801.0 
92.267 ,283,802.2 
92.270 ,284,801.5 
92.273 ,285,802.4 
92.277 ,286,801.7 
92.280 ,287,813.4 
92.283 ,288,815.0 
92.287 ,289,812.6 
,,
92.310 ,297,808.7 
92.313 ,298,809.3 
92.317 ,299,808.4 
92.320 ,300,806.2 
92.323 ,301,808.1 
92.327 ,302,798.1 
92.330 ,303,802.2 
92.333 ,304,808.2 
92.337 ,305,805.1 
92.340 ,306,802.0 
92.343 ,307,801.8 
92.347 ,308,797.0 
92.350 ,309,802.6 
92.353 ,310,798.8 
92.357 ,311,794.5 
92.360 ,312,790.5 
92.363 ,313,786.0 
92.367 ,314,805.5 
92.370 ,315,803.4 
92.373 ,316,797.7 
92.377 ,317,796.7 
92.380 ,318,802.3 
92.383 ,319,805.7 
92.387 ,320,802.6 
92.390 ,321,794.5 
92.393 ,322,798.9 
92.397 ,323,805.4 
92.400 ,324,804.8 
92.403 ,325,803.4 
92.407 ,326,804.0 
92.410 ,327,804.7 
92.413 ,328,806.7 
92.417 ,329,802.5 
92.420 ,330,802.2 
92.423 ,331,796.3 
92.427 ,332,799.6 
92.430 ,333,793.7 
92.433 ,334,798.8 
92.437 ,335,803.9 
92.440 ,336,806.0 
92.443 ,337,803.9 
92.447 ,338,804.7 
92.450 ,339,804.2 
92.453 ,340,802.2 
92.457 ,341,802.0 
92.460 ,342,800.4 
92.463 ,343,796.4 
92.467 ,344,795.1 
92.470 ,345,795.0 
92.473 ,346,809.0 
92.477 ,347,805.0 
92.480 ,348,802.2 
92.483 ,349,799.3 
92.487 ,350,803.6 
92.490 ,351,800.5 
92.493 ,352,804.5 
92.497 ,353,806.0 
92.500 ,354,805.0 
92.503 ,355,806.2 
92.507 ,356,809.7 
92.510 ,357,807.8 
92.513 ,358,807.4 
92.517 ,359,801.7 
92.520 ,360,803.3 
92.523 ,361,803.3 
92.527 ,362,797.7 
92.530 ,363,802.9 
92.533 ,364,801.1 
92.537 ,365,805.3 
92.540 ,366,806.8 
92.543 ,367,804.5 
92.547 ,368,808.1 
92.550 ,369,805.0 
92.553 ,370,806.5 
92.557 ,371,807.1 
92.560 ,372,807.0 
92.563 ,373,811.0 
92.567 ,374,808.6 
92.570 ,375,807.5 
92.573 ,376,806.1 
92.577 ,377,810.1 
92.580 ,378,813.0 
92.583 ,379,810.5 
92.587 ,380,810.6 
92.590 ,381,810.8 
92.593 ,382,814.7 
92.597 ,383,808.8 
92.600 ,384,804.7 
92.603 ,385,808.3 
92.607 ,386,808.9 
92.610 ,387,809.9 
92.613 ,388,805.6 
92.617 ,389,808.6 
92.620 ,390,812.3 
92.623 ,391,803.4 
92.627 ,392,795.2 
92.630 ,393,788.9 
92.633 ,394,792.8 
92.637 ,395,793.4 
92.640 ,396,788.9 
92.643 ,397,783.7 
92.647 ,398,788.5 
92.650 ,399,793.3 
92.653 ,400,791.9 
92.657 ,401,792.9 
92.660 ,402,803.2 
92.663 ,403,807.6 
92.667 ,404,809.4 
92.670 ,405,805.5 
92.673 ,406,810.7 
92.677 ,407,809.3 
92.680 ,408,806.9 
92.683 ,409,805.1 
92.687 ,410,803.8 
92.690 ,411,802.0 
92.693 ,412,798.6 
92.697 ,413,801.7 
92.700 ,414,803.0 
92.703 ,415,800.3 
92.707 ,416,793.7 
92.710 ,417,796.2 
92.713 ,418,802.9 
92.717 ,419,803.9 
92.720 ,420,804.8 
92.723 ,421,798.2 
92.727 ,422,801.1 
92.730 ,423,797.5 
92.733 ,424,789.1 
92.737 ,425,797.0 
92.740 ,426,803.6 
92.743 ,427,803.9 
92.747 ,428,805.4 
92.750 ,429,809.1 
92.753 ,430,803.8 
92.757 ,431,802.7 
92.760 ,432,795.8 
92.763 ,433,794.5 
92.767 ,434,793.6 
92.770 ,435,792.9 
92.773 ,436,798.4 
92.777 ,437,796.1 
92.780 ,438,799.0 
,,
92.804 ,446,793.0 
92.807 ,447,797.3 
92.811 ,448,800.9 
92.814 ,449,799.4 
92.817 ,450,797.7 
92.821 ,451,794.2 
92.824 ,452,803.4 
92.827 ,453,796.4 
92.831 ,454,804.0 
92.834 ,455,795.1 
92.837 ,456,793.7 
92.841 ,457,795.9 
92.844 ,458,791.5 
92.847 ,459,795.5 
92.851 ,460,797.8 
92.854 ,461,790.4 
92.857 ,462,794.2 
92.861 ,463,799.9 
92.864 ,464,799.9 
92.867 ,465,795.8 
92.871 ,466,797.0 
92.874 ,467,795.4 
92.877 ,468,795.0 
92.881 ,469,791.1 
92.884 ,470,796.4 
92.887 ,471,793.3 
92.891 ,472,797.1 
92.894 ,473,798.3 
92.897 ,474,801.1 
92.901 ,475,803.9 
92.904 ,476,797.3 
92.907 ,477,799.9 
92.911 ,478,802.3 
92.914 ,479,803.4 
92.917 ,480,803.1 
92.921 ,481,802.2 
92.924 ,482,799.2 
92.927 ,483,804.0 
92.931 ,484,798.5 
92.934 ,485,797.8 
92.937 ,486,800.9 
92.941 ,487,787.0 
92.944 ,488,782.5 
92.947 ,489,792.2 
92.951 ,490,801.9 
92.954 ,491,797.8 
92.957 ,492,794.4 
92.961 ,493,801.4 
92.964 ,494,799.5 
92.967 ,495,799.5 
92.971 ,496,800.1 
92.974 ,497,794.6 
92.977 ,498,800.5 
92.981 ,499,802.6 
92.984 ,500,797.8 
92.987 ,501,802.0 
92.991 ,502,796.3 
92.994 ,503,801.2 
92.997 ,504,802.9 
93.001 ,505,798.7 
93.004 ,506,798.9 
93.007 ,507,794.2 
93.011 ,508,797.4 
93.014 ,509,792.1 
93.017 ,510,798.9 
93.021 ,511,796.0 
93.024 ,512,803.4 
93.027 ,513,812.2 
93.031 ,514,802.9 
93.034 ,515,806.0 
93.037 ,516,803.1 
93.041 ,517,804.7 
93.044 ,518,805.4 
93.047 ,519,807.0 
93.051 ,520,807.1 
93.054 ,521,800.8 
93.057 ,522,803.7 
93.061 ,523,805.1 
93.064 ,524,799.5 
93.067 ,525,798.4 
93.071 ,526,803.7 
93.074 ,527,799.2 
93.077 ,528,798.9 
93.081 ,529,798.8 
93.084 ,530,798.1 
93.087 ,531,798.3 
93.091 ,532,794.4 
93.094 ,533,799.6 
93.097 ,534,798.4 
93.101 ,535,797.7 
93.104 ,536,795.5 
93.107 ,537,795.9 
93.111 ,538,796.7 
93.114 ,539,796.0 
93.117 ,540,798.4 
93.121 ,541,794.2 
93.124 ,542,790.8 
93.127 ,543,794.4 
93.131 ,544,786.9 
93.134 ,545,787.3 
93.137 ,546,791.5 
93.141 ,547,790.7 
93.144 ,548,796.4 
93.147 ,549,791.5 
93.151 ,550,786.1 
93.154 ,551,790.6 
93.157 ,552,787.0 
93.161 ,553,783.4 
93.164 ,554,785.2 
93.167 ,555,786.9 
,,
93.196 ,32,806.2 
93.199 ,33,808.5 
93.203 ,34,807.8 
93.206 ,35,807.2 
93.209 ,36,809.3 
93.213 ,37,809.8 
93.216 ,38,810.3 
93.219 ,39,809.1 
93.223 ,40,808.7 
93.226 ,41,807.5 
93.229 ,42,804.9 
93.233 ,43,804.6 
93.236 ,44,803.5 
93.239 ,45,798.7 
93.243 ,46,798.2 
93.246 ,47,805.8 
93.249 ,48,807.2 
93.253 ,49,807.5 
93.256 ,50,809.8 
93.259 ,51,810.1 
93.263 ,52,806.7 
93.266 ,53,805.2 
93.269 ,54,808.2 
93.273 ,55,808.0 
93.276 ,56,807.6 
93.279 ,57,802.3 
93.283 ,58,804.8 
93.286 ,59,811.2 
93.289 ,60,816.6 
93.293 ,61,820.7 
93.296 ,62,816.8 
93.299 ,63,819.5 
93.303 ,64,817.5 
93.306 ,65,818.6 
93.309 ,66,817.2 
93.313 ,67,814.6 
93.316 ,68,816.3 
93.319 ,69,815.5 
93.323 ,70,816.8 
93.326 ,71,814.2 
93.329 ,72,814.7 
93.333 ,73,813.8 
93.336 ,74,816.8 
93.339 ,75,814.7 
93.343 ,76,813.4 
93.346 ,77,814.7 
93.349 ,78,814.4 
93.353 ,79,811.9 
93.356 ,80,814.6 
93.359 ,81,814.5 
93.363 ,82,814.0 
93.366 ,83,808.9 
93.369 ,84,809.1 
93.373 ,85,809.8 
93.376 ,86,811.2 
93.379 ,87,810.1 
93.383 ,88,809.3 
93.386 ,89,811.0 
93.389 ,90,810.0 
93.393 ,91,810.4 
93.396 ,92,812.8 
93.399 ,93,810.1 
93.403 ,94,811.0 
93.406 ,95,812.3 
93.409 ,96,809.7 
93.413 ,97,809.6 
93.416 ,98,812.8 
93.419 ,99,808.9 
93.423 ,100,811.9 
93.426 ,101,812.8 
93.429 ,102,814.3 
93.433 ,103,812.7 
93.436 ,104,813.9 
93.439 ,105,812.0 
93.443 ,106,813.1 
93.446 ,107,810.6 
93.449 ,108,812.3 
93.453 ,109,807.9 
93.456 ,110,810.6 
93.459 ,111,807.6 
93.463 ,112,804.4 
93.466 ,113,804.7 
93.469 ,114,806.5 
93.473 ,115,804.0 
93.476 ,116,808.9 
93.479 ,117,807.2 
93.483 ,118,816.2 
93.486 ,119,818.0 
93.489 ,120,816.6 
93.493 ,121,816.0 
93.496 ,122,820.0 
93.499 ,123,818.8 
93.503 ,124,812.6 
93.506 ,125,811.4 
93.509 ,126,809.5 
93.513 ,127,808.6 
93.516 ,128,809.4 
93.519 ,129,806.1 
93.523 ,130,806.3 
93.526 ,131,805.7 
93.529 ,132,806.4 
93.533 ,133,806.4 
93.536 ,134,806.8 
93.539 ,135,805.2 
93.543 ,136,807.5 
93.546 ,137,803.9 
93.549 ,138,805.5 
93.553 ,139,803.0 
93.556 ,140,805.2 
93.559 ,141,806.0 
93.563 ,142,809.9 
93.566 ,143,808.1 
93.569 ,144,810.9 
93.573 ,145,808.0 
93.576 ,146,806.9 
93.579 ,147,806.4 
93.583 ,148,806.0 
93.586 ,149,808.5 
93.589 ,150,805.2 
93.593 ,151,803.9 
93.596 ,152,803.6 
93.599 ,153,806.9 
93.603 ,154,817.9 
93.606 ,155,822.3 
93.609 ,156,821.6 
93.613 ,157,822.8 
93.616 ,158,817.5 
93.619 ,159,815.0 
93.623 ,160,810.7 
93.626 ,161,803.4 
93.629 ,162,800.2 
93.633 ,163,797.3 
93.636 ,164,810.6 
93.639 ,165,811.6 
93.643 ,166,814.4 
93.646 ,167,817.1 
93.649 ,168,808.1 
,,
93.677 ,177,808.4 
93.680 ,178,810.3 
93.684 ,179,811.8 
93.687 ,180,815.6 
93.690 ,181,815.5 
93.694 ,182,818.4 
93.697 ,183,814.9 
93.700 ,184,810.9 
93.704 ,185,809.4 
93.707 ,186,806.8 
93.710 ,187,806.0 
93.714 ,188,805.6 
93.717 ,189,806.5 
93.720 ,190,810.8 
93.724 ,191,812.4 
93.727 ,192,814.1 
93.730 ,193,820.9 
93.734 ,194,814.6 
93.737 ,195,814.3 
93.740 ,196,810.9 
93.744 ,197,814.6 
93.747 ,198,809.1 
93.750 ,199,811.8 
93.754 ,200,811.8 
93.757 ,201,818.2 
93.760 ,202,818.9 
93.764 ,203,819.3 
93.767 ,204,821.1 
93.770 ,205,810.7 
93.774 ,206,814.4 
93.777 ,207,819.0 
93.780 ,208,814.1 
93.784 ,209,815.3 
93.787 ,210,814.6 
93.790 ,211,817.8 
93.794 ,212,816.7 
93.797 ,213,818.1 
93.800 ,214,817.9 
93.804 ,215,821.8 
93.807 ,216,821.5 
93.810 ,217,821.8 
93.814 ,218,823.2 
93.817 ,219,820.0 
93.820 ,220,819.3 
93.824 ,221,820.9 
93.827 ,222,820.2 
93.830 ,223,821.1 
93.834 ,224,819.7 
93.837 ,225,822.2 
93.840 ,226,822.6 
93.844 ,227,823.1 
93.847 ,228,821.3 
93.850 ,229,815.4 
93.854 ,230,820.2 
93.857 ,231,820.7 
93.860 ,232,817.2 
93.864 ,233,816.6 
93.867 ,234,814.9 
93.870 ,235,818.9 
93.874 ,236,815.5 
93.877 ,237,813.8 
93.880 ,238,812.9 
93.884 ,239,809.6 
93.887 ,240,809.6 
93.890 ,241,811.0 
93.894 ,242,814.6 
93.897 ,243,813.7 
93.900 ,244,814.3 
93.904 ,245,818.5 
93.907 ,246,817.1 
93.910 ,247,809.9 
93.914 ,248,807.1 
93.917 ,249,807.4 
93.920 ,250,804.9 
93.924 ,251,808.5 
93.927 ,252,813.6 
93.930 ,253,811.2 
93.934 ,254,808.3 
93.937 ,255,812.1 
93.940 ,256,817.2 
93.944 ,257,818.1 
93.947 ,258,816.8 
93.950 ,259,819.5 
93.954 ,260,819.1 
93.957 ,261,817.4 
93.960 ,262,815.8 
93.964 ,263,816.4 
93.967 ,264,815.1 
93.970 ,265,817.6 
93.974 ,266,815.4 
93.977 ,267,813.7 
93.980 ,268,813.3 
93.984 ,269,813.5 
93.987 ,270,810.0 
93.990 ,271,814.6 
93.994 ,272,811.2 
93.997 ,273,812.1 
94.000 ,274,815.4 
94.004 ,275,819.3 
94.007 ,276,820.9 
94.010 ,277,823.0 
94.014 ,278,820.2 
94.017 ,279,818.0 
94.020 ,280,817.3 
94.024 ,281,814.5 
94.027 ,282,814.1 
94.030 ,283,811.4 
94.034 ,284,812.9 
94.037 ,285,819.9 
94.040 ,286,818.4 
94.044 ,287,816.7 
94.047 ,288,817.3 
94.050 ,289,814.2 
94.054 ,290,812.4 
94.057 ,291,808.8 
,,
94.082 ,9,814.1 
94.085 ,10,814.4 
94.089 ,11,814.6 
94.092 ,12,813.4 
94.095 ,13,812.8 
94.099 ,14,812.9 
94.102 ,15,813.7 
94.105 ,16,812.9 
94.109 ,17,815.0 
94.112 ,18,816.3 
94.115 ,19,817.8 
94.119 ,20,817.4 
94.122 ,21,814.7 
94.125 ,22,814.6 
94.129 ,23,815.8 
94.132 ,24,810.9 
94.135 ,25,812.9 
94.139 ,26,814.3 
94.142 ,27,817.1 
94.145 ,28,813.9 
94.149 ,29,813.7 
94.152 ,30,813.8 
94.155 ,31,811.9 
94.159 ,32,811.6 
94.162 ,33,810.6 
94.165 ,34,812.7 
94.169 ,35,811.7 
94.172 ,36,810.5 
94.175 ,37,814.2 
94.179 ,38,810.8 
94.182 ,39,812.9 
94.185 ,40,813.7 
94.189 ,41,815.9 
94.192 ,42,816.2 
94.195 ,43,817.8 
94.199 ,44,817.7 
94.202 ,45,818.3 
94.205 ,46,817.1 
94.209 ,47,815.1 
94.212 ,48,814.8 
94.215 ,49,812.7 
94.219 ,50,810.9 
94.222 ,51,809.7 
94.225 ,52,810.8 
94.229 ,53,811.8 
94.232 ,54,812.9 
94.235 ,55,812.6 
94.239 ,56,813.5 
94.242 ,57,812.4 
94.245 ,58,809.4 
94.249 ,59,812.7 
94.252 ,60,815.9 
94.255 ,61,816.1 
94.259 ,62,810.9 
94.262 ,63,815.4 
94.265 ,64,812.6 
94.269 ,65,815.9 
94.272 ,66,816.3 
94.275 ,67,815.6 
94.279 ,68,813.1 
94.282 ,69,816.0 
94.285 ,70,815.4 
94.289 ,71,817.5 
94.292 ,72,814.2 
94.295 ,73,816.3 
94.299 ,74,815.1 
94.302 ,75,818.3 
94.305 ,76,816.6 
94.309 ,77,815.5 
94.312 ,78,818.1 
94.315 ,79,815.3 
94.319 ,80,816.8 
94.322 ,81,817.0 
94.325 ,82,816.0 
94.329 ,83,816.6 
94.332 ,84,816.9 
94.335 ,85,819.1 
94.339 ,86,818.4 
94.342 ,87,819.0 
94.345 ,88,819.1 
94.349 ,89,815.1 
94.352 ,90,815.4 
94.355 ,91,811.8 
94.359 ,92,813.3 
94.362 ,93,811.7 
94.365 ,94,813.8 
94.369 ,95,809.4 
94.372 ,96,812.6 
94.375 ,97,811.6 
94.379 ,98,808.5 
94.382 ,99,809.1 
94.385 ,100,814.0 
94.389 ,101,809.5 
94.392 ,102,806.7 
94.395 ,103,811.9 
94.399 ,104,817.0 
94.402 ,105,813.1 
94.405 ,106,814.0 
94.409 ,107,813.6 
94.412 ,108,812.1 
94.415 ,109,812.6 
94.419 ,110,809.2 
94.422 ,111,812.1 
94.425 ,112,812.5 
94.429 ,113,807.1 
94.432 ,114,805.5 
94.435 ,115,806.1 
94.439 ,116,803.4 
94.442 ,117,804.4 
94.445 ,118,803.8 
94.449 ,119,807.2 
94.452 ,120,814.1 
94.455 ,121,816.0 
94.459 ,122,815.8 
94.462 ,123,819.0 
94.465 ,124,818.3 
94.469 ,125,820.0 
94.472 ,126,819.3 
94.475 ,127,819.1 
94.479 ,128,816.3 
94.482 ,129,814.3 
94.485 ,130,816.9 
94.489 ,131,815.2 
94.492 ,132,813.2 
94.495 ,133,811.1 
94.499 ,134,804.3 
94.502 ,135,804.4 
94.505 ,136,801.8 
94.509 ,137,803.7 
94.512 ,138,805.0 
94.515 ,139,805.0 
94.519 ,140,806.9 
94.522 ,141,804.8 
94.525 ,142,814.1 
94.529 ,143,818.7 
94.532 ,144,820.9 
94.535 ,145,822.0 
94.539 ,146,821.6 
94.542 ,147,817.8 
94.545 ,148,818.9 
94.549 ,149,816.9 
,,
94.582 ,159,810.1 
94.585 ,160,808.0 
94.589 ,161,810.6 
94.592 ,162,816.2 
94.595 ,163,815.8 
94.599 ,164,822.8 
94.602 ,165,822.6 
94.605 ,166,824.3 
94.609 ,167,823.6 
94.612 ,168,823.3 
94.615 ,169,821.8 
94.619 ,170,814.7 
94.622 ,171,810.6 
94.625 ,172,808.1 
94.629 ,173,814.5 
94.632 ,174,812.3 
94.635 ,175,817.6 
94.639 ,176,817.3 
94.642 ,177,818.0 
94.645 ,178,813.4 
94.649 ,179,816.3 
94.652 ,180,814.4 
94.655 ,181,816.2 
94.659 ,182,815.6 
94.662 ,183,815.1 
94.665 ,184,813.8 
94.669 ,185,811.7 
94.672 ,186,813.5 
94.675 ,187,812.3 
94.679 ,188,810.8 
94.682 ,189,811.8 
94.685 ,190,808.9 
94.689 ,191,809.2 
94.692 ,192,811.2 
94.695 ,193,809.6 
94.699 ,194,809.6 
94.702 ,195,803.2 
94.705 ,196,803.9 
94.709 ,197,804.6 
94.712 ,198,806.9 
94.715 ,199,806.2 
94.719 ,200,808.1 
94.722 ,201,812.1 
94.725 ,202,812.3 
94.729 ,203,810.9 
94.732 ,204,811.8 
94.735 ,205,810.3 
94.739 ,206,811.9 
94.742 ,207,817.1 
94.745 ,208,814.2 
94.749 ,209,811.2 
94.752 ,210,811.9 
94.755 ,211,813.8 
94.759 ,212,816.0 
94.762 ,213,809.5 
,,
94.782 ,220,813.1 
94.785 ,221,814.1 
94.789 ,222,815.9 
94.792 ,223,819.6 
94.795 ,224,823.1 
94.799 ,225,815.5 
94.802 ,226,815.2 
94.805 ,227,815.8 
94.809 ,228,815.9 
94.812 ,229,816.0 
94.815 ,230,817.8 
94.819 ,231,821.6 
94.822 ,232,824.8 
94.825 ,233,826.5 
94.829 ,234,823.3 
94.832 ,235,821.9 
94.835 ,236,811.0 
94.839 ,237,806.9 
94.842 ,238,805.3 
94.845 ,239,803.5 
94.849 ,240,815.1 
94.852 ,241,813.3 
94.855 ,242,813.9 
94.859 ,243,816.4 
94.862 ,244,815.7 
94.865 ,245,815.7 
94.869 ,246,816.0 
94.872 ,247,813.4 
94.875 ,248,817.3 
94.879 ,249,816.2 
94.882 ,250,816.7 
94.885 ,251,812.6 
94.889 ,252,816.0 
94.892 ,253,815.4 
94.895 ,254,820.0 
94.899 ,255,820.5 
94.902 ,256,818.3 
94.905 ,257,816.3 
94.909 ,258,820.3 
94.912 ,259,820.3 
94.915 ,260,820.3 
94.919 ,261,816.3 
94.922 ,262,816.7 
94.925 ,263,817.6 
94.929 ,264,820.0 
94.932 ,265,819.7 
94.935 ,266,818.7 
94.939 ,267,816.9 
94.942 ,268,816.6 
94.945 ,269,817.8 
94.949 ,270,814.1 
94.952 ,271,813.8 
94.955 ,272,815.0 
94.959 ,273,814.3 
94.962 ,274,810.6 
94.965 ,275,809.4 
94.969 ,276,803.2 
94.972 ,277,799.0 
94.975 ,278,792.8 
94.979 ,279,794.9 
94.982 ,280,793.6 
94.985 ,281,794.1 
94.989 ,282,799.5 
94.992 ,283,807.4 
94.995 ,284,812.6 
94.999 ,285,805.9 
95.002 ,286,800.4 
95.005 ,287,803.0 
95.009 ,288,803.5 
95.012 ,289,801.2 
95.015 ,290,804.4 
95.019 ,291,806.4 
95.022 ,292,809.9 
95.025 ,293,813.7 
95.029 ,294,813.1 
95.032 ,295,810.4 
95.035 ,296,806.7 
95.039 ,297,799.0 
95.042 ,298,800.6 
95.045 ,299,798.2 
,,
95.078 ,7,807.9 
95.081 ,8,806.1 
95.084 ,9,805.4 
95.087 ,10,806.9 
95.091 ,11,805.5 
95.094 ,12,808.2 
95.097 ,13,808.2 
95.101 ,14,809.2 
95.104 ,15,810.6 
95.107 ,16,810.4 
95.111 ,17,807.5 
95.114 ,18,811.5 
95.117 ,19,807.9 
95.121 ,20,808.7 
95.124 ,21,806.7 
95.127 ,22,809.9 
95.131 ,23,808.4 
95.134 ,24,809.1 
95.137 ,25,806.1 
95.141 ,26,810.1 
95.144 ,27,805.5 
95.147 ,28,807.2 
95.151 ,29,813.7 
95.154 ,30,813.1 
95.157 ,31,814.6 
95.161 ,32,815.6 
95.164 ,33,815.4 
95.167 ,34,819.3 
95.171 ,35,818.9 
95.174 ,36,818.2 
95.177 ,37,818.8 
95.181 ,38,819.2 
95.184 ,39,821.2 
95.187 ,40,819.8 
95.191 ,41,818.4 
95.194 ,42,821.2 
95.197 ,43,810.5 
95.201 ,44,810.1 
95.204 ,45,809.7 
95.207 ,46,817.7 
95.211 ,47,819.9 
95.214 ,48,809.2 
95.217 ,49,806.9 
95.221 ,50,806.7 
95.224 ,51,806.7 
95.227 ,52,807.5 
95.231 ,53,810.7 
95.234 ,54,810.3 
95.237 ,55,810.6 
95.241 ,56,811.2 
95.244 ,57,812.6 
95.247 ,58,811.9 
95.251 ,59,815.7 
95.254 ,60,812.3 
95.257 ,61,811.1 
95.261 ,62,807.4 
95.264 ,63,805.5 
95.267 ,64,806.8 
95.271 ,65,804.5 
95.274 ,66,802.0 
95.277 ,67,806.0 
95.281 ,68,806.4 
95.284 ,69,808.2 
95.287 ,70,808.5 
95.291 ,71,810.8 
95.294 ,72,820.0 
95.297 ,73,821.8 
95.301 ,74,822.4 
95.304 ,75,824.8 
95.307 ,76,826.1 
95.311 ,77,824.0 
95.314 ,78,822.8 
95.317 ,79,821.4 
95.321 ,80,814.0 
95.324 ,81,820.5 
95.327 ,82,823.3 
95.331 ,83,825.0 
95.334 ,84,819.9 
95.337 ,85,820.5 
95.341 ,86,820.5 
95.344 ,87,823.8 
95.347 ,88,818.6 
95.351 ,89,819.3 
95.354 ,90,820.8 
95.357 ,91,818.4 
95.361 ,92,817.5 
95.364 ,93,818.9 
95.367 ,94,815.4 
95.371 ,95,803.6 
95.374 ,96,804.6 
95.377 ,97,803.4 
95.381 ,98,808.4 
95.384 ,99,816.3 
95.387 ,100,822.1 
95.391 ,101,820.9 
95.394 ,102,815.4 
95.397 ,103,818.7 
95.401 ,104,816.4 
95.404 ,105,818.7 
95.407 ,106,820.4 
95.411 ,107,815.9 
95.414 ,108,816.8 
95.417 ,109,815.3 
95.421 ,110,813.2 
95.424 ,111,815.8 
95.427 ,112,812.6 
95.431 ,113,810.4 
95.434 ,114,812.2 
95.437 ,115,817.1 
95.441 ,116,818.7 
95.444 ,117,816.6 
95.447 ,118,815.5 
95.451 ,119,814.5 
95.454 ,120,811.0 
95.457 ,121,813.7 
95.461 ,122,814.4 
95.464 ,123,814.8 
95.467 ,124,814.8 
95.471 ,125,815.1 
95.474 ,126,814.6 
95.477 ,127,811.9 
95.481 ,128,815.1 
95.484 ,129,814.1 
95.487 ,130,819.4 
95.491 ,131,814.2 
95.494 ,132,816.1 
95.497 ,133,815.1 
95.501 ,134,811.7 
,,
95.628 ,174,818.3 
95.632 ,175,816.5 
95.635 ,176,817.0 
95.638 ,177,821.0 
95.642 ,178,815.7 
95.645 ,179,814.7 
95.648 ,180,813.1 
95.652 ,181,812.4 
95.655 ,182,815.4 
95.658 ,183,816.6 
95.662 ,184,821.1 
95.665 ,185,820.3 
95.668 ,186,820.8 
95.672 ,187,821.7 
95.675 ,188,818.2 
95.678 ,189,821.0 
95.682 ,190,817.8 
95.685 ,191,818.6 
95.688 ,192,813.2 
95.692 ,193,812.3 
95.695 ,194,814.1 
95.698 ,195,811.9 
95.702 ,196,815.3 
95.705 ,197,811.9 
95.708 ,198,818.0 
95.712 ,199,817.9 
95.715 ,200,816.6 
95.718 ,201,815.5 
95.722 ,202,815.0 
95.725 ,203,814.3 
95.728 ,204,816.0 
95.732 ,205,817.3 
95.735 ,206,818.8 
95.738 ,207,820.0 
95.742 ,208,818.0 
95.745 ,209,819.7 
95.748 ,210,816.0 
95.752 ,211,812.9 
95.755 ,212,811.1 
95.758 ,213,809.5 
95.762 ,214,805.7 
95.765 ,215,801.3 
95.768 ,216,798.4 
95.772 ,217,797.0 
95.775 ,218,800.2 
95.778 ,219,797.7 
95.782 ,220,799.1 
95.785 ,221,797.5 
95.788 ,222,794.9 
95.792 ,223,797.4 
95.795 ,224,800.2 
95.798 ,225,812.6 
95.802 ,226,816.4 
95.805 ,227,818.6 
95.808 ,228,819.6 
95.812 ,229,821.6 
95.815 ,230,823.3 
95.818 ,231,821.9 
95.822 ,232,817.6 
95.825 ,233,821.6 
95.828 ,234,820.0 
95.832 ,235,819.0 
95.835 ,236,816.0 
95.838 ,237,811.0 
95.842 ,238,810.4 
95.845 ,239,806.9 
95.848 ,240,804.8 
95.852 ,241,801.7 
95.855 ,242,800.6 
95.858 ,243,799.3 
95.862 ,244,802.8 
95.865 ,245,810.1 
95.868 ,246,807.0 
95.872 ,247,817.1 
95.875 ,248,816.3 
95.878 ,249,811.7 
95.882 ,250,808.2 
95.885 ,251,809.2 
95.888 ,252,803.6 
95.892 ,253,811.9 
95.895 ,254,815.1 
95.898 ,255,818.3 
95.902 ,256,815.4 
95.905 ,257,819.6 
95.908 ,258,819.4 
95.912 ,259,815.7 
95.915 ,260,808.0 
95.918 ,261,806.8 
95.922 ,262,806.7 
95.925 ,263,810.6 
95.928 ,264,821.1 
95.932 ,265,816.8 
95.935 ,266,817.9 
95.938 ,267,817.9 
95.942 ,268,816.3 
95.945 ,269,815.0 
95.948 ,270,812.3 
95.952 ,271,811.0 
95.955 ,272,808.8 
95.958 ,273,808.9 
95.962 ,274,812.6 
95.965 ,275,812.9 
95.968 ,276,816.6 
95.972 ,277,815.1 
95.975 ,278,821.3 
95.978 ,279,822.5 
95.982 ,280,817.2 
95.985 ,281,816.9 
95.988 ,282,817.5 
95.992 ,283,817.8 
95.995 ,284,816.6 
95.998 ,285,812.6 
96.002 ,286,808.5 
96.005 ,287,801.7 
96.008 ,288,813.7 
96.012 ,289,813.0 
96.015 ,290,817.0 
96.018 ,291,816.0 
96.022 ,292,812.3 
96.025 ,293,811.7 
96.028 ,294,814.2 
96.032 ,295,814.5 
96.035 ,296,814.0 
96.038 ,297,812.9 
96.042 ,298,814.1 
96.045 ,299,814.2 
96.048 ,300,811.1 
,,
96.084 ,7,816.0 
96.087 ,8,817.7 
96.091 ,9,818.3 
96.094 ,10,815.9 
96.097 ,11,813.1 
96.101 ,12,817.4 
96.104 ,13,820.4 
96.107 ,14,820.3 
96.111 ,15,820.8 
96.114 ,16,820.8 
96.117 ,17,818.5 
96.121 ,18,819.5 
96.124 ,19,824.6 
96.127 ,20,823.6 
96.131 ,21,824.9 
96.134 ,22,825.2 
96.137 ,23,822.8 
96.141 ,24,824.0 
96.144 ,25,822.3 
96.147 ,26,818.4 
96.151 ,27,821.8 
96.154 ,28,823.1 
96.157 ,29,824.3 
96.161 ,30,820.9 
96.164 ,31,821.1 
96.167 ,32,819.1 
96.171 ,33,818.9 
96.174 ,34,818.0 
96.177 ,35,821.0 
96.181 ,36,826.1 
96.184 ,37,825.3 
96.187 ,38,825.5 
96.191 ,39,823.7 
96.194 ,40,824.3 
96.197 ,41,821.1 
96.201 ,42,820.5 
96.204 ,43,820.1 
96.207 ,44,819.1 
96.211 ,45,815.6 
96.214 ,46,818.4 
96.217 ,47,814.7 
96.221 ,48,818.1 
96.224 ,49,818.3 
96.227 ,50,819.4 
96.231 ,51,819.9 
96.234 ,52,820.5 
96.237 ,53,819.1 
96.241 ,54,818.4 
96.244 ,55,819.4 
96.247 ,56,817.0 
96.251 ,57,816.1 
96.254 ,58,816.9 
96.257 ,59,816.8 
96.261 ,60,815.8 
96.264 ,61,814.3 
96.267 ,62,815.4 
96.271 ,63,811.8 
96.274 ,64,812.9 
96.277 ,65,811.8 
96.281 ,66,813.9 
96.284 ,67,813.0 
96.287 ,68,810.6 
96.291 ,69,813.8 
96.294 ,70,815.0 
96.297 ,71,815.4 
96.301 ,72,813.1 
96.304 ,73,813.9 
96.307 ,74,812.6 
96.311 ,75,813.8 
96.314 ,76,814.3 
96.317 ,77,813.1 
96.321 ,78,812.6 
96.324 ,79,811.7 
96.327 ,80,812.2 
96.331 ,81,810.4 
96.334 ,82,811.0 
96.337 ,83,810.9 
96.341 ,84,815.5 
96.344 ,85,810.6 
96.347 ,86,809.6 
96.351 ,87,809.5 
96.354 ,88,813.6 
96.357 ,89,818.0 
96.361 ,90,820.1 
96.364 ,91,817.4 
96.367 ,92,812.9 
96.371 ,93,808.3 
96.374 ,94,809.4 
96.377 ,95,811.2 
96.381 ,96,811.4 
96.384 ,97,813.1 
96.387 ,98,811.7 
96.391 ,99,813.6 
96.394 ,100,813.4 
96.397 ,101,812.6 
96.401 ,102,814.1 
96.404 ,103,813.7 
96.407 ,104,812.9 
96.411 ,105,816.6 
96.414 ,106,815.1 
96.417 ,107,814.3 
96.421 ,108,816.3 
96.424 ,109,818.8 
96.427 ,110,821.8 
96.431 ,111,816.9 
,,
96.463 ,121,822.9 
96.467 ,122,821.0 
96.470 ,123,822.8 
96.473 ,124,824.4 
96.477 ,125,824.8 
96.480 ,126,824.9 
96.483 ,127,823.4 
96.487 ,128,822.1 
96.490 ,129,821.8 
96.493 ,130,819.9 
96.497 ,131,821.8 
96.500 ,132,822.2 
96.503 ,133,819.5 
96.507 ,134,816.6 
96.510 ,135,819.6 
96.513 ,136,820.3 
96.517 ,137,815.9 
96.520 ,138,817.3 
96.523 ,139,809.2 
96.527 ,140,808.8 
96.530 ,141,809.7 
96.533 ,142,815.3 
96.537 ,143,817.9 
96.540 ,144,819.5 
96.543 ,145,817.5 
96.547 ,146,812.2 
,,
96.571 ,155,808.1 
96.574 ,156,811.9 
96.578 ,157,814.2 
96.581 ,158,814.1 
96.584 ,159,817.9 
96.588 ,160,819.4 
96.591 ,161,819.4 
96.594 ,162,818.8 
96.598 ,163,818.2 
96.601 ,164,817.7 
96.604 ,165,818.2 
96.608 ,166,819.4 
96.611 ,167,817.5 
96.614 ,168,817.1 
96.618 ,169,821.2 
96.621 ,170,820.8 
96.624 ,171,820.3 
96.628 ,172,823.0 
96.631 ,173,818.6 
96.634 ,174,818.7 
96.638 ,175,819.6 
96.641 ,176,822.2 
96.644 ,177,818.7 
96.648 ,178,819.1 
96.651 ,179,818.2 
96.654 ,180,819.6 
96.658 ,181,815.6 
96.661 ,182,815.0 
96.664 ,183,812.3 
96.668 ,184,808.9 
96.671 ,185,812.6 
96.674 ,186,818.6 
96.678 ,187,823.7 
96.681 ,188,822.1 
96.684 ,189,820.3 
96.688 ,190,821.1 
96.691 ,191,818.6 
96.694 ,192,819.4 
96.698 ,193,824.1 
96.701 ,194,827.8 
96.704 ,195,827.2 
96.708 ,196,827.0 
96.711 ,197,823.1 
96.714 ,198,819.4 
96.718 ,199,818.4 
96.721 ,200,818.6 
96.724 ,201,811.4 
96.728 ,202,813.1 
96.731 ,203,812.6 
96.734 ,204,816.5 
96.738 ,205,816.3 
96.741 ,206,816.4 
96.744 ,207,818.6 
96.748 ,208,821.5 
96.751 ,209,822.1 
96.754 ,210,822.1 
96.758 ,211,819.2 
96.761 ,212,821.9 
96.764 ,213,819.9 
96.768 ,214,822.1 
96.771 ,215,821.3 
96.774 ,216,821.9 
96.778 ,217,818.9 
96.781 ,218,816.9 
96.784 ,219,816.6 
96.788 ,220,816.6 
96.791 ,221,815.1 
96.794 ,222,814.1 
96.798 ,223,813.8 
96.801 ,224,813.8 
96.804 ,225,817.8 
96.808 ,226,819.1 
96.811 ,227,816.6 
96.814 ,228,815.9 
96.818 ,229,820.9 
96.821 ,230,819.9 
96.824 ,231,821.5 
96.828 ,232,825.2 
96.831 ,233,826.0 
96.834 ,234,829.3 
96.838 ,235,825.6 
96.841 ,236,826.7 
96.844 ,237,824.0 
96.848 ,238,826.7 
96.851 ,239,821.5 
96.854 ,240,825.3 
96.858 ,241,825.2 
96.861 ,242,822.7 
96.864 ,243,824.0 
96.868 ,244,822.3 
96.871 ,245,825.3 
96.874 ,246,822.9 
96.878 ,247,821.3 
96.881 ,248,822.3 
96.884 ,249,823.0 
96.888 ,250,819.0 
96.891 ,251,817.5 
96.894 ,252,821.9 
96.898 ,253,821.5 
96.901 ,254,823.2 
96.904 ,255,822.4 
96.908 ,256,820.3 
96.911 ,257,822.8 
96.914 ,258,824.9 
96.918 ,259,825.5 
96.921 ,260,825.3 
96.924 ,261,820.5 
96.928 ,262,821.6 
96.931 ,263,823.3 
96.934 ,264,823.8 
96.938 ,265,824.9 
96.941 ,266,819.9 
96.944 ,267,824.0 
96.948 ,268,822.3 
96.951 ,269,816.6 
96.954 ,270,817.5 
96.958 ,271,817.9 
96.961 ,272,814.2 
96.964 ,273,813.9 
96.968 ,274,814.7 
96.971 ,275,816.9 
96.974 ,276,819.5 
96.978 ,277,821.4 
96.981 ,278,815.8 
96.984 ,279,816.9 
96.988 ,280,821.9 
96.991 ,281,821.9 
96.994 ,282,822.1 
96.998 ,283,824.7 
97.001 ,284,821.8 
97.004 ,285,820.5 
97.008 ,286,818.7 
97.011 ,287,817.4 
97.014 ,288,817.2 
97.018 ,289,817.1 
97.021 ,290,816.7 
97.024 ,291,818.4 
97.028 ,292,821.0 
97.031 ,293,820.1 
97.034 ,294,819.4 
97.038 ,295,818.8 
,,
97.069 ,8,815.4 
97.072 ,9,815.8 
97.075 ,10,816.9 
97.079 ,11,818.5 
97.082 ,12,815.5 
97.085 ,13,812.4 
97.089 ,14,814.5 
97.092 ,15,807.6 
97.095 ,16,814.6 
97.099 ,17,818.4 
97.102 ,18,819.5 
97.105 ,19,822.7 
97.109 ,20,822.1 
97.112 ,21,822.0 
97.115 ,22,823.4 
97.119 ,23,822.2 
97.122 ,24,819.8 
97.125 ,25,818.2 
97.129 ,26,821.1 
97.132 ,27,820.5 
97.135 ,28,822.2 
97.139 ,29,820.2 
97.142 ,30,819.2 
97.145 ,31,819.1 
97.149 ,32,817.1 
97.152 ,33,814.2 
97.155 ,34,813.6 
97.159 ,35,814.2 
97.162 ,36,811.9 
97.165 ,37,815.7 
97.169 ,38,814.9 
97.172 ,39,817.7 
97.175 ,40,819.5 
97.179 ,41,821.0 
97.182 ,42,824.9 
97.185 ,43,824.7 
97.189 ,44,824.5 
97.192 ,45,823.4 
97.195 ,46,822.4 
97.199 ,47,821.6 
97.202 ,48,822.6 
97.205 ,49,816.2 
97.209 ,50,818.5 
97.212 ,51,813.6 
,,
97.262 ,67,825.6 
97.266 ,68,826.6 
97.269 ,69,831.0 
97.272 ,70,829.7 
97.276 ,71,826.3 
97.279 ,72,827.4 
97.282 ,73,826.3 
97.286 ,74,825.7 
97.289 ,75,826.9 
97.292 ,76,822.5 
97.296 ,77,823.4 
97.299 ,78,824.4 
97.302 ,79,825.6 
97.306 ,80,830.4 
97.309 ,81,825.1 
97.312 ,82,826.7 
97.316 ,83,827.7 
97.319 ,84,823.9 
97.322 ,85,825.7 
97.326 ,86,823.2 
97.329 ,87,827.0 
97.332 ,88,828.5 
97.336 ,89,827.4 
97.339 ,90,827.6 
97.342 ,91,824.6 
97.346 ,92,826.4 
97.349 ,93,822.6 
97.352 ,94,823.5 
97.356 ,95,826.1 
97.359 ,96,822.9 
97.362 ,97,822.0 
97.366 ,98,822.2 
97.369 ,99,820.8 
97.372 ,100,822.0 
97.376 ,101,825.1 
97.379 ,102,829.1 
97.382 ,103,825.1 
97.386 ,104,826.4 
97.389 ,105,823.9 
97.392 ,106,826.4 
97.396 ,107,825.7 
97.399 ,108,826.9 
97.402 ,109,827.7 
97.406 ,110,827.8 
97.409 ,111,830.8 
97.412 ,112,829.3 
97.416 ,113,826.5 
97.419 ,114,829.4 
97.422 ,115,827.6 
97.426 ,116,826.9 
97.429 ,117,826.7 
97.432 ,118,817.8 
97.436 ,119,815.4 
97.439 ,120,819.9 
97.442 ,121,823.0 
97.446 ,122,822.3 
97.449 ,123,825.9 
97.452 ,124,824.7 
,,
97.475 ,130,821.6 
97.478 ,131,822.1 
97.481 ,132,823.9 
97.485 ,133,825.5 
97.488 ,134,826.7 
97.491 ,135,824.7 
97.495 ,136,826.4 
97.498 ,137,822.2 
97.501 ,138,822.1 
97.505 ,139,821.7 
97.508 ,140,816.9 
97.511 ,141,816.9 
97.515 ,142,820.7 
97.518 ,143,817.3 
97.521 ,144,819.9 
97.525 ,145,820.7 
97.528 ,146,820.8 
97.531 ,147,818.2 
97.535 ,148,818.7 
97.538 ,149,826.3 
97.541 ,150,821.2 
97.545 ,151,818.5 
97.548 ,152,819.4 
97.551 ,153,816.2 
97.555 ,154,817.2 
97.558 ,155,818.6 
97.561 ,156,818.7 
97.565 ,157,817.3 
97.568 ,158,820.6 
97.571 ,159,823.3 
97.575 ,160,820.9 
97.578 ,161,819.7 
97.581 ,162,817.8 
97.585 ,163,812.6 
97.588 ,164,812.6 
97.591 ,165,814.9 
97.595 ,166,814.9 
97.598 ,167,816.6 
97.601 ,168,819.4 
97.605 ,169,817.9 
97.608 ,170,816.5 
97.611 ,171,813.4 
97.615 ,172,816.2 
97.618 ,173,817.0 
97.621 ,174,821.9 
97.625 ,175,822.7 
97.628 ,176,823.9 
97.631 ,177,822.4 
97.635 ,178,820.8 
97.638 ,179,822.2 
97.641 ,180,823.6 
97.645 ,181,825.2 
97.648 ,182,828.9 
97.651 ,183,824.2 
97.655 ,184,819.6 
97.658 ,185,819.0 
97.661 ,186,824.2 
97.665 ,187,825.8 
97.668 ,188,822.9 
97.671 ,189,822.8 
97.675 ,190,825.0 
97.678 ,191,822.2 
97.681 ,192,821.4 
97.685 ,193,823.4 
97.688 ,194,821.2 
97.691 ,195,820.2 
97.695 ,196,818.5 
97.698 ,197,820.9 
97.701 ,198,820.4 
97.705 ,199,819.9 
97.708 ,200,820.1 
97.711 ,201,819.7 
97.715 ,202,819.4 
97.718 ,203,818.5 
97.721 ,204,820.7 
97.725 ,205,818.7 
97.728 ,206,817.2 
97.731 ,207,822.4 
97.735 ,208,822.3 
97.738 ,209,819.0 
97.741 ,210,816.5 
97.745 ,211,820.7 
97.748 ,212,818.3 
97.751 ,213,816.0 
97.755 ,214,819.8 
97.758 ,215,821.0 
97.761 ,216,821.0 
97.765 ,217,821.4 
97.768 ,218,818.3 
97.771 ,219,816.9 
97.775 ,220,819.5 
97.778 ,221,817.5 
97.781 ,222,816.5 
97.785 ,223,818.7 
97.788 ,224,818.1 
97.791 ,225,817.4 
97.795 ,226,820.3 
97.798 ,227,820.2 
97.801 ,228,820.3 
97.805 ,229,821.5 
97.808 ,230,820.7 
97.811 ,231,820.3 
97.815 ,232,825.7 
97.818 ,233,827.6 
97.821 ,234,824.8 
97.825 ,235,822.0 
97.828 ,236,822.2 
97.831 ,237,821.7 
97.835 ,238,822.7 
97.838 ,239,826.9 
97.841 ,240,821.2 
97.845 ,241,824.9 
97.848 ,242,820.2 
97.851 ,243,817.8 
97.855 ,244,820.2 
97.858 ,245,817.5 
97.861 ,246,817.3 
97.865 ,247,818.1 
97.868 ,248,821.8 
97.871 ,249,816.2 
97.875 ,250,821.0 
97.878 ,251,817.8 
97.881 ,252,820.4 
97.885 ,253,821.3 
97.888 ,254,822.3 
97.891 ,255,825.3 
97.895 ,256,823.6 
97.898 ,257,822.2 
97.901 ,258,823.8 
97.905 ,259,820.7 
97.908 ,260,819.7 
97.911 ,261,819.0 
97.915 ,262,820.2 
97.918 ,263,817.5 
97.921 ,264,818.5 
97.925 ,265,820.8 
97.928 ,266,822.1 
97.931 ,267,822.9 
97.935 ,268,821.0 
97.938 ,269,821.5 
97.941 ,270,819.7 
97.945 ,271,820.2 
97.948 ,272,815.7 
97.951 ,273,812.3 
,,
97.983 ,13,808.3 
97.986 ,14,809.1 
97.990 ,15,814.1 
97.993 ,16,815.3 
97.996 ,17,817.7 
98.000 ,18,815.3 
98.003 ,19,817.5 
98.006 ,20,817.3 
98.010 ,21,818.6 
98.013 ,22,817.0 
98.016 ,23,816.4 
98.020 ,24,818.2 
98.023 ,25,818.7 
98.026 ,26,816.3 
98.030 ,27,818.7 
98.033 ,28,813.5 
98.036 ,29,817.1 
98.040 ,30,817.7 
98.043 ,31,817.8 
98.046 ,32,820.8 
98.050 ,33,821.2 
98.053 ,34,822.6 
98.056 ,35,823.8 
98.060 ,36,824.4 
98.063 ,37,826.1 
98.066 ,38,830.6 
98.070 ,39,829.7 
98.073 ,40,831.0 
98.076 ,41,830.3 
98.080 ,42,829.8 
98.083 ,43,826.2 
98.086 ,44,822.8 
98.090 ,45,826.6 
98.093 ,46,828.9 
98.096 ,47,827.4 
98.100 ,48,828.9 
98.103 ,49,825.0 
98.106 ,50,825.5 
98.110 ,51,827.7 
98.113 ,52,828.9 
98.116 ,53,825.1 
98.120 ,54,815.7 
98.123 ,55,816.0 
98.126 ,56,816.3 
98.130 ,57,822.9 
98.133 ,58,824.8 
98.136 ,59,827.4 
98.140 ,60,827.0 
98.143 ,61,829.8 
98.146 ,62,828.6 
98.150 ,63,827.0 
98.153 ,64,826.9 
98.156 ,65,826.9 
98.160 ,66,828.3 
98.163 ,67,831.3 
98.166 ,68,830.6 
98.170 ,69,828.5 
98.173 ,70,828.6 
98.176 ,71,828.9 
98.180 ,72,829.9 
98.183 ,73,827.7 
98.186 ,74,827.3 
98.190 ,75,828.9 
98.193 ,76,827.0 
98.196 ,77,825.9 
98.200 ,78,826.8 
98.203 ,79,829.6 
98.206 ,80,829.6 
98.210 ,81,826.7 
98.213 ,82,828.4 
98.216 ,83,830.1 
98.220 ,84,825.4 
98.223 ,85,825.2 
98.226 ,86,817.5 
98.230 ,87,813.8 
98.233 ,88,813.3 
98.236 ,89,818.4 
98.240 ,90,816.2 
98.243 ,91,821.2 
98.246 ,92,819.5 
98.250 ,93,821.2 
98.253 ,94,820.1 
98.256 ,95,817.5 
98.260 ,96,819.9 
98.263 ,97,819.4 
98.266 ,98,818.5 
98.270 ,99,818.3 
98.273 ,100,817.7 
98.276 ,101,817.4 
98.280 ,102,816.7 
98.283 ,103,817.3 
98.286 ,104,819.2 
98.290 ,105,819.3 
98.293 ,106,824.6 
98.296 ,107,826.1 
98.300 ,108,820.9 
98.303 ,109,827.4 
98.306 ,110,822.9 
98.310 ,111,826.4 
98.313 ,112,823.6 
98.316 ,113,826.7 
98.320 ,114,829.8 
98.323 ,115,830.4 
98.326 ,116,825.1 
98.330 ,117,824.0 
98.333 ,118,823.4 
98.336 ,119,820.7 
98.340 ,120,825.8 
98.343 ,121,821.5 
98.346 ,122,827.0 
98.350 ,123,820.5 
98.353 ,124,822.5 
98.356 ,125,821.5 
98.360 ,126,822.9 
98.363 ,127,823.1 
98.366 ,128,822.2 
98.370 ,129,825.8 
98.373 ,130,826.6 
98.376 ,131,824.0 
98.380 ,132,823.0 
98.383 ,133,827.2 
98.386 ,134,825.4 
98.390 ,135,828.4 
98.393 ,136,828.6 
98.396 ,137,828.2 
98.400 ,138,828.4 
98.403 ,139,823.7 
98.406 ,140,824.4 
98.410 ,141,823.8 
98.413 ,142,827.4 
98.416 ,143,824.5 
98.420 ,144,823.8 
98.423 ,145,826.7 
98.426 ,146,818.7 
98.430 ,147,819.4 
98.433 ,148,821.5 
98.436 ,149,826.3 
98.440 ,150,824.3 
98.443 ,151,822.4 
98.446 ,152,818.7 
98.450 ,153,817.0 
,,
98.465 ,160,822.9 
98.468 ,161,822.6 
98.472 ,162,826.2 
98.475 ,163,824.9 
98.478 ,164,831.9 
98.482 ,165,831.4 
98.485 ,166,830.9 
98.488 ,167,833.8 
98.492 ,168,831.0 
98.495 ,169,826.8 
98.498 ,170,829.8 
98.502 ,171,827.5 
98.505 ,172,829.7 
98.508 ,173,826.8 
98.512 ,174,825.4 
98.515 ,175,814.0 
98.518 ,176,809.8 
98.522 ,177,816.1 
98.525 ,178,814.5 
98.528 ,179,817.7 
98.532 ,180,826.6 
98.535 ,181,826.7 
98.538 ,182,824.8 
98.542 ,183,825.2 
98.545 ,184,828.6 
98.548 ,185,827.9 
98.552 ,186,826.8 
98.555 ,187,827.9 
98.558 ,188,827.3 
98.562 ,189,831.5 
98.565 ,190,831.8 
98.568 ,191,829.7 
98.572 ,192,824.5 
98.575 ,193,823.8 
98.578 ,194,822.3 
98.582 ,195,829.8 
98.585 ,196,832.8 
98.588 ,197,828.0 
98.592 ,198,830.1 
98.595 ,199,829.7 
98.598 ,200,827.9 
98.602 ,201,825.4 
98.605 ,202,824.9 
98.608 ,203,822.4 
98.612 ,204,822.3 
98.615 ,205,819.4 
98.618 ,206,823.6 
98.622 ,207,826.5 
98.625 ,208,825.8 
98.628 ,209,826.5 
98.632 ,210,826.5 
98.635 ,211,826.4 
98.638 ,212,828.1 
98.642 ,213,825.3 
98.645 ,214,822.9 
98.648 ,215,826.4 
98.652 ,216,824.3 
98.655 ,217,822.6 
98.658 ,218,827.4 
98.662 ,219,825.4 
98.665 ,220,822.4 
98.668 ,221,823.9 
98.672 ,222,820.7 
98.675 ,223,821.2 
98.678 ,224,821.2 
98.682 ,225,821.4 
98.685 ,226,822.0 
98.688 ,227,822.8 
98.692 ,228,826.1 
98.695 ,229,826.6 
98.698 ,230,826.5 
98.702 ,231,829.7 
98.705 ,232,827.9 
98.708 ,233,828.9 
98.712 ,234,828.0 
98.715 ,235,825.3 
98.718 ,236,825.1 
98.722 ,237,826.3 
98.725 ,238,825.2 
98.728 ,239,829.2 
98.732 ,240,824.9 
98.735 ,241,826.8 
98.738 ,242,827.0 
98.742 ,243,830.2 
98.745 ,244,831.5 
98.748 ,245,833.3 
98.752 ,246,833.0 
98.755 ,247,832.6 
98.758 ,248,831.2 
98.762 ,249,827.6 
98.765 ,250,828.9 
98.768 ,251,829.1 
98.772 ,252,829.4 
98.775 ,253,831.0 
98.778 ,254,828.6 
98.782 ,255,827.9 
98.785 ,256,827.3 
98.788 ,257,827.7 
98.792 ,258,825.8 
98.795 ,259,829.8 
98.798 ,260,828.1 
98.802 ,261,828.6 
98.805 ,262,829.8 
98.808 ,263,828.6 
,,
98.843 ,273,826.8 
98.846 ,274,825.4 
98.850 ,275,825.4 
98.853 ,276,816.1 
98.856 ,277,819.3 
98.860 ,278,818.2 
98.863 ,279,817.5 
98.866 ,280,814.7 
98.870 ,281,817.2 
98.873 ,282,812.0 
98.876 ,283,811.1 
,,
98.902 ,12,823.5 
98.905 ,13,820.9 
98.909 ,14,827.8 
98.912 ,15,829.9 
98.915 ,16,829.0 
98.919 ,17,829.0 
98.922 ,18,831.8 
98.925 ,19,836.4 
98.929 ,20,834.3 
98.932 ,21,833.1 
98.935 ,22,831.3 
98.939 ,23,831.8 
98.942 ,24,826.6 
98.945 ,25,831.0 
98.949 ,26,828.7 
98.952 ,27,823.2 
98.955 ,28,826.1 
98.959 ,29,825.0 
98.962 ,30,823.5 
98.965 ,31,823.2 
98.969 ,32,820.3 
98.972 ,33,814.6 
98.975 ,34,811.9 
98.979 ,35,811.1 
98.982 ,36,808.1 
98.985 ,37,812.1 
98.989 ,38,823.8 
98.992 ,39,829.1 
98.995 ,40,829.5 
98.999 ,41,833.1 
99.002 ,42,830.3 
99.005 ,43,834.0 
99.009 ,44,831.1 
99.012 ,45,830.1 
99.015 ,46,830.7 
99.019 ,47,837.1 
99.022 ,48,838.4 
99.025 ,49,836.9 
99.029 ,50,838.1 
99.032 ,51,837.9 
99.035 ,52,837.0 
99.039 ,53,834.8 
99.042 ,54,839.2 
99.045 ,55,832.4 
99.049 ,56,834.2 
99.052 ,57,833.9 
99.055 ,58,833.1 
99.059 ,59,832.7 
99.062 ,60,832.0 
99.065 ,61,832.5 
99.069 ,62,835.0 
99.072 ,63,832.6 
99.075 ,64,832.6 
99.079 ,65,827.5 
99.082 ,66,828.5 
99.085 ,67,827.4 
99.089 ,68,830.5 
99.092 ,69,827.9 
99.095 ,70,828.7 
99.099 ,71,829.1 
99.102 ,72,825.0 
99.105 ,73,828.1 
99.109 ,74,827.5 
99.112 ,75,827.9 
99.115 ,76,827.8 
99.119 ,77,829.0 
99.122 ,78,832.6 
99.125 ,79,834.6 
99.129 ,80,833.8 
99.132 ,81,830.8 
99.135 ,82,832.2 
99.139 ,83,830.9 
99.142 ,84,829.1 
99.145 ,85,828.2 
99.149 ,86,831.0 
99.152 ,87,830.3 
99.155 ,88,829.2 
99.159 ,89,829.4 
99.162 ,90,832.7 
99.165 ,91,834.0 
99.169 ,92,834.9 
99.172 ,93,831.2 
99.175 ,94,827.5 
99.179 ,95,830.3 
99.182 ,96,828.5 
99.185 ,97,830.2 
99.189 ,98,834.3 
99.192 ,99,831.3 
99.195 ,100,832.4 
99.199 ,101,832.2 
99.202 ,102,832.7 
99.205 ,103,827.7 
99.209 ,104,830.6 
99.212 ,105,825.6 
99.215 ,106,824.4 
99.219 ,107,821.1 
99.222 ,108,824.4 
99.225 ,109,821.6 
99.229 ,110,825.5 
99.232 ,111,826.3 
99.235 ,112,826.1 
99.239 ,113,823.6 
99.242 ,114,826.6 
99.245 ,115,829.8 
99.249 ,116,832.2 
99.252 ,117,833.9 
99.255 ,118,831.9 
99.259 ,119,832.2 
99.262 ,120,833.3 
99.265 ,121,834.5 
99.269 ,122,834.2 
99.272 ,123,834.7 
99.275 ,124,835.9 
99.279 ,125,832.5 
99.282 ,126,834.8 
99.285 ,127,831.5 
99.289 ,128,831.5 
99.292 ,129,827.5 
99.295 ,130,822.0 
99.299 ,131,819.9 
99.302 ,132,826.8 
99.305 ,133,829.6 
99.309 ,134,833.2 
99.312 ,135,831.9 
99.315 ,136,822.8 
99.319 ,137,821.8 
99.322 ,138,827.2 
99.325 ,139,824.4 
99.329 ,140,824.8 
99.332 ,141,821.0 
99.335 ,142,824.5 
99.339 ,143,825.6 
99.342 ,144,823.5 
99.345 ,145,822.3 
99.349 ,146,821.1 
99.352 ,147,820.0 
99.355 ,148,821.0 
99.359 ,149,825.3 
99.362 ,150,824.1 
99.365 ,151,825.3 
99.369 ,152,826.2 
99.372 ,153,821.3 
,,
99.405 ,163,828.1 
99.409 ,164,823.6 
99.412 ,165,827.0 
99.415 ,166,827.8 
99.419 ,167,826.6 
99.422 ,168,824.7 
99.425 ,169,823.3 
99.429 ,170,828.6 
99.432 ,171,827.4 
99.435 ,172,826.4 
99.439 ,173,828.1 
99.442 ,174,827.8 
99.445 ,175,828.1 
99.449 ,176,827.1 
99.452 ,177,828.1 
99.455 ,178,829.6 
99.459 ,179,826.0 
99.462 ,180,828.7 
99.465 ,181,826.1 
99.469 ,182,827.0 
99.472 ,183,827.5 
99.475 ,184,824.7 
99.479 ,185,827.2 
99.482 ,186,826.1 
99.485 ,187,824.2 
99.489 ,188,824.1 
99.492 ,189,823.7 
99.495 ,190,826.8 
99.499 ,191,825.9 
99.502 ,192,827.3 
99.505 ,193,829.6 
99.509 ,194,829.8 
99.512 ,195,828.4 
99.515 ,196,828.9 
99.519 ,197,826.1 
99.522 ,198,827.5 
99.525 ,199,824.9 
99.529 ,200,828.6 
99.532 ,201,826.5 
99.535 ,202,829.0 
99.539 ,203,826.1 
99.542 ,204,827.0 
99.545 ,205,823.6 
99.549 ,206,825.1 
99.552 ,207,821.0 
99.555 ,208,822.2 
99.559 ,209,823.8 
99.562 ,210,822.3 
99.565 ,211,819.5 
99.569 ,212,816.2 
99.572 ,213,818.7 
99.575 ,214,817.9 
99.579 ,215,813.6 
99.582 ,216,812.8 
99.585 ,217,815.6 
99.589 ,218,813.2 
99.592 ,219,813.1 
99.595 ,220,812.8 
99.599 ,221,816.5 
99.602 ,222,816.2 
,,
99.640 ,9,820.6 
99.644 ,10,820.9 
99.647 ,11,823.5 
99.650 ,12,827.1 
99.654 ,13,831.9 
99.657 ,14,830.2 
99.660 ,15,833.4 
99.664 ,16,829.5 
99.667 ,17,832.3 
99.670 ,18,832.2 
99.674 ,19,832.2 
99.677 ,20,828.9 
99.680 ,21,828.8 
99.684 ,22,828.3 
99.687 ,23,833.0 
99.690 ,24,833.8 
99.694 ,25,836.3 
99.697 ,26,830.2 
99.700 ,27,835.1 
99.704 ,28,832.8 
99.707 ,29,834.2 
99.710 ,30,834.8 
99.714 ,31,832.3 
99.717 ,32,829.2 
99.720 ,33,828.0 
99.724 ,34,827.9 
99.727 ,35,823.6 
99.730 ,36,825.5 
99.734 ,37,825.7 
99.737 ,38,824.7 
99.740 ,39,825.2 
99.744 ,40,823.0 
99.747 ,41,819.3 
99.750 ,42,817.6 
99.754 ,43,817.8 
99.757 ,44,823.8 
99.760 ,45,820.3 
99.764 ,46,822.9 
99.767 ,47,831.7 
99.770 ,48,829.2 
99.774 ,49,829.7 
99.777 ,50,831.9 
99.780 ,51,828.0 
99.784 ,52,832.9 
99.787 ,53,831.9 
99.790 ,54,829.4 
99.794 ,55,829.9 
99.797 ,56,831.2 
99.800 ,57,831.5 
99.804 ,58,831.2 
99.807 ,59,830.7 
99.810 ,60,830.1 
99.814 ,61,831.7 
99.817 ,62,825.0 
99.820 ,63,825.0 
99.824 ,64,824.7 
99.827 ,65,826.1 
99.830 ,66,826.7 
99.834 ,67,824.5 
99.837 ,68,824.5 
99.840 ,69,823.1 
99.844 ,70,822.0 
99.847 ,71,824.4 
99.850 ,72,824.0 
99.854 ,73,822.2 
99.857 ,74,824.6 
99.860 ,75,828.3 
99.864 ,76,823.7 
99.867 ,77,832.6 
99.870 ,78,834.6 
99.874 ,79,834.4 
99.877 ,80,829.2 
99.880 ,81,826.6 
99.884 ,82,822.1 
99.887 ,83,823.2 
99.890 ,84,818.8 
99.894 ,85,823.7 
99.897 ,86,825.2 
99.900 ,87,829.0 
99.904 ,88,831.9 
99.907 ,89,829.2 
99.910 ,90,832.0 
99.914 ,91,832.1 
99.917 ,92,830.8 
99.920 ,93,828.8 
99.924 ,94,823.4 
99.927 ,95,820.6 
99.930 ,96,822.7 
99.934 ,97,825.4 
99.937 ,98,828.3 
99.940 ,99,827.8 
99.944 ,100,826.6 
99.947 ,101,827.8 
99.950 ,102,830.5 
99.954 ,103,833.3 
99.957 ,104,830.8 
99.960 ,105,827.6 
99.964 ,106,828.9 
99.967 ,107,829.5 
99.970 ,108,826.3 
99.974 ,109,824.9 
99.977 ,110,825.9 
99.980 ,111,827.1 
99.984 ,112,826.6 
99.987 ,113,826.6 
99.990 ,114,828.4 
99.994 ,115,822.5 
99.997 ,116,826.2 
100.000 ,117,829.1 
100.004 ,118,831.5 
100.007 ,119,831.4 
100.010 ,120,830.5 
100.014 ,121,830.5 
100.017 ,122,831.3 
100.020 ,123,830.5 
100.024 ,124,830.5 
100.027 ,125,829.4 
100.030 ,126,826.2 
100.034 ,127,827.1 
100.037 ,128,830.2 
100.040 ,129,830.1 
100.044 ,130,834.8 
100.047 ,131,834.7 
100.050 ,132,828.9 
100.054 ,133,829.5 
100.057 ,134,825.4 
100.060 ,135,828.7 
100.064 ,136,827.4 
100.067 ,137,827.1 
100.070 ,138,828.3 
100.074 ,139,828.4 
100.077 ,140,828.6 
100.080 ,141,825.9 
,,
100.100 ,149,824.6 
100.103 ,150,825.3 
100.107 ,151,827.5 
100.110 ,152,821.8 
100.113 ,153,820.9 
100.117 ,154,827.5 
100.120 ,155,832.7 
100.123 ,156,833.4 
100.127 ,157,838.1 
100.130 ,158,839.9 
100.133 ,159,840.9 
100.137 ,160,841.2 
100.140 ,161,841.2 
100.143 ,162,841.4 
100.147 ,163,838.4 
100.150 ,164,837.9 
100.153 ,165,835.1 
100.157 ,166,831.5 
100.160 ,167,831.1 
100.163 ,168,830.2 
100.167 ,169,831.0 
100.170 ,170,834.6 
100.173 ,171,834.5 
100.177 ,172,832.8 
100.180 ,173,830.5 
100.183 ,174,829.4 
100.187 ,175,827.8 
100.190 ,176,829.0 
100.193 ,177,832.8 
100.197 ,178,834.0 
100.200 ,179,832.9 
100.203 ,180,831.8 
100.207 ,181,827.8 
100.210 ,182,832.8 
100.213 ,183,831.5 
100.217 ,184,831.1 
100.220 ,185,829.7 
100.223 ,186,831.3 
100.227 ,187,833.6 
100.230 ,188,835.1 
100.233 ,189,831.4 
100.237 ,190,830.6 
100.240 ,191,830.5 
100.243 ,192,831.9 
100.247 ,193,833.4 
100.250 ,194,831.5 
100.253 ,195,833.6 
100.257 ,196,830.2 
100.260 ,197,822.9 
100.263 ,198,827.5 
100.267 ,199,825.5 
100.270 ,200,826.2 
100.273 ,201,824.6 
100.277 ,202,829.5 
100.280 ,203,827.5 
100.283 ,204,835.0 
100.287 ,205,833.4 
100.290 ,206,832.9 
100.293 ,207,836.2 
100.297 ,208,839.6 
100.300 ,209,835.3 
100.303 ,210,835.3 
100.307 ,211,835.9 
100.310 ,212,840.0 
100.313 ,213,832.8 
100.317 ,214,837.5 
100.320 ,215,835.8 
100.323 ,216,837.2 
100.327 ,217,831.9 
100.330 ,218,823.5 
100.333 ,219,828.4 
100.337 ,220,827.8 
100.340 ,221,828.7 
100.343 ,222,830.7 
100.347 ,223,827.5 
100.350 ,224,830.1 
100.353 ,225,826.8 
100.357 ,226,831.9 
100.360 ,227,828.6 
100.363 ,228,826.0 
100.367 ,229,831.5 
100.370 ,230,829.7 
100.373 ,231,829.3 
100.377 ,232,828.7 
100.380 ,233,831.3 
100.383 ,234,830.3 
100.387 ,235,831.1 
100.390 ,236,830.6 
100.393 ,237,831.5 
100.397 ,238,832.9 
100.400 ,239,830.2 
100.403 ,240,833.8 
100.407 ,241,834.2 
100.410 ,242,833.9 
100.413 ,243,833.4 
100.417 ,244,836.3 
100.420 ,245,832.7 
100.423 ,246,836.4 
100.427 ,247,838.7 
100.430 ,248,834.8 
100.433 ,249,836.2 
100.437 ,250,836.9 
100.440 ,251,832.1 
100.443 ,252,834.3 
100.447 ,253,836.8 
100.450 ,254,836.1 
100.453 ,255,841.7 
100.457 ,256,837.6 
100.460 ,257,842.9 
100.463 ,258,842.8 
100.467 ,259,844.1 
100.470 ,260,840.1 
100.473 ,261,837.1 
100.477 ,262,833.1 
100.480 ,263,832.5 
100.483 ,264,832.7 
100.487 ,265,834.9 
100.490 ,266,833.4 
100.493 ,267,823.7 
100.497 ,268,821.1 
100.500 ,269,822.8 
100.503 ,270,829.1 
100.507 ,271,834.1 
100.510 ,272,837.7 
100.513 ,273,839.8 
100.517 ,274,839.8 
100.520 ,275,842.4 
100.523 ,276,839.5 
100.527 ,277,835.9 
100.530 ,278,831.9 
100.533 ,279,833.8 
100.537 ,280,830.2 
100.540 ,281,830.6 
100.543 ,282,827.4 
100.547 ,283,822.0 
100.550 ,284,827.2 
100.553 ,285,827.1 
100.557 ,286,825.3 
100.560 ,287,820.8 
100.563 ,288,822.1 
100.567 ,289,822.8 
100.570 ,290,826.6 
,,
100.604 ,8,824.3 
100.607 ,9,822.3 
100.611 ,10,824.6 
100.614 ,11,822.3 
100.617 ,12,819.8 
100.621 ,13,823.1 
100.624 ,14,829.2 
100.627 ,15,832.4 
100.631 ,16,835.0 
100.634 ,17,832.9 
100.637 ,18,833.0 
100.641 ,19,833.9 
100.644 ,20,835.6 
100.647 ,21,832.1 
100.651 ,22,832.9 
100.654 ,23,834.4 
100.657 ,24,830.5 
100.661 ,25,827.8 
100.664 ,26,828.3 
100.667 ,27,829.2 
100.671 ,28,829.5 
100.674 ,29,837.3 
100.677 ,30,837.9 
100.681 ,31,833.9 
100.684 ,32,832.4 
100.687 ,33,833.3 
100.691 ,34,832.4 
100.694 ,35,831.9 
100.697 ,36,833.6 
100.701 ,37,829.4 
100.704 ,38,826.0 
100.707 ,39,827.8 
,,
100.728 ,46,828.8 
100.731 ,47,831.0 
100.735 ,48,830.7 
100.738 ,49,831.7 
100.741 ,50,830.7 
100.745 ,51,831.2 
100.748 ,52,832.0 
100.751 ,53,830.8 
100.755 ,54,832.3 
100.758 ,55,828.7 
100.761 ,56,826.3 
100.765 ,57,826.4 
100.768 ,58,823.4 
100.771 ,59,826.2 
,,
100.794 ,67,822.3 
100.797 ,68,820.5 
100.801 ,69,821.3 
100.804 ,70,821.3 
100.807 ,71,826.1 
100.811 ,72,833.2 
100.814 ,73,832.2 
100.817 ,74,833.4 
100.821 ,75,834.3 
100.824 ,76,835.4 
100.827 ,77,837.0 
100.831 ,78,834.9 
100.834 ,79,833.4 
100.837 ,80,836.5 
100.841 ,81,835.1 
100.844 ,82,831.1 
100.847 ,83,830.3 
100.851 ,84,832.4 
100.854 ,85,831.2 
100.857 ,86,831.2 
100.861 ,87,832.4 
100.864 ,88,829.2 
100.867 ,89,828.5 
100.871 ,90,827.2 
100.874 ,91,831.8 
100.877 ,92,830.0 
100.881 ,93,830.0 
100.884 ,94,830.0 
100.887 ,95,825.8 
100.891 ,96,827.6 
100.894 ,97,831.1 
100.897 ,98,836.7 
100.901 ,99,839.3 
100.904 ,100,838.8 
100.907 ,101,837.4 
100.911 ,102,839.8 
100.914 ,103,843.4 
100.917 ,104,836.1 
100.921 ,105,836.8 
100.924 ,106,831.8 
100.927 ,107,829.2 
100.931 ,108,834.0 
100.934 ,109,834.9 
100.937 ,110,833.6 
100.941 ,111,836.0 
100.944 ,112,832.4 
100.947 ,113,830.5 
100.951 ,114,831.7 
100.954 ,115,832.7 
100.957 ,116,832.0 
100.961 ,117,829.9 
100.964 ,118,829.0 
100.967 ,119,831.5 
100.971 ,120,832.4 
100.974 ,121,833.6 
100.977 ,122,832.9 
100.981 ,123,836.3 
100.984 ,124,833.0 
100.987 ,125,834.8 
100.991 ,126,835.4 
100.994 ,127,834.6 
100.997 ,128,837.9 
101.001 ,129,836.7 
101.004 ,130,834.8 
101.007 ,131,835.7 
101.011 ,132,837.6 
101.014 ,133,834.9 
101.017 ,134,833.4 
101.021 ,135,832.9 
101.024 ,136,830.9 
101.027 ,137,832.6 
101.031 ,138,828.8 
101.034 ,139,828.9 
101.037 ,140,830.5 
101.041 ,141,830.9 
101.044 ,142,829.6 
101.047 ,143,834.2 
101.051 ,144,833.5 
101.054 ,145,830.5 
101.057 ,146,834.9 
101.061 ,147,825.2 
101.064 ,148,823.3 
101.067 ,149,818.8 
101.071 ,150,825.7 
101.074 ,151,824.9 
101.077 ,152,825.9 
101.081 ,153,826.4 
101.084 ,154,825.2 
101.087 ,155,824.0 
101.091 ,156,826.6 
101.094 ,157,832.9 
101.097 ,158,834.6 
101.101 ,159,832.4 
101.104 ,160,836.1 
101.107 ,161,832.5 
101.111 ,162,831.5 
101.114 ,163,830.7 
101.117 ,164,833.8 
101.121 ,165,829.6 
101.124 ,166,816.0 
101.127 ,167,817.3 
101.131 ,168,809.3 
101.134 ,169,815.9 
101.137 ,170,815.4 
101.141 ,171,815.6 
101.144 ,172,822.2 
101.147 ,173,828.0 
101.151 ,174,825.5 
101.154 ,175,827.5 
101.157 ,176,829.6 
101.161 ,177,828.7 
101.164 ,178,827.5 
101.167 ,179,822.5 
101.171 ,180,823.1 
101.174 ,181,824.2 
101.177 ,182,824.0 
101.181 ,183,823.8 
101.184 ,184,824.0 
101.187 ,185,828.6 
101.191 ,186,825.2 
101.194 ,187,828.0 
101.197 ,188,831.5 
101.201 ,189,833.6 
101.204 ,190,834.8 
101.207 ,191,833.4 
101.211 ,192,833.2 
101.214 ,193,830.7 
101.217 ,194,823.5 
101.221 ,195,821.3 
101.224 ,196,819.8 
101.227 ,197,821.0 
101.231 ,198,825.2 
101.234 ,199,825.7 
101.237 ,200,825.5 
101.241 ,201,825.2 
101.244 ,202,830.2 
101.247 ,203,830.4 
101.251 ,204,832.8 
101.254 ,205,832.4 
101.257 ,206,832.6 
101.261 ,207,830.3 
101.264 ,208,832.7 
,,
101.300 ,8,829.5 
101.303 ,9,828.9 
101.307 ,10,830.1 
101.310 ,11,830.5 
101.313 ,12,830.8 
101.317 ,13,828.9 
101.320 ,14,825.6 
101.323 ,15,826.8 
101.327 ,16,828.0 
101.330 ,17,831.4 
101.333 ,18,825.8 
101.337 ,19,823.9 
101.340 ,20,825.9 
101.343 ,21,826.4 
101.347 ,22,830.8 
101.350 ,23,831.4 
101.353 ,24,828.6 
101.357 ,25,827.5 
101.360 ,26,827.7 
101.363 ,27,831.1 
101.367 ,28,834.5 
101.370 ,29,831.9 
101.373 ,30,834.7 
101.377 ,31,832.3 
101.380 ,32,833.9 
101.383 ,33,833.1 
101.387 ,34,832.9 
101.390 ,35,831.8 
101.393 ,36,829.6 
101.397 ,37,833.8 
101.400 ,38,831.2 
101.403 ,39,828.9 
101.407 ,40,828.4 
101.410 ,41,827.3 
101.413 ,42,830.5 
101.417 ,43,825.7 
101.420 ,44,825.7 
101.423 ,45,826.2 
101.427 ,46,824.8 
101.430 ,47,816.6 
101.433 ,48,813.5 
101.437 ,49,814.7 
101.440 ,50,821.3 
101.443 ,51,827.8 
101.447 ,52,827.7 
101.450 ,53,834.8 
101.453 ,54,834.6 
101.457 ,55,829.8 
101.460 ,56,832.8 
101.463 ,57,826.7 
101.467 ,58,823.7 
101.470 ,59,827.3 
101.473 ,60,833.2 
101.477 ,61,835.6 
101.480 ,62,836.4 
101.483 ,63,832.9 
101.487 ,64,833.8 
101.490 ,65,832.0 
101.493 ,66,828.0 
101.497 ,67,825.7 
101.500 ,68,828.4 
101.503 ,69,829.6 
101.507 ,70,830.0 
101.510 ,71,830.2 
101.513 ,72,827.7 
101.517 ,73,831.3 
101.520 ,74,828.4 
101.523 ,75,832.1 
101.527 ,76,827.3 
101.530 ,77,822.2 
101.533 ,78,819.6 
101.537 ,79,822.7 
101.540 ,80,821.4 
101.543 ,81,815.6 
101.547 ,82,820.5 
101.550 ,83,815.8 
101.553 ,84,817.2 
101.557 ,85,823.8 
101.560 ,86,829.1 
101.563 ,87,831.7 
101.567 ,88,832.6 
101.570 ,89,832.3 
101.573 ,90,828.4 
101.577 ,91,830.4 
101.580 ,92,832.9 
101.583 ,93,835.4 
101.587 ,94,834.1 
101.590 ,95,837.1 
101.593 ,96,838.8 
101.597 ,97,837.4 
101.600 ,98,838.8 
101.603 ,99,834.0 
101.607 ,100,826.5 
101.610 ,101,827.2 
101.613 ,102,823.3 
101.617 ,103,833.4 
101.620 ,104,831.9 
101.623 ,105,830.1 
101.627 ,106,832.1 
101.630 ,107,829.4 
101.633 ,108,830.3 
101.637 ,109,831.6 
101.640 ,110,834.3 
101.643 ,111,833.9 
101.647 ,112,824.3 
,,
101.663 ,129,829.2 
101.666 ,130,835.8 
101.669 ,131,835.0 
101.673 ,132,836.3 
101.676 ,133,826.6 
101.679 ,134,827.9 
101.683 ,135,831.4 
101.686 ,136,828.3 
101.689 ,137,829.6 
101.693 ,138,831.4 
101.696 ,139,831.1 
101.699 ,140,827.5 
101.703 ,141,829.8 
101.706 ,142,830.4 
101.709 ,143,830.8 
101.713 ,144,829.9 
101.716 ,145,832.6 
101.719 ,146,830.1 
101.723 ,147,830.8 
101.726 ,148,833.8 
101.729 ,149,831.2 
101.733 ,150,837.0 
101.736 ,151,840.8 
101.739 ,152,842.2 
101.743 ,153,838.1 
101.746 ,154,836.4 
101.749 ,155,829.0 
101.753 ,156,832.2 
101.756 ,157,830.0 
101.759 ,158,833.9 
101.763 ,159,836.8 
101.766 ,160,832.5 
101.769 ,161,833.9 
101.773 ,162,834.9 
101.776 ,163,836.1 
101.779 ,164,836.2 
101.783 ,165,837.3 
101.786 ,166,832.9 
101.789 ,167,832.6 
101.793 ,168,833.5 
101.796 ,169,835.1 
101.799 ,170,836.3 
101.803 ,171,836.3 
101.806 ,172,835.1 
101.809 ,173,836.4 
101.813 ,174,835.7 
101.816 ,175,837.6 
101.819 ,176,839.1 
101.823 ,177,836.2 
101.826 ,178,832.6 
101.829 ,179,832.9 
101.833 ,180,834.6 
101.836 ,181,828.4 
101.839 ,182,829.2 
101.843 ,183,834.9 
101.846 ,184,834.2 
101.849 ,185,832.4 
101.853 ,186,832.8 
101.856 ,187,835.0 
101.859 ,188,832.6 
101.863 ,189,833.3 
101.866 ,190,833.7 
101.869 ,191,834.7 
101.873 ,192,835.3 
101.876 ,193,836.4 
101.879 ,194,831.6 
101.883 ,195,829.6 
101.886 ,196,827.7 
101.889 ,197,825.9 
101.893 ,198,825.7 
101.896 ,199,824.8 
101.899 ,200,826.6 
101.903 ,201,826.8 
101.906 ,202,825.4 
101.909 ,203,827.8 
101.913 ,204,830.0 
101.916 ,205,827.5 
101.919 ,206,828.8 
101.923 ,207,833.7 
101.926 ,208,835.9 
101.929 ,209,839.1 
101.933 ,210,835.4 
101.936 ,211,838.6 
101.939 ,212,835.8 
101.943 ,213,835.7 
101.946 ,214,839.6 
101.949 ,215,835.5 
101.953 ,216,834.9 
101.956 ,217,832.9 
101.959 ,218,834.0 
101.963 ,219,832.6 
101.966 ,220,835.4 
101.969 ,221,839.3 
101.973 ,222,845.8 
101.976 ,223,841.0 
101.979 ,224,837.9 
101.983 ,225,836.2 
101.986 ,226,836.8 
101.989 ,227,834.2 
101.993 ,228,839.3 
101.996 ,229,832.6 
101.999 ,230,831.8 
102.003 ,231,829.5 
102.006 ,232,828.7 
102.009 ,233,835.6 
102.013 ,234,839.3 
102.016 ,235,837.1 
102.019 ,236,835.9 
102.023 ,237,838.6 
102.026 ,238,837.2 
102.029 ,239,837.1 
102.033 ,240,834.5 
102.036 ,241,835.3 
102.039 ,242,834.6 
102.043 ,243,837.0 
102.046 ,244,835.1 
102.049 ,245,835.2 
102.053 ,246,837.5 
102.056 ,247,836.7 
102.059 ,248,838.3 
102.063 ,249,837.9 
102.066 ,250,837.4 
102.069 ,251,842.1 
102.073 ,252,840.3 
102.076 ,253,836.3 
102.079 ,254,837.4 
102.083 ,255,837.9 
102.086 ,256,836.7 
102.089 ,257,839.2 
102.093 ,258,842.1 
102.096 ,259,839.9 
102.099 ,260,841.1 
102.103 ,261,838.6 
102.106 ,262,839.5 
,,
102.107 ,11,829.0 
102.110 ,12,833.6 
102.114 ,13,833.7 
102.117 ,14,829.2 
102.120 ,15,826.8 
102.124 ,16,829.4 
102.127 ,17,827.5 
102.130 ,18,825.2 
102.134 ,19,829.3 
102.137 ,20,827.0 
102.140 ,21,828.0 
102.144 ,22,828.4 
102.147 ,23,827.5 
102.150 ,24,828.9 
102.154 ,25,828.8 
102.157 ,26,830.0 
102.160 ,27,827.2 
102.164 ,28,829.0 
102.167 ,29,827.7 
102.170 ,30,832.1 
102.174 ,31,832.1 
102.177 ,32,838.2 
102.180 ,33,839.3 
102.184 ,34,837.6 
102.187 ,35,837.8 
102.190 ,36,823.2 
102.194 ,37,829.3 
102.197 ,38,829.4 
102.200 ,39,834.2 
102.204 ,40,830.6 
102.207 ,41,835.4 
102.210 ,42,833.3 
102.214 ,43,833.4 
102.217 ,44,834.0 
102.220 ,45,833.8 
102.224 ,46,833.7 
102.227 ,47,832.8 
102.230 ,48,833.0 
102.234 ,49,830.9 
102.237 ,50,831.2 
102.240 ,51,833.8 
102.244 ,52,833.1 
102.247 ,53,835.4 
102.250 ,54,832.9 
102.254 ,55,833.8 
102.257 ,56,834.8 
102.260 ,57,833.2 
102.264 ,58,835.6 
102.267 ,59,833.7 
102.270 ,60,833.3 
102.274 ,61,830.4 
102.277 ,62,830.5 
102.280 ,63,825.9 
102.284 ,64,832.4 
102.287 ,65,833.4 
102.290 ,66,833.1 
102.294 ,67,835.3 
102.297 ,68,834.9 
102.300 ,69,832.7 
102.304 ,70,830.6 
102.307 ,71,831.4 
102.310 ,72,833.4 
102.314 ,73,835.1 
102.317 ,74,838.3 
102.320 ,75,834.3 
102.324 ,76,835.1 
102.327 ,77,826.5 
102.330 ,78,822.8 
102.334 ,79,823.0 
102.337 ,80,825.3 
102.340 ,81,824.9 
102.344 ,82,825.8 
102.347 ,83,824.3 
102.350 ,84,824.2 
102.354 ,85,822.5 
102.357 ,86,826.1 
102.360 ,87,828.8 
102.364 ,88,830.0 
102.367 ,89,837.4 
102.370 ,90,835.9 
102.374 ,91,835.0 
102.377 ,92,836.6 
102.380 ,93,835.5 
102.384 ,94,832.5 
102.387 ,95,831.1 
102.390 ,96,835.6 
102.394 ,97,833.3 
102.397 ,98,830.8 
102.400 ,99,834.4 
102.404 ,100,833.8 
102.407 ,101,832.1 
102.410 ,102,837.6 
102.414 ,103,840.8 
102.417 ,104,843.2 
102.420 ,105,836.7 
102.424 ,106,834.6 
102.427 ,107,831.7 
102.430 ,108,832.6 
102.434 ,109,835.3 
102.437 ,110,833.1 
102.440 ,111,826.6 
102.444 ,112,829.9 
102.447 ,113,828.0 
102.450 ,114,828.6 
102.454 ,115,830.2 
102.457 ,116,837.6 
102.460 ,117,838.8 
102.464 ,118,833.8 
102.467 ,119,836.6 
102.470 ,120,836.7 
102.474 ,121,837.1 
102.477 ,122,836.3 
102.480 ,123,833.5 
102.484 ,124,832.5 
102.487 ,125,836.6 
102.490 ,126,833.4 
102.494 ,127,835.5 
102.497 ,128,839.4 
102.500 ,129,836.5 
102.504 ,130,835.9 
102.507 ,131,839.2 
102.510 ,132,838.5 
102.514 ,133,838.2 
102.517 ,134,839.3 
102.520 ,135,833.9 
102.524 ,136,838.3 
102.527 ,137,835.2 
102.530 ,138,837.8 
102.534 ,139,837.2 
102.537 ,140,837.3 
102.540 ,141,839.7 
102.544 ,142,835.2 
102.547 ,143,834.3 
102.550 ,144,835.4 
102.554 ,145,835.4 
102.557 ,146,834.2 
102.560 ,147,835.1 
102.564 ,148,838.8 
102.567 ,149,837.3 
102.570 ,150,837.1 
102.574 ,151,832.9 
102.577 ,152,831.4 
102.580 ,153,834.6 
,,
102.606 ,10,842.6 
102.609 ,11,836.0 
102.613 ,12,830.9 
102.616 ,13,829.3 
102.619 ,14,828.2 
102.623 ,15,826.4 
102.626 ,16,829.1 
102.629 ,17,828.3 
102.633 ,18,825.4 
102.636 ,19,828.4 
102.639 ,20,829.6 
102.643 ,21,832.0 
102.646 ,22,832.9 
102.649 ,23,833.5 
102.653 ,24,831.3 
102.656 ,25,832.1 
102.659 ,26,833.5 
102.663 ,27,833.2 
102.666 ,28,833.8 
102.669 ,29,832.7 
102.673 ,30,837.9 
102.676 ,31,837.2 
102.679 ,32,836.8 
102.683 ,33,837.2 
102.686 ,34,833.8 
102.689 ,35,836.0 
102.693 ,36,833.9 
102.696 ,37,834.4 
102.699 ,38,833.1 
102.703 ,39,833.6 
102.706 ,40,830.1 
102.709 ,41,833.0 
102.713 ,42,826.9 
102.716 ,43,825.3 
102.719 ,44,823.6 
102.723 ,45,825.3 
102.726 ,46,831.0 
102.729 ,47,831.7 
102.733 ,48,834.0 
102.736 ,49,838.0 
102.739 ,50,840.3 
102.743 ,51,841.0 
102.746 ,52,838.8 
102.749 ,53,838.0 
102.753 ,54,839.4 
102.756 ,55,840.2 
102.759 ,56,837.2 
102.763 ,57,837.1 
102.766 ,58,835.9 
102.769 ,59,826.6 
102.773 ,60,828.1 
102.776 ,61,828.4 
102.779 ,62,825.6 
102.783 ,63,824.9 
102.786 ,64,824.2 
102.789 ,65,825.8 
102.793 ,66,824.4 
102.796 ,67,826.7 
102.799 ,68,822.2 
102.803 ,69,824.2 
102.806 ,70,829.4 
102.809 ,71,837.6 
102.813 ,72,837.7 
102.816 ,73,836.7 
102.819 ,74,838.2 
102.823 ,75,831.5 
102.826 ,76,829.6 
102.829 ,77,836.0 
102.833 ,78,835.0 
102.836 ,79,835.1 
102.839 ,80,833.5 
102.843 ,81,834.8 
102.846 ,82,833.5 
102.849 ,83,828.8 
102.853 ,84,831.1 
102.856 ,85,831.3 
102.859 ,86,836.1 
102.863 ,87,835.4 
102.866 ,88,836.5 
102.869 ,89,834.8 
102.873 ,90,838.8 
102.876 ,91,836.0 
102.879 ,92,842.7 
102.883 ,93,839.6 
102.886 ,94,839.4 
102.889 ,95,836.3 
102.893 ,96,835.6 
102.896 ,97,840.1 
102.899 ,98,835.6 
102.903 ,99,836.7 
102.906 ,100,837.5 
102.909 ,101,837.2 
102.913 ,102,836.4 
102.916 ,103,838.3 
102.919 ,104,835.9 
102.923 ,105,837.3 
102.926 ,106,836.3 
102.929 ,107,835.4 
102.933 ,108,834.1 
102.936 ,109,834.8 
102.939 ,110,837.7 
102.943 ,111,837.6 
102.946 ,112,836.9 
102.949 ,113,835.4 
102.953 ,114,834.8 
102.956 ,115,832.3 
102.959 ,116,835.2 
102.963 ,117,834.2 
102.966 ,118,832.6 
102.969 ,119,844.6 
102.973 ,120,845.1 
102.976 ,121,845.0 
102.979 ,122,847.6 
102.983 ,123,844.0 
102.986 ,124,843.9 
102.989 ,125,843.4 
102.993 ,126,841.0 
102.996 ,127,842.0 
102.999 ,128,840.6 
103.003 ,129,836.9 
103.006 ,130,838.8 
103.009 ,131,836.3 
103.013 ,132,832.1 
103.016 ,133,832.1 
103.019 ,134,834.7 
103.023 ,135,831.7 
103.026 ,136,834.8 
103.029 ,137,832.6 
103.033 ,138,831.7 
103.036 ,139,824.3 
103.039 ,140,819.5 
103.043 ,141,820.2 
103.046 ,142,823.9 
103.049 ,143,822.2 
103.053 ,144,823.5 
103.056 ,145,818.6 
103.059 ,146,820.0 
103.063 ,147,830.6 
103.066 ,148,833.0 
103.069 ,149,835.3 
103.073 ,150,837.1 
103.076 ,151,837.8 
103.079 ,152,835.3 
,,
103.104 ,162,838.3 
103.107 ,163,838.2 
103.111 ,164,841.0 
103.114 ,165,842.9 
103.117 ,166,840.9 
103.121 ,167,840.6 
103.124 ,168,840.3 
103.127 ,169,840.3 
103.131 ,170,834.5 
103.134 ,171,830.4 
103.137 ,172,834.5 
103.141 ,173,835.0 
103.144 ,174,839.0 
103.147 ,175,838.6 
103.151 ,176,841.8 
103.154 ,177,842.2 
103.157 ,178,842.1 
103.161 ,179,841.5 
103.164 ,180,838.9 
103.167 ,181,838.6 
103.171 ,182,837.7 
103.174 ,183,836.5 
103.177 ,184,839.4 
103.181 ,185,838.1 
103.184 ,186,838.0 
103.187 ,187,836.5 
103.191 ,188,836.9 
103.194 ,189,836.7 
103.197 ,190,834.2 
103.201 ,191,835.9 
103.204 ,192,832.2 
103.207 ,193,836.7 
103.211 ,194,839.7 
103.214 ,195,841.4 
103.217 ,196,843.7 
103.221 ,197,839.3 
103.224 ,198,839.7 
103.227 ,199,835.7 
103.231 ,200,836.9 
103.234 ,201,838.1 
103.237 ,202,837.5 
103.241 ,203,839.1 
103.244 ,204,839.6 
103.247 ,205,838.5 
103.251 ,206,839.1 
103.254 ,207,838.5 
103.257 ,208,837.2 
103.261 ,209,836.9 
103.264 ,210,833.9 
103.267 ,211,838.5 
103.271 ,212,839.2 
103.274 ,213,839.2 
103.277 ,214,836.9 
103.281 ,215,835.6 
103.284 ,216,841.1 
103.287 ,217,842.6 
103.291 ,218,843.6 
103.294 ,219,840.3 
103.297 ,220,840.9 
103.301 ,221,839.1 
103.304 ,222,839.7 
103.307 ,223,841.1 
103.311 ,224,834.4 
103.314 ,225,837.7 
103.317 ,226,839.9 
103.321 ,227,836.9 
103.324 ,228,841.1 
103.327 ,229,844.3 
103.331 ,230,841.9 
103.334 ,231,838.1 
103.337 ,232,838.1 
103.341 ,233,840.9 
103.344 ,234,840.3 
103.347 ,235,844.5 
103.351 ,236,843.0 
103.354 ,237,841.9 
103.357 ,238,837.4 
103.361 ,239,838.2 
103.364 ,240,837.2 
103.367 ,241,837.1 
103.371 ,242,837.4 
103.374 ,243,836.1 
103.377 ,244,833.1 
103.381 ,245,834.1 
103.384 ,246,831.0 
103.387 ,247,830.4 
,,
103.450 ,20,829.4 
103.453 ,21,834.1 
103.457 ,22,835.9 
103.460 ,23,837.0 
103.463 ,24,838.2 
103.467 ,25,837.6 
103.470 ,26,842.1 
103.473 ,27,838.3 
103.477 ,28,839.4 
103.480 ,29,837.9 
103.483 ,30,840.6 
103.487 ,31,837.5 
103.490 ,32,838.1 
103.493 ,33,840.2 
103.497 ,34,841.3 
103.500 ,35,842.1 
103.503 ,36,841.9 
103.507 ,37,841.1 
103.510 ,38,841.1 
103.513 ,39,842.4 
103.517 ,40,839.9 
103.520 ,41,838.5 
103.523 ,42,842.1 
103.527 ,43,840.4 
103.530 ,44,842.7 
103.533 ,45,841.6 
103.537 ,46,839.9 
103.540 ,47,836.3 
103.543 ,48,827.2 
103.547 ,49,835.3 
103.550 ,50,835.0 
103.553 ,51,833.4 
103.557 ,52,829.9 
103.560 ,53,826.4 
103.563 ,54,829.6 
103.567 ,55,827.0 
103.570 ,56,826.7 
103.573 ,57,827.7 
103.577 ,58,827.7 
103.580 ,59,829.0 
103.583 ,60,827.5 
103.587 ,61,825.4 
103.590 ,62,827.5 
103.593 ,63,829.2 
103.597 ,64,828.0 
103.600 ,65,828.0 
103.603 ,66,832.4 
103.607 ,67,835.7 
103.610 ,68,837.6 
103.613 ,69,844.0 
103.617 ,70,843.0 
103.620 ,71,844.6 
103.623 ,72,845.3 
103.627 ,73,844.2 
103.630 ,74,844.6 
103.633 ,75,845.5 
103.637 ,76,843.1 
103.640 ,77,842.1 
103.643 ,78,839.1 
103.647 ,79,841.3 
103.650 ,80,837.9 
103.653 ,81,828.7 
103.657 ,82,830.5 
103.660 ,83,832.4 
103.663 ,84,829.2 
103.667 ,85,830.9 
103.670 ,86,827.9 
103.673 ,87,832.0 
103.677 ,88,836.3 
103.680 ,89,840.5 
103.683 ,90,840.7 
103.687 ,91,842.5 
103.690 ,92,840.1 
103.693 ,93,840.7 
103.697 ,94,838.4 
103.700 ,95,838.3 
103.703 ,96,839.2 
103.707 ,97,837.9 
103.710 ,98,841.0 
103.713 ,99,836.4 
103.717 ,100,837.0 
103.720 ,101,835.1 
103.723 ,102,834.2 
103.727 ,103,832.4 
103.730 ,104,835.4 
103.733 ,105,831.5 
103.737 ,106,834.6 
103.740 ,107,834.5 
103.743 ,108,835.1 
103.747 ,109,837.5 
103.750 ,110,837.3 
103.753 ,111,838.8 
103.757 ,112,835.1 
103.760 ,113,835.1 
103.763 ,114,837.9 
103.767 ,115,837.4 
103.770 ,116,836.3 
103.773 ,117,838.7 
103.777 ,118,836.3 
103.780 ,119,837.4 
103.783 ,120,839.7 
103.787 ,121,837.9 
103.790 ,122,835.7 
103.793 ,123,834.3 
103.797 ,124,828.6 
103.800 ,125,830.5 
103.803 ,126,830.5 
103.807 ,127,835.3 
103.810 ,128,835.5 
103.813 ,129,839.0 
103.817 ,130,839.1 
103.820 ,131,835.5 
103.823 ,132,837.9 
103.827 ,133,837.3 
103.830 ,134,837.5 
103.833 ,135,842.5 
103.837 ,136,841.0 
103.840 ,137,835.2 
103.843 ,138,836.1 
103.847 ,139,837.4 
103.850 ,140,835.8 
103.853 ,141,832.1 
103.857 ,142,834.9 
103.860 ,143,836.3 
103.863 ,144,838.7 
103.867 ,145,840.9 
103.870 ,146,839.7 
103.873 ,147,840.1 
103.877 ,148,831.7 
103.880 ,149,829.7 
103.883 ,150,829.2 
103.887 ,151,832.6 
103.890 ,152,833.6 
103.893 ,153,835.4 
103.897 ,154,835.1 
103.900 ,155,836.7 
103.903 ,156,840.2 
,,
103.924 ,166,829.7 
103.927 ,167,831.0 
103.931 ,168,836.7 
103.934 ,169,840.5 
103.937 ,170,842.1 
103.941 ,171,841.1 
103.944 ,172,843.8 
103.947 ,173,840.0 
103.951 ,174,842.7 
103.954 ,175,842.2 
103.957 ,176,840.1 
103.961 ,177,842.0 
103.964 ,178,841.3 
103.967 ,179,838.3 
103.971 ,180,838.8 
103.974 ,181,839.0 
103.977 ,182,840.3 
103.981 ,183,838.6 
103.984 ,184,837.9 
103.987 ,185,834.8 
103.991 ,186,833.8 
103.994 ,187,833.0 
103.997 ,188,838.8 
104.001 ,189,837.3 
104.004 ,190,838.2 
104.007 ,191,839.1 
104.011 ,192,842.1 
104.014 ,193,838.5 
104.017 ,194,837.5 
104.021 ,195,837.4 
104.024 ,196,834.1 
104.027 ,197,831.0 
104.031 ,198,839.3 
104.034 ,199,843.3 
104.037 ,200,840.7 
104.041 ,201,840.0 
104.044 ,202,840.5 
104.047 ,203,837.1 
104.051 ,204,837.3 
104.054 ,205,837.6 
104.057 ,206,839.3 
104.061 ,207,838.4 
104.064 ,208,838.2 
104.067 ,209,838.2 
104.071 ,210,836.8 
104.074 ,211,839.7 
104.077 ,212,842.6 
104.081 ,213,841.8 
104.084 ,214,839.3 
104.087 ,215,839.3 
104.091 ,216,839.6 
104.094 ,217,841.8 
104.097 ,218,842.5 
104.101 ,219,840.9 
104.104 ,220,842.2 
104.107 ,221,844.2 
104.111 ,222,841.6 
104.114 ,223,843.4 
104.117 ,224,842.9 
104.121 ,225,843.1 
104.124 ,226,840.1 
104.127 ,227,839.1 
104.131 ,228,845.4 
104.134 ,229,838.9 
104.137 ,230,842.5 
104.141 ,231,843.7 
104.144 ,232,842.7 
104.147 ,233,842.7 
104.151 ,234,836.2 
104.154 ,235,836.1 
104.157 ,236,838.6 
104.161 ,237,838.8 
104.164 ,238,842.0 
104.167 ,239,840.4 
104.171 ,240,840.4 
104.174 ,241,839.4 
104.177 ,242,836.1 
104.181 ,243,839.4 
104.184 ,244,839.1 
104.187 ,245,838.6 
104.191 ,246,836.9 
104.194 ,247,838.6 
104.197 ,248,837.6 
104.201 ,249,837.6 
104.204 ,250,836.4 
104.207 ,251,840.1 
104.211 ,252,839.2 
104.214 ,253,838.8 
104.217 ,254,837.5 
104.221 ,255,829.6 
104.224 ,256,831.2 
104.227 ,257,832.8 
104.231 ,258,830.3 
104.234 ,259,830.1 
104.237 ,260,832.1 
104.241 ,261,831.6 
104.244 ,262,836.9 
104.247 ,263,836.9 
104.251 ,264,838.5 
104.254 ,265,840.6 
104.257 ,266,841.1 
104.261 ,267,839.1 
104.264 ,268,836.6 
104.267 ,269,835.8 
104.271 ,270,837.9 
104.274 ,271,838.5 
104.277 ,272,841.7 
104.281 ,273,842.5 
104.284 ,274,837.5 
104.287 ,275,842.0 
104.291 ,276,841.2 
104.294 ,277,838.6 
104.297 ,278,832.7 
,,
104.351 ,14,837.3 
104.354 ,15,838.5 
104.357 ,16,839.7 
104.361 ,17,836.3 
104.364 ,18,835.7 
104.367 ,19,834.8 
104.371 ,20,838.3 
104.374 ,21,839.7 
104.377 ,22,840.6 
104.381 ,23,837.6 
104.384 ,24,840.7 
104.387 ,25,840.5 
104.391 ,26,839.3 
104.394 ,27,840.0 
104.397 ,28,838.2 
104.401 ,29,836.6 
104.404 ,30,835.3 
104.407 ,31,835.5 
104.411 ,32,831.3 
104.414 ,33,831.3 
104.417 ,34,838.5 
104.421 ,35,840.1 
104.424 ,36,839.7 
104.427 ,37,839.1 
104.431 ,38,843.4 
104.434 ,39,841.5 
104.437 ,40,840.3 
104.441 ,41,839.7 
104.444 ,42,837.2 
104.447 ,43,838.7 
104.451 ,44,836.3 
104.454 ,45,834.8 
104.457 ,46,834.5 
104.461 ,47,837.4 
104.464 ,48,839.7 
104.467 ,49,842.2 
104.471 ,50,838.4 
104.474 ,51,839.4 
104.477 ,52,839.7 
104.481 ,53,840.9 
104.484 ,54,839.7 
104.487 ,55,836.5 
104.491 ,56,835.6 
104.494 ,57,839.3 
104.497 ,58,836.5 
104.501 ,59,838.4 
104.504 ,60,836.3 
104.507 ,61,837.7 
104.511 ,62,837.5 
104.514 ,63,836.9 
104.517 ,64,838.8 
104.521 ,65,838.1 
104.524 ,66,840.2 
104.527 ,67,840.6 
104.531 ,68,841.0 
104.534 ,69,844.4 
104.537 ,70,844.8 
104.541 ,71,842.2 
104.544 ,72,837.2 
104.547 ,73,837.7 
104.551 ,74,837.1 
104.554 ,75,833.1 
104.557 ,76,834.4 
104.561 ,77,835.1 
104.564 ,78,834.8 
104.567 ,79,840.0 
104.571 ,80,842.9 
104.574 ,81,841.1 
104.577 ,82,844.4 
104.581 ,83,842.2 
104.584 ,84,844.3 
104.587 ,85,844.6 
104.591 ,86,839.1 
104.594 ,87,838.5 
104.597 ,88,839.9 
104.601 ,89,840.1 
104.604 ,90,840.1 
104.607 ,91,840.9 
104.611 ,92,841.4 
104.614 ,93,845.7 
104.617 ,94,844.4 
104.621 ,95,844.7 
104.624 ,96,842.7 
104.627 ,97,843.0 
104.631 ,98,844.7 
104.634 ,99,843.1 
104.637 ,100,839.7 
104.641 ,101,840.0 
104.644 ,102,840.9 
104.647 ,103,840.6 
104.651 ,104,836.7 
104.654 ,105,837.9 
104.657 ,106,835.2 
104.661 ,107,836.3 
104.664 ,108,835.7 
104.667 ,109,831.7 
104.671 ,110,835.3 
104.674 ,111,840.2 
104.677 ,112,840.7 
104.681 ,113,840.3 
,,
104.714 ,125,837.9 
104.717 ,126,840.0 
104.720 ,127,840.6 
104.724 ,128,840.0 
104.727 ,129,834.6 
104.730 ,130,835.7 
104.734 ,131,835.4 
104.737 ,132,837.1 
104.740 ,133,833.0 
104.744 ,134,839.0 
104.747 ,135,842.6 
104.750 ,136,847.2 
104.754 ,137,838.5 
104.757 ,138,840.2 
104.760 ,139,840.9 
104.764 ,140,841.0 
104.767 ,141,838.3 
104.770 ,142,835.1 
104.774 ,143,837.7 
104.777 ,144,841.2 
104.780 ,145,839.7 
104.784 ,146,837.7 
104.787 ,147,837.7 
104.790 ,148,840.1 
104.794 ,149,841.7 
104.797 ,150,839.4 
104.800 ,151,841.1 
104.804 ,152,840.5 
104.807 ,153,841.9 
104.810 ,154,840.9 
104.814 ,155,839.8 
104.817 ,156,841.7 
104.820 ,157,843.6 
104.824 ,158,840.9 
104.827 ,159,841.5 
104.830 ,160,844.2 
104.834 ,161,842.9 
104.837 ,162,841.2 
104.840 ,163,842.2 
104.844 ,164,840.9 
104.847 ,165,839.8 
104.850 ,166,836.9 
104.854 ,167,839.0 
104.857 ,168,839.9 
104.860 ,169,836.0 
104.864 ,170,836.0 
104.867 ,171,837.2 
104.870 ,172,838.5 
104.874 ,173,837.5 
104.877 ,174,841.2 
104.880 ,175,840.3 
104.884 ,176,839.5 
104.887 ,177,839.7 
104.890 ,178,841.0 
104.894 ,179,840.4 
104.897 ,180,840.2 
104.900 ,181,841.6 
104.904 ,182,840.0 
104.907 ,183,833.9 
104.910 ,184,832.9 
104.914 ,185,834.6 
104.917 ,186,832.6 
104.920 ,187,832.6 
104.924 ,188,831.9 
104.927 ,189,835.9 
104.930 ,190,832.1 
104.934 ,191,836.8 
104.937 ,192,836.3 
104.940 ,193,836.3 
104.944 ,194,837.2 
104.947 ,195,840.9 
104.950 ,196,842.5 
104.954 ,197,841.2 
104.957 ,198,840.9 
104.960 ,199,841.2 
104.964 ,200,838.7 
104.967 ,201,838.6 
104.970 ,202,838.7 
104.974 ,203,837.6 
104.977 ,204,840.1 
104.980 ,205,835.2 
104.984 ,206,838.4 
104.987 ,207,834.4 
104.990 ,208,835.7 
104.994 ,209,835.8 
104.997 ,210,835.3 
105.000 ,211,830.1 
105.004 ,212,833.6 
105.007 ,213,840.3 
105.010 ,214,845.9 
105.014 ,215,845.9 
105.017 ,216,844.8 
105.020 ,217,841.6 
105.024 ,218,843.5 
105.027 ,219,843.7 
105.030 ,220,844.9 
105.034 ,221,843.8 
105.037 ,222,842.6 
105.040 ,223,841.0 
105.044 ,224,839.7 
105.047 ,225,842.6 
105.050 ,226,841.3 
105.054 ,227,841.1 
105.057 ,228,842.5 
105.060 ,229,838.8 
105.064 ,230,836.3 
105.067 ,231,833.5 
105.070 ,232,834.2 
105.074 ,233,838.9 
105.077 ,234,837.9 
105.080 ,235,841.8 
105.084 ,236,846.0 
105.087 ,237,845.8 
105.090 ,238,849.6 
105.094 ,239,844.4 
105.097 ,240,841.1 
105.100 ,241,844.6 
105.104 ,242,842.7 
105.107 ,243,846.8 
105.110 ,244,844.9 
105.114 ,245,843.0 
105.117 ,246,842.8 
105.120 ,247,843.9 
105.124 ,248,843.5 
105.127 ,249,842.5 
105.130 ,250,843.2 
105.134 ,251,843.1 
105.137 ,252,843.7 
105.140 ,253,844.2 
105.144 ,254,838.5 
105.147 ,255,843.1 
105.150 ,256,841.5 
105.154 ,257,841.9 
105.157 ,258,840.5 
105.160 ,259,836.0 
,,
105.201 ,10,832.9 
105.204 ,11,831.4 
105.208 ,12,829.5 
105.211 ,13,832.3 
105.214 ,14,836.8 
105.218 ,15,833.3 
105.221 ,16,836.0 
105.224 ,17,834.4 
105.228 ,18,835.4 
105.231 ,19,835.6 
105.234 ,20,833.7 
105.238 ,21,835.0 
105.241 ,22,837.1 
105.244 ,23,839.3 
105.248 ,24,840.3 
105.251 ,25,834.7 
105.254 ,26,835.1 
105.258 ,27,837.7 
105.261 ,28,838.8 
105.264 ,29,837.5 
105.268 ,30,839.0 
105.271 ,31,843.6 
105.274 ,32,841.4 
105.278 ,33,841.8 
105.281 ,34,843.9 
105.284 ,35,840.2 
105.288 ,36,836.0 
105.291 ,37,835.7 
105.294 ,38,837.2 
105.298 ,39,837.8 
105.301 ,40,835.1 
105.304 ,41,834.9 
105.308 ,42,838.7 
105.311 ,43,834.7 
105.314 ,44,843.5 
105.318 ,45,841.0 
105.321 ,46,845.6 
105.324 ,47,846.0 
105.328 ,48,841.3 
105.331 ,49,845.9 
105.334 ,50,846.2 
105.338 ,51,843.8 
105.341 ,52,842.7 
105.344 ,53,842.8 
105.348 ,54,845.5 
105.351 ,55,842.7 
105.354 ,56,841.8 
105.358 ,57,839.3 
105.361 ,58,840.9 
105.364 ,59,845.2 
105.368 ,60,843.4 
105.371 ,61,846.2 
105.374 ,62,846.4 
105.378 ,63,847.0 
105.381 ,64,848.2 
105.384 ,65,846.3 
105.388 ,66,847.4 
105.391 ,67,846.5 
105.394 ,68,848.6 
105.398 ,69,845.9 
105.401 ,70,839.3 
105.404 ,71,837.1 
105.408 ,72,837.4 
105.411 ,73,837.3 
105.414 ,74,837.5 
105.418 ,75,836.5 
105.421 ,76,837.5 
105.424 ,77,838.7 
105.428 ,78,837.7 
105.431 ,79,841.4 
105.434 ,80,844.0 
105.438 ,81,843.2 
105.441 ,82,842.1 
105.444 ,83,841.1 
105.448 ,84,843.4 
105.451 ,85,841.7 
105.454 ,86,841.7 
105.458 ,87,845.1 
105.461 ,88,845.0 
105.464 ,89,841.9 
105.468 ,90,839.0 
105.471 ,91,838.5 
105.474 ,92,840.5 
105.478 ,93,840.7 
105.481 ,94,841.9 
105.484 ,95,839.3 
105.488 ,96,837.7 
105.491 ,97,839.4 
105.494 ,98,835.1 
105.498 ,99,840.5 
105.501 ,100,843.2 
105.504 ,101,844.7 
105.508 ,102,843.9 
105.511 ,103,845.8 
105.514 ,104,847.3 
105.518 ,105,849.1 
105.521 ,106,847.1 
105.524 ,107,845.2 
105.528 ,108,843.6 
105.531 ,109,846.3 
105.534 ,110,844.4 
105.538 ,111,846.1 
105.541 ,112,843.9 
105.544 ,113,843.8 
105.548 ,114,841.0 
105.551 ,115,841.7 
105.554 ,116,838.9 
105.558 ,117,834.7 
105.561 ,118,832.1 
105.564 ,119,833.2 
105.568 ,120,835.6 
105.571 ,121,843.1 
105.574 ,122,845.6 
105.578 ,123,844.3 
105.581 ,124,845.0 
105.584 ,125,843.6 
105.588 ,126,841.9 
105.591 ,127,844.6 
105.594 ,128,843.2 
105.598 ,129,839.4 
105.601 ,130,842.5 
105.604 ,131,831.1 
105.608 ,132,832.2 
105.611 ,133,830.3 
105.614 ,134,828.4 
105.618 ,135,825.0 
105.621 ,136,830.1 
105.624 ,137,832.5 
105.628 ,138,833.9 
105.631 ,139,836.9 
105.634 ,140,839.5 
105.638 ,141,840.0 
105.641 ,142,841.2 
105.644 ,143,830.2 
105.648 ,144,828.8 
105.651 ,145,831.7 
105.654 ,146,832.3 
105.658 ,147,837.2 
105.661 ,148,835.4 
105.664 ,149,832.2 
105.668 ,150,828.9 
105.671 ,151,833.1 
,,
105.701 ,159,837.8 
105.704 ,160,835.1 
105.708 ,161,836.2 
105.711 ,162,833.3 
105.714 ,163,834.4 
105.718 ,164,833.0 
105.721 ,165,833.0 
105.724 ,166,841.5 
105.728 ,167,842.3 
105.731 ,168,842.2 
105.734 ,169,841.0 
105.738 ,170,841.1 
105.741 ,171,838.8 
105.744 ,172,838.8 
105.748 ,173,841.6 
105.751 ,174,838.7 
105.754 ,175,839.9 
105.758 ,176,839.1 
105.761 ,177,839.7 
105.764 ,178,838.7 
105.768 ,179,837.4 
105.771 ,180,840.1 
105.774 ,181,842.6 
105.778 ,182,843.7 
105.781 ,183,843.0 
105.784 ,184,841.1 
105.788 ,185,839.8 
105.791 ,186,835.7 
105.794 ,187,834.3 
105.798 ,188,836.6 
105.801 ,189,839.6 
105.804 ,190,842.1 
105.808 ,191,845.5 
105.811 ,192,842.1 
105.814 ,193,843.0 
105.818 ,194,841.3 
105.821 ,195,839.4 
105.824 ,196,838.8 
105.828 ,197,837.4 
105.831 ,198,836.4 
105.834 ,199,834.3 
105.838 ,200,835.9 
105.841 ,201,834.0 
105.844 ,202,833.8 
105.848 ,203,835.8 
105.851 ,204,839.9 
105.854 ,205,838.1 
105.858 ,206,838.5 
105.861 ,207,836.8 
105.864 ,208,837.1 
105.868 ,209,845.5 
105.871 ,210,843.9 
105.874 ,211,841.4 
105.878 ,212,843.7 
105.881 ,213,841.9 
105.884 ,214,843.4 
105.888 ,215,842.0 
105.891 ,216,837.9 
105.894 ,217,838.0 
105.898 ,218,838.8 
105.901 ,219,840.1 
105.904 ,220,834.5 
105.908 ,221,834.6 
105.911 ,222,830.8 
105.914 ,223,832.6 
105.918 ,224,835.9 
105.921 ,225,835.4 
105.924 ,226,836.8 
105.928 ,227,838.8 
105.931 ,228,838.8 
105.934 ,229,843.7 
105.938 ,230,840.6 
105.941 ,231,841.2 
105.944 ,232,838.5 
105.948 ,233,837.2 
105.951 ,234,838.8 
105.954 ,235,835.4 
105.958 ,236,837.6 
105.961 ,237,837.6 
105.964 ,238,836.8 
105.968 ,239,839.3 
105.971 ,240,835.1 
105.974 ,241,836.7 
105.978 ,242,837.5 
105.981 ,243,837.6 
105.984 ,244,846.5 
105.988 ,245,844.2 
105.991 ,246,846.6 
105.994 ,247,847.3 
105.998 ,248,845.8 
106.001 ,249,843.8 
106.004 ,250,840.9 
106.008 ,251,835.0 
106.011 ,252,831.2 
106.014 ,253,837.1 
106.018 ,254,837.9 
106.021 ,255,835.6 
,,
106.048 ,12,834.7 
106.051 ,13,837.4 
106.055 ,14,835.9 
106.058 ,15,835.6 
106.061 ,16,842.3 
106.065 ,17,842.3 
106.068 ,18,841.3 
106.071 ,19,841.8 
106.075 ,20,842.1 
106.078 ,21,841.0 
106.081 ,22,843.3 
106.085 ,23,840.4 
106.088 ,24,842.7 
106.091 ,25,843.8 
106.095 ,26,841.7 
106.098 ,27,842.6 
106.101 ,28,841.8 
106.105 ,29,841.0 
106.108 ,30,838.9 
106.111 ,31,835.4 
106.115 ,32,835.4 
106.118 ,33,835.4 
106.121 ,34,838.4 
106.125 ,35,839.0 
106.128 ,36,846.8 
106.131 ,37,851.1 
106.135 ,38,847.0 
106.138 ,39,846.2 
106.141 ,40,844.9 
106.145 ,41,846.0 
106.148 ,42,846.2 
106.151 ,43,843.4 
106.155 ,44,841.6 
106.158 ,45,835.8 
106.161 ,46,835.4 
106.165 ,47,835.1 
106.168 ,48,836.7 
106.171 ,49,840.3 
106.175 ,50,842.5 
106.178 ,51,841.1 
106.181 ,52,840.1 
106.185 ,53,845.0 
106.188 ,54,843.7 
106.191 ,55,842.3 
106.195 ,56,841.7 
106.198 ,57,840.5 
106.201 ,58,839.8 
106.205 ,59,841.0 
106.208 ,60,829.2 
106.211 ,61,828.2 
106.215 ,62,828.3 
106.218 ,63,830.6 
106.221 ,64,830.2 
106.225 ,65,842.2 
106.228 ,66,843.3 
106.231 ,67,846.1 
106.235 ,68,845.0 
106.238 ,69,847.6 
106.241 ,70,845.2 
106.245 ,71,840.4 
106.248 ,72,837.4 
106.251 ,73,830.2 
106.255 ,74,830.4 
106.258 ,75,831.4 
106.261 ,76,836.4 
106.265 ,77,841.6 
106.268 ,78,845.9 
106.271 ,79,845.7 
106.275 ,80,842.3 
106.278 ,81,844.6 
106.281 ,82,839.1 
106.285 ,83,845.0 
106.288 ,84,845.4 
106.291 ,85,842.5 
106.295 ,86,845.5 
106.298 ,87,844.6 
106.301 ,88,842.9 
106.305 ,89,842.9 
106.308 ,90,844.4 
106.311 ,91,845.9 
106.315 ,92,843.8 
106.318 ,93,845.9 
106.321 ,94,843.7 
106.325 ,95,842.8 
106.328 ,96,841.8 
106.331 ,97,842.2 
106.335 ,98,842.6 
106.338 ,99,841.6 
106.341 ,100,845.0 
106.345 ,101,845.5 
106.348 ,102,845.6 
106.351 ,103,846.1 
106.355 ,104,846.9 
106.358 ,105,842.9 
106.361 ,106,846.1 
106.365 ,107,836.3 
106.368 ,108,835.1 
106.371 ,109,836.6 
106.375 ,110,842.5 
106.378 ,111,842.7 
106.381 ,112,842.7 
106.385 ,113,843.0 
106.388 ,114,842.7 
106.391 ,115,845.3 
106.395 ,116,843.6 
106.398 ,117,840.8 
106.401 ,118,842.6 
106.405 ,119,842.7 
106.408 ,120,834.8 
,,
106.435 ,128,832.0 
106.438 ,129,834.5 
106.442 ,130,835.1 
106.445 ,131,830.0 
106.448 ,132,832.2 
106.452 ,133,835.4 
106.455 ,134,834.9 
106.458 ,135,834.6 
106.462 ,136,841.1 
106.465 ,137,844.4 
106.468 ,138,839.4 
106.472 ,139,834.2 
106.475 ,140,832.6 
106.478 ,141,831.7 
106.482 ,142,833.3 
106.485 ,143,834.7 
106.488 ,144,834.5 
106.492 ,145,835.0 
106.495 ,146,832.9 
106.498 ,147,833.3 
106.502 ,148,838.6 
106.505 ,149,836.6 
106.508 ,150,833.0 
106.512 ,151,835.7 
106.515 ,152,835.7 
106.518 ,153,834.6 
106.522 ,154,838.8 
106.525 ,155,836.7 
106.528 ,156,837.9 
106.532 ,157,835.9 
106.535 ,158,837.5 
106.538 ,159,837.0 
106.542 ,160,839.1 
106.545 ,161,840.5 
106.548 ,162,841.3 
106.552 ,163,843.0 
106.555 ,164,842.7 
106.558 ,165,840.5 
106.562 ,166,838.7 
106.565 ,167,843.0 
106.568 ,168,846.4 
106.572 ,169,844.6 
106.575 ,170,845.7 
106.578 ,171,841.3 
106.582 ,172,841.6 
106.585 ,173,843.8 
106.588 ,174,840.5 
106.592 ,175,837.6 
106.595 ,176,840.5 
106.598 ,177,840.1 
106.602 ,178,841.4 
106.605 ,179,842.5 
106.608 ,180,838.1 
106.612 ,181,837.9 
106.615 ,182,835.1 
106.618 ,183,837.5 
106.622 ,184,835.1 
106.625 ,185,837.4 
106.628 ,186,836.4 
106.632 ,187,838.8 
106.635 ,188,836.7 
106.638 ,189,837.0 
106.642 ,190,838.5 
106.645 ,191,839.4 
106.648 ,192,841.5 
106.652 ,193,848.2 
106.655 ,194,846.4 
106.658 ,195,845.7 
106.662 ,196,843.9 
106.665 ,197,840.3 
106.668 ,198,843.7 
106.672 ,199,842.9 
106.675 ,200,842.7 
106.678 ,201,841.5 
106.682 ,202,839.7 
106.685 ,203,836.8 
106.688 ,204,835.2 
106.692 ,205,837.9 
106.695 ,206,834.4 
106.698 ,207,838.6 
106.702 ,208,839.1 
106.705 ,209,845.0 
106.708 ,210,847.5 
106.712 ,211,842.9 
106.715 ,212,845.0 
106.718 ,213,843.8 
106.722 ,214,844.6 
106.725 ,215,846.5 
106.728 ,216,848.1 
106.732 ,217,843.7 
106.735 ,218,839.9 
106.738 ,219,839.1 
106.742 ,220,837.9 
106.745 ,221,841.5 
106.748 ,222,847.4 
106.752 ,223,846.6 
106.755 ,224,850.0 
106.758 ,225,848.5 
106.762 ,226,850.4 
106.765 ,227,846.1 
106.768 ,228,843.0 
106.772 ,229,840.1 
106.775 ,230,842.0 
106.778 ,231,846.5 
106.782 ,232,849.0 
106.785 ,233,853.9 
106.788 ,234,849.3 
106.792 ,235,850.2 
106.795 ,236,845.8 
106.798 ,237,846.2 
106.802 ,238,847.5 
106.805 ,239,845.5 
106.808 ,240,848.0 
106.812 ,241,846.0 
106.815 ,242,844.5 
106.818 ,243,841.0 
106.822 ,244,839.9 
106.825 ,245,842.0 
106.828 ,246,851.9 
106.832 ,247,849.6 
106.835 ,248,851.8 
106.838 ,249,848.3 
106.842 ,250,847.5 
106.845 ,251,848.7 
106.848 ,252,847.0 
106.852 ,253,847.7 
106.855 ,254,846.5 
106.858 ,255,846.0 
106.862 ,256,845.6 
106.865 ,257,844.3 
106.868 ,258,847.8 
106.872 ,259,851.2 
106.875 ,260,851.5 
106.878 ,261,849.3 
106.882 ,262,842.0 
106.885 ,263,843.7 
106.888 ,264,838.9 
106.892 ,265,836.7 
106.895 ,266,834.9 
,,
106.940 ,10,835.3 
106.943 ,11,833.3 
106.947 ,12,827.4 
106.950 ,13,827.2 
106.953 ,14,827.7 
106.957 ,15,833.3 
106.960 ,16,833.4 
106.963 ,17,842.1 
106.967 ,18,841.5 
106.970 ,19,842.5 
106.973 ,20,848.5 
106.977 ,21,844.6 
106.980 ,22,847.4 
106.983 ,23,848.5 
106.987 ,24,846.8 
106.990 ,25,845.2 
106.993 ,26,843.6 
106.997 ,27,844.0 
107.000 ,28,843.0 
107.003 ,29,847.4 
107.007 ,30,846.7 
107.010 ,31,845.2 
107.013 ,32,844.8 
107.017 ,33,844.6 
107.020 ,34,844.0 
107.023 ,35,844.9 
107.027 ,36,846.8 
107.030 ,37,845.8 
107.033 ,38,841.8 
107.037 ,39,842.2 
107.040 ,40,838.6 
107.043 ,41,843.4 
107.047 ,42,846.0 
107.050 ,43,846.6 
107.053 ,44,849.0 
107.057 ,45,848.7 
107.060 ,46,846.9 
107.063 ,47,848.7 
107.067 ,48,848.8 
107.070 ,49,848.7 
107.073 ,50,849.0 
107.077 ,51,844.5 
107.080 ,52,842.6 
107.083 ,53,837.3 
107.087 ,54,839.3 
107.090 ,55,839.2 
107.093 ,56,836.9 
107.097 ,57,834.9 
107.100 ,58,835.4 
107.103 ,59,838.3 
107.107 ,60,840.2 
107.110 ,61,844.9 
107.113 ,62,847.5 
107.117 ,63,847.8 
107.120 ,64,847.8 
107.123 ,65,845.8 
107.127 ,66,848.4 
107.130 ,67,847.8 
107.133 ,68,848.4 
107.137 ,69,845.6 
107.140 ,70,847.2 
107.143 ,71,844.3 
107.147 ,72,847.3 
107.150 ,73,848.6 
107.153 ,74,844.3 
107.157 ,75,843.4 
107.160 ,76,845.3 
107.163 ,77,846.5 
107.167 ,78,846.3 
107.170 ,79,845.9 
107.173 ,80,847.8 
107.177 ,81,848.5 
107.180 ,82,847.5 
107.183 ,83,848.1 
107.187 ,84,845.6 
107.190 ,85,843.9 
107.193 ,86,844.0 
107.197 ,87,844.3 
107.200 ,88,843.8 
107.203 ,89,841.8 
107.207 ,90,841.6 
107.210 ,91,839.3 
107.213 ,92,838.6 
107.217 ,93,841.3 
107.220 ,94,843.7 
107.223 ,95,842.0 
107.227 ,96,843.7 
107.230 ,97,843.8 
107.233 ,98,845.8 
107.237 ,99,844.0 
107.240 ,100,842.6 
107.243 ,101,842.4 
107.247 ,102,842.7 
107.250 ,103,839.4 
107.253 ,104,838.9 
107.257 ,105,837.4 
107.260 ,106,840.4 
107.263 ,107,841.3 
107.267 ,108,842.1 
107.270 ,109,845.9 
107.273 ,110,846.8 
107.277 ,111,843.1 
107.280 ,112,843.8 
107.283 ,113,844.1 
107.287 ,114,842.6 
107.290 ,115,843.4 
107.293 ,116,843.3 
107.297 ,117,845.2 
107.300 ,118,844.8 
107.303 ,119,845.2 
107.307 ,120,846.6 
107.310 ,121,847.4 
107.313 ,122,843.8 
107.317 ,123,840.4 
107.320 ,124,840.6 
107.323 ,125,844.8 
107.327 ,126,847.0 
107.330 ,127,844.7 
107.333 ,128,846.9 
107.337 ,129,847.8 
107.340 ,130,847.4 
107.343 ,131,845.5 
107.347 ,132,845.8 
107.350 ,133,843.6 
107.353 ,134,846.8 
107.357 ,135,843.1 
107.360 ,136,842.5 
107.363 ,137,843.0 
107.367 ,138,840.6 
107.370 ,139,842.3 
107.373 ,140,838.9 
107.377 ,141,840.6 
107.380 ,142,845.0 
107.383 ,143,841.4 
107.387 ,144,845.5 
107.390 ,145,844.1 
107.393 ,146,844.6 
107.397 ,147,841.3 
107.400 ,148,842.2 
107.403 ,149,844.4 
107.407 ,150,844.6 
107.410 ,151,840.8 
,,
107.432 ,160,839.1 
107.435 ,161,838.8 
107.439 ,162,840.4 
107.442 ,163,840.1 
107.445 ,164,839.7 
107.449 ,165,839.7 
107.452 ,166,844.7 
107.455 ,167,843.8 
107.459 ,168,847.2 
107.462 ,169,847.8 
107.465 ,170,849.9 
107.469 ,171,845.0 
107.472 ,172,846.2 
107.475 ,173,843.7 
107.479 ,174,844.6 
107.482 ,175,846.2 
107.485 ,176,844.7 
107.489 ,177,842.0 
107.492 ,178,844.9 
107.495 ,179,846.6 
107.499 ,180,841.3 
107.502 ,181,837.9 
107.505 ,182,842.5 
107.509 ,183,844.1 
107.512 ,184,843.8 
107.515 ,185,846.0 
107.519 ,186,845.7 
107.522 ,187,846.1 
107.525 ,188,848.8 
107.529 ,189,849.9 
107.532 ,190,852.9 
107.535 ,191,847.3 
107.539 ,192,848.1 
107.542 ,193,847.3 
107.545 ,194,846.5 
107.549 ,195,845.5 
107.552 ,196,847.4 
107.555 ,197,849.9 
107.559 ,198,847.2 
107.562 ,199,842.6 
107.565 ,200,842.9 
107.569 ,201,841.3 
107.572 ,202,846.5 
107.575 ,203,841.1 
107.579 ,204,846.2 
107.582 ,205,849.5 
107.585 ,206,848.0 
107.589 ,207,850.6 
107.592 ,208,851.2 
107.595 ,209,850.3 
107.599 ,210,853.6 
107.602 ,211,846.2 
107.605 ,212,845.2 
107.609 ,213,843.7 
107.612 ,214,840.6 
107.615 ,215,846.9 
107.619 ,216,841.8 
107.622 ,217,842.4 
107.625 ,218,842.1 
107.629 ,219,842.1 
107.632 ,220,843.3 
107.635 ,221,843.4 
107.639 ,222,846.1 
107.642 ,223,849.0 
107.645 ,224,850.2 
107.649 ,225,843.2 
107.652 ,226,839.4 
107.655 ,227,834.4 
107.659 ,228,835.7 
107.662 ,229,843.1 
107.665 ,230,845.3 
107.669 ,231,841.8 
107.672 ,232,844.3 
107.675 ,233,846.1 
107.679 ,234,843.6 
,,
107.711 ,7,842.7 
107.715 ,8,844.2 
107.718 ,9,844.2 
107.721 ,10,842.7 
107.725 ,11,844.2 
107.728 ,12,845.1 
107.731 ,13,845.5 
107.735 ,14,844.3 
107.738 ,15,842.2 
107.741 ,16,845.5 
107.745 ,17,840.0 
107.748 ,18,844.7 
107.751 ,19,842.4 
107.755 ,20,835.5 
107.758 ,21,840.0 
107.761 ,22,840.0 
107.765 ,23,843.9 
107.768 ,24,841.4 
107.771 ,25,840.6 
107.775 ,26,844.7 
107.778 ,27,841.4 
107.781 ,28,844.3 
107.785 ,29,845.2 
107.788 ,30,847.4 
107.791 ,31,849.9 
107.795 ,32,850.2 
107.798 ,33,856.4 
107.801 ,34,849.4 
107.805 ,35,838.3 
107.808 ,36,847.4 
107.811 ,37,851.9 
107.815 ,38,851.5 
107.818 ,39,847.4 
107.821 ,40,845.5 
107.825 ,41,845.2 
107.828 ,42,844.2 
107.831 ,43,840.9 
107.835 ,44,846.7 
107.838 ,45,846.4 
107.841 ,46,847.7 
107.845 ,47,849.7 
107.848 ,48,852.1 
107.851 ,49,850.6 
107.855 ,50,842.2 
107.858 ,51,839.4 
107.861 ,52,840.2 
107.865 ,53,840.7 
107.868 ,54,840.5 
107.871 ,55,842.2 
107.875 ,56,847.7 
107.878 ,57,848.0 
107.881 ,58,845.0 
107.885 ,59,844.4 
107.888 ,60,846.0 
107.891 ,61,843.2 
107.895 ,62,843.1 
107.898 ,63,840.9 
107.901 ,64,838.5 
107.905 ,65,836.0 
107.908 ,66,833.9 
107.911 ,67,837.9 
107.915 ,68,841.9 
107.918 ,69,838.8 
107.921 ,70,837.4 
107.925 ,71,839.5 
107.928 ,72,836.7 
107.931 ,73,837.0 
107.935 ,74,838.0 
107.938 ,75,840.6 
107.941 ,76,842.4 
107.945 ,77,842.4 
107.948 ,78,846.1 
107.951 ,79,840.5 
107.955 ,80,839.7 
107.958 ,81,844.1 
107.961 ,82,842.3 
107.965 ,83,838.0 
107.968 ,84,849.3 
107.971 ,85,847.1 
107.975 ,86,843.9 
107.978 ,87,840.6 
107.981 ,88,839.2 
107.985 ,89,837.3 
107.988 ,90,837.9 
107.991 ,91,838.1 
107.995 ,92,841.1 
107.998 ,93,845.1 
108.001 ,94,850.2 
108.005 ,95,849.2 
108.008 ,96,848.1 
108.011 ,97,847.8 
108.015 ,98,849.0 
108.018 ,99,844.4 
108.021 ,100,842.3 
108.025 ,101,837.6 
108.028 ,102,836.3 
108.031 ,103,831.4 
108.035 ,104,835.9 
108.038 ,105,833.9 
108.041 ,106,839.7 
108.045 ,107,836.3 
108.048 ,108,837.6 
108.051 ,109,837.2 
108.055 ,110,838.5 
108.058 ,111,836.3 
108.061 ,112,840.3 
108.065 ,113,838.8 
108.068 ,114,837.6 
108.071 ,115,841.5 
108.075 ,116,843.8 
108.078 ,117,848.2 
108.081 ,118,847.4 
108.085 ,119,848.2 
108.088 ,120,849.0 
108.091 ,121,846.1 
108.095 ,122,849.9 
108.098 ,123,844.3 
108.101 ,124,844.3 
108.105 ,125,844.7 
108.108 ,126,845.0 
108.111 ,127,845.4 
108.115 ,128,847.3 
108.118 ,129,845.0 
108.121 ,130,845.0 
108.125 ,131,847.1 
108.128 ,132,846.2 
108.131 ,133,845.7 
108.135 ,134,845.1 
108.138 ,135,847.3 
108.141 ,136,849.0 
108.145 ,137,848.9 
108.148 ,138,847.8 
108.151 ,139,846.2 
108.155 ,140,850.2 
108.158 ,141,850.2 
108.161 ,142,853.7 
108.165 ,143,851.8 
108.168 ,144,846.2 
108.171 ,145,840.6 
108.175 ,146,839.2 
108.178 ,147,837.2 
108.181 ,148,836.2 
,,
108.207 ,156,845.2 
108.210 ,157,848.6 
108.213 ,158,847.1 
108.217 ,159,847.3 
108.220 ,160,845.9 
108.223 ,161,847.8 
108.227 ,162,849.7 
108.230 ,163,849.9 
108.233 ,164,851.2 
108.237 ,165,850.2 
108.240 ,166,849.9 
108.243 ,167,848.4 
108.247 ,168,849.0 
108.250 ,169,851.5 
108.253 ,170,846.8 
108.257 ,171,849.0 
108.260 ,172,848.7 
108.263 ,173,848.1 
108.267 ,174,847.8 
108.270 ,175,851.6 
108.273 ,176,849.9 
108.277 ,177,851.5 
108.280 ,178,852.7 
108.283 ,179,851.1 
108.287 ,180,854.4 
108.290 ,181,852.2 
108.293 ,182,847.5 
108.297 ,183,847.6 
108.300 ,184,848.5 
108.303 ,185,849.7 
108.307 ,186,845.4 
108.310 ,187,846.4 
108.313 ,188,843.5 
108.317 ,189,848.8 
108.320 ,190,844.3 
108.323 ,191,845.6 
108.327 ,192,844.6 
108.330 ,193,845.7 
108.333 ,194,843.1 
108.337 ,195,844.3 
108.340 ,196,845.2 
108.343 ,197,842.5 
108.347 ,198,845.6 
108.350 ,199,850.7 
108.353 ,200,858.7 
108.357 ,201,848.3 
108.360 ,202,842.2 
108.363 ,203,841.1 
108.367 ,204,845.5 
108.370 ,205,847.9 
108.373 ,206,849.7 
108.377 ,207,848.7 
108.380 ,208,847.7 
108.383 ,209,845.8 
108.387 ,210,849.2 
108.390 ,211,849.7 
108.393 ,212,848.7 
108.397 ,213,850.0 
108.400 ,214,846.4 
108.403 ,215,848.6 
108.407 ,216,851.1 
108.410 ,217,850.8 
108.413 ,218,849.0 
108.417 ,219,847.5 
108.420 ,220,849.9 
108.423 ,221,849.6 
108.427 ,222,849.8 
108.430 ,223,851.7 
108.433 ,224,851.9 
108.437 ,225,848.3 
108.440 ,226,851.2 
108.443 ,227,851.1 
108.447 ,228,849.5 
108.450 ,229,848.7 
108.453 ,230,850.2 
108.457 ,231,848.4 
108.460 ,232,850.3 
108.463 ,233,843.5 
108.467 ,234,846.2 
108.470 ,235,845.6 
108.473 ,236,846.8 
108.477 ,237,844.3 
108.480 ,238,841.2 
108.483 ,239,842.2 
108.487 ,240,841.6 
108.490 ,241,842.9 
108.493 ,242,850.4 
108.497 ,243,849.1 
108.500 ,244,851.2 
108.503 ,245,849.3 
108.507 ,246,850.1 
108.510 ,247,849.6 
108.513 ,248,850.7 
108.517 ,249,850.8 
108.520 ,250,851.6 
108.523 ,251,848.0 
108.527 ,252,850.8 
108.530 ,253,854.3 
108.533 ,254,853.1 
108.537 ,255,856.1 
108.540 ,256,855.7 
108.543 ,257,849.9 
108.547 ,258,851.1 
108.550 ,259,851.5 
108.553 ,260,855.5 
108.557 ,261,855.2 
108.560 ,262,855.8 
108.563 ,263,855.4 
108.567 ,264,854.4 
108.570 ,265,854.3 
108.573 ,266,853.6 
108.577 ,267,848.3 
108.580 ,268,845.2 
108.583 ,269,847.5 
108.587 ,270,844.5 
108.590 ,271,844.6 
108.593 ,272,844.7 
108.597 ,273,844.8 
108.600 ,274,845.2 
108.603 ,275,844.2 
108.607 ,276,845.9 
108.610 ,277,845.0 
,,
108.641 ,10,847.4 
108.644 ,11,846.1 
108.648 ,12,846.8 
108.651 ,13,846.1 
108.654 ,14,849.2 
108.658 ,15,849.3 
108.661 ,16,851.6 
108.664 ,17,852.7 
108.668 ,18,853.2 
108.671 ,19,855.6 
108.674 ,20,852.9 
108.678 ,21,855.7 
108.681 ,22,856.1 
108.684 ,23,852.5 
108.688 ,24,856.8 
108.691 ,25,857.5 
108.694 ,26,853.2 
108.698 ,27,854.9 
108.701 ,28,855.0 
108.704 ,29,853.8 
108.708 ,30,850.0 
108.711 ,31,851.1 
108.714 ,32,847.7 
108.718 ,33,848.4 
108.721 ,34,847.4 
108.724 ,35,843.5 
108.728 ,36,847.7 
108.731 ,37,849.6 
108.734 ,38,848.0 
108.738 ,39,849.1 
108.741 ,40,842.5 
108.744 ,41,838.8 
108.748 ,42,835.0 
108.751 ,43,837.0 
108.754 ,44,838.2 
108.758 ,45,836.0 
108.761 ,46,837.8 
108.764 ,47,835.1 
108.768 ,48,835.3 
108.771 ,49,837.8 
108.774 ,50,836.6 
108.778 ,51,844.5 
108.781 ,52,843.1 
108.784 ,53,843.1 
108.788 ,54,845.7 
108.791 ,55,849.6 
108.794 ,56,845.8 
108.798 ,57,847.5 
108.801 ,58,849.9 
108.804 ,59,842.7 
108.808 ,60,841.5 
108.811 ,61,838.8 
108.814 ,62,840.1 
108.818 ,63,842.8 
108.821 ,64,841.4 
108.824 ,65,843.6 
108.828 ,66,844.8 
108.831 ,67,844.0 
108.834 ,68,839.0 
108.838 ,69,847.9 
108.841 ,70,847.4 
108.844 ,71,851.7 
108.848 ,72,846.0 
108.851 ,73,850.7 
108.854 ,74,849.6 
108.858 ,75,850.4 
108.861 ,76,852.1 
108.864 ,77,849.0 
108.868 ,78,850.8 
108.871 ,79,848.8 
108.874 ,80,848.4 
108.878 ,81,849.6 
108.881 ,82,844.6 
108.884 ,83,849.3 
108.888 ,84,848.4 
108.891 ,85,847.7 
108.894 ,86,849.0 
108.898 ,87,844.5 
108.901 ,88,844.1 
108.904 ,89,844.7 
108.908 ,90,845.6 
108.911 ,91,845.5 
108.914 ,92,842.1 
108.918 ,93,845.9 
108.921 ,94,847.9 
108.924 ,95,848.7 
108.928 ,96,847.7 
108.931 ,97,851.1 
108.934 ,98,850.6 
108.938 ,99,851.4 
108.941 ,100,851.1 
108.944 ,101,849.5 
108.948 ,102,849.7 
108.951 ,103,848.7 
108.954 ,104,844.9 
108.958 ,105,840.0 
108.961 ,106,840.7 
108.964 ,107,840.5 
108.968 ,108,840.3 
108.971 ,109,844.4 
108.974 ,110,844.5 
108.978 ,111,843.6 
108.981 ,112,845.4 
108.984 ,113,843.0 
108.988 ,114,842.6 
108.991 ,115,842.1 
108.994 ,116,840.9 
108.998 ,117,843.4 
109.001 ,118,842.5 
109.004 ,119,842.5 
109.008 ,120,844.2 
109.011 ,121,847.5 
109.014 ,122,844.5 
109.018 ,123,847.6 
109.021 ,124,845.6 
109.024 ,125,848.4 
109.028 ,126,846.6 
109.031 ,127,848.3 
109.034 ,128,842.7 
109.038 ,129,846.4 
109.041 ,130,846.4 
109.044 ,131,847.3 
109.048 ,132,849.0 
109.051 ,133,851.5 
109.054 ,134,846.8 
109.058 ,135,848.9 
109.061 ,136,848.9 
109.064 ,137,851.5 
109.068 ,138,852.2 
109.071 ,139,849.9 
109.074 ,140,853.1 
109.078 ,141,850.4 
109.081 ,142,850.9 
109.084 ,143,852.0 
109.088 ,144,852.4 
109.091 ,145,849.1 
109.094 ,146,852.0 
109.098 ,147,850.0 
109.101 ,148,850.2 
109.104 ,149,848.2 
109.108 ,150,849.0 
109.111 ,151,847.1 
,,
109.135 ,159,850.7 
109.138 ,160,854.0 
109.142 ,161,854.4 
109.145 ,162,852.1 
109.148 ,163,854.5 
109.152 ,164,850.7 
109.155 ,165,851.5 
109.158 ,166,850.2 
109.162 ,167,850.1 
109.165 ,168,849.0 
109.168 ,169,849.0 
109.172 ,170,845.4 
109.175 ,171,843.9 
109.178 ,172,846.8 
109.182 ,173,846.2 
109.185 ,174,847.7 
109.188 ,175,847.3 
109.192 ,176,846.5 
109.195 ,177,844.7 
109.198 ,178,845.9 
109.202 ,179,849.9 
109.205 ,180,849.9 
109.208 ,181,851.0 
109.212 ,182,848.6 
109.215 ,183,849.6 
109.218 ,184,846.9 
109.222 ,185,849.5 
109.225 ,186,846.1 
109.228 ,187,847.1 
109.232 ,188,846.1 
109.235 ,189,842.3 
109.238 ,190,846.1 
109.242 ,191,847.6 
109.245 ,192,849.0 
109.248 ,193,850.2 
109.252 ,194,850.1 
109.255 ,195,848.2 
109.258 ,196,849.8 
109.262 ,197,849.4 
109.265 ,198,849.4 
109.268 ,199,846.9 
109.272 ,200,847.5 
109.275 ,201,845.0 
109.278 ,202,845.6 
109.282 ,203,846.1 
109.285 ,204,847.8 
109.288 ,205,842.7 
109.292 ,206,845.8 
109.295 ,207,844.9 
109.298 ,208,843.7 
109.302 ,209,845.2 
109.305 ,210,848.5 
109.308 ,211,849.4 
109.312 ,212,843.8 
109.315 ,213,846.2 
109.318 ,214,844.7 
109.322 ,215,844.4 
109.325 ,216,843.9 
109.328 ,217,847.2 
109.332 ,218,850.7 
109.335 ,219,850.4 
109.338 ,220,847.6 
109.342 ,221,848.3 
109.345 ,222,848.5 
109.348 ,223,850.2 
109.352 ,224,849.9 
109.355 ,225,854.8 
109.358 ,226,853.0 
109.362 ,227,852.7 
109.365 ,228,851.5 
109.368 ,229,853.1 
109.372 ,230,850.8 
109.375 ,231,849.4 
109.378 ,232,850.2 
109.382 ,233,849.4 
109.385 ,234,848.0 
109.388 ,235,848.7 
109.392 ,236,848.4 
109.395 ,237,848.1 
109.398 ,238,850.3 
109.402 ,239,850.3 
109.405 ,240,847.4 
109.408 ,241,847.1 
109.412 ,242,847.3 
109.415 ,243,850.4 
,,
109.443 ,9,844.2 
109.447 ,10,846.7 
109.450 ,11,849.9 
109.453 ,12,847.7 
109.457 ,13,853.5 
109.460 ,14,853.0 
109.463 ,15,853.6 
109.467 ,16,856.9 
109.470 ,17,854.6 
109.473 ,18,852.9 
109.477 ,19,853.3 
109.480 ,20,853.9 
109.483 ,21,853.3 
109.487 ,22,851.1 
109.490 ,23,852.8 
109.493 ,24,850.5 
109.497 ,25,850.1 
109.500 ,26,847.2 
109.503 ,27,844.4 
109.507 ,28,848.6 
109.510 ,29,851.2 
109.513 ,30,853.2 
109.517 ,31,852.0 
109.520 ,32,856.8 
109.523 ,33,855.2 
109.527 ,34,854.3 
109.530 ,35,856.8 
109.533 ,36,856.1 
109.537 ,37,853.5 
109.540 ,38,853.4 
109.543 ,39,852.4 
109.547 ,40,851.5 
109.550 ,41,849.2 
109.553 ,42,847.8 
109.557 ,43,849.4 
109.560 ,44,848.0 
109.563 ,45,850.1 
109.567 ,46,851.2 
109.570 ,47,850.0 
109.573 ,48,848.9 
109.577 ,49,848.2 
109.580 ,50,850.4 
109.583 ,51,847.7 
109.587 ,52,847.2 
109.590 ,53,849.6 
109.593 ,54,849.5 
109.597 ,55,852.2 
109.600 ,56,852.9 
109.603 ,57,850.9 
109.607 ,58,851.5 
109.610 ,59,852.4 
109.613 ,60,851.8 
109.617 ,61,849.2 
109.620 ,62,846.7 
109.623 ,63,845.7 
109.627 ,64,845.7 
109.630 ,65,842.6 
109.633 ,66,842.4 
109.637 ,67,842.4 
109.640 ,68,844.3 
109.643 ,69,849.6 
109.647 ,70,851.9 
109.650 ,71,850.4 
109.653 ,72,848.9 
109.657 ,73,850.2 
109.660 ,74,849.9 
109.663 ,75,849.7 
109.667 ,76,846.5 
109.670 ,77,847.8 
109.673 ,78,848.6 
109.677 ,79,847.8 
109.680 ,80,847.2 
109.683 ,81,846.9 
109.687 ,82,851.9 
109.690 ,83,850.7 
109.693 ,84,851.3 
109.697 ,85,854.1 
109.700 ,86,853.6 
109.703 ,87,849.9 
109.707 ,88,849.9 
109.710 ,89,850.2 
109.713 ,90,850.6 
109.717 ,91,850.2 
109.720 ,92,853.3 
109.723 ,93,845.0 
109.727 ,94,840.9 
109.730 ,95,843.6 
109.733 ,96,845.6 
109.737 ,97,847.1 
109.740 ,98,847.9 
109.743 ,99,845.1 
109.747 ,100,844.4 
109.750 ,101,846.7 
109.753 ,102,848.7 
109.757 ,103,844.7 
109.760 ,104,852.2 
109.763 ,105,850.8 
109.767 ,106,852.0 
109.770 ,107,848.4 
109.773 ,108,848.7 
109.777 ,109,850.9 
109.780 ,110,852.0 
109.783 ,111,850.2 
109.787 ,112,847.9 
109.790 ,113,845.6 
109.793 ,114,851.2 
109.797 ,115,845.9 
109.800 ,116,845.2 
109.803 ,117,846.7 
109.807 ,118,846.4 
109.810 ,119,847.6 
109.813 ,120,847.2 
109.817 ,121,850.7 
109.820 ,122,851.1 
109.823 ,123,846.7 
109.827 ,124,846.3 
109.830 ,125,851.1 
109.833 ,126,849.3 
109.837 ,127,849.7 
109.840 ,128,850.2 
109.843 ,129,851.6 
109.847 ,130,848.0 
109.850 ,131,852.7 
109.853 ,132,847.8 
109.857 ,133,848.4 
109.860 ,134,849.4 
109.863 ,135,847.9 
109.867 ,136,843.4 
109.870 ,137,840.9 
109.873 ,138,840.5 
109.877 ,139,840.7 
109.880 ,140,840.2 
109.883 ,141,841.1 
109.887 ,142,850.4 
109.890 ,143,854.8 
109.893 ,144,855.4 
109.897 ,145,852.1 
109.900 ,146,854.9 
109.903 ,147,854.6 
109.907 ,148,853.6 
109.910 ,149,851.6 
109.913 ,150,842.5 
,,
109.943 ,7,843.1 
109.947 ,8,839.0 
109.950 ,9,842.7 
109.953 ,10,838.1 
109.957 ,11,838.4 
109.960 ,12,836.8 
109.963 ,13,836.4 
109.967 ,14,839.4 
109.970 ,15,838.4 
109.973 ,16,833.2 
109.977 ,17,838.5 
109.980 ,18,845.1 
109.983 ,19,842.7 
109.987 ,20,841.7 
109.990 ,21,838.6 
109.993 ,22,840.2 
109.997 ,23,839.4 
110.000 ,24,841.0 
110.003 ,25,839.2 
110.007 ,26,846.1 
110.010 ,27,844.9 
110.013 ,28,843.4 
110.017 ,29,844.7 
110.020 ,30,844.8 
110.023 ,31,844.6 
110.027 ,32,845.4 
110.030 ,33,844.6 
110.033 ,34,845.6 
110.037 ,35,844.6 
110.040 ,36,846.1 
110.043 ,37,844.7 
110.047 ,38,845.4 
110.050 ,39,846.2 
110.053 ,40,848.1 
110.057 ,41,842.6 
110.060 ,42,846.2 
110.063 ,43,845.1 
110.067 ,44,848.8 
110.070 ,45,847.8 
110.073 ,46,845.9 
110.077 ,47,845.2 
110.080 ,48,849.0 
110.083 ,49,849.2 
110.087 ,50,850.4 
110.090 ,51,846.8 
110.093 ,52,845.7 
110.097 ,53,847.4 
110.100 ,54,845.9 
110.103 ,55,847.5 
110.107 ,56,849.4 
110.110 ,57,848.2 
110.113 ,58,848.6 
110.117 ,59,850.3 
110.120 ,60,849.0 
110.123 ,61,846.5 
110.127 ,62,844.4 
110.130 ,63,849.0 
110.133 ,64,850.2 
110.137 ,65,847.9 
110.140 ,66,851.1 
110.143 ,67,848.4 
110.147 ,68,851.1 
110.150 ,69,851.2 
110.153 ,70,846.9 
110.157 ,71,848.7 
110.160 ,72,848.4 
110.163 ,73,852.4 
110.167 ,74,847.4 
110.170 ,75,845.9 
110.173 ,76,843.1 
110.177 ,77,845.7 
110.180 ,78,840.9 
110.183 ,79,838.9 
110.187 ,80,842.9 
110.190 ,81,841.0 
110.193 ,82,842.2 
110.197 ,83,838.5 
110.200 ,84,841.1 
110.203 ,85,840.2 
110.207 ,86,837.7 
110.210 ,87,840.3 
110.213 ,88,841.5 
110.217 ,89,841.9 
110.220 ,90,842.1 
110.223 ,91,842.7 
110.227 ,92,840.2 
110.230 ,93,845.6 
110.233 ,94,845.6 
110.237 ,95,845.9 
110.240 ,96,849.1 
110.243 ,97,849.5 
110.247 ,98,849.8 
110.250 ,99,849.9 
110.253 ,100,850.2 
110.257 ,101,850.9 
110.260 ,102,847.9 
110.263 ,103,848.7 
110.267 ,104,845.6 
110.270 ,105,844.4 
110.273 ,106,845.9 
110.277 ,107,845.1 
110.280 ,108,847.3 
110.283 ,109,848.3 
110.287 ,110,848.3 
110.290 ,111,849.1 
110.293 ,112,847.4 
110.297 ,113,849.6 
110.300 ,114,849.7 
110.303 ,115,850.8 
,,
110.322 ,123,846.7 
110.325 ,124,848.0 
110.329 ,125,844.4 
110.332 ,126,842.4 
110.335 ,127,845.0 
110.339 ,128,845.6 
110.342 ,129,850.7 
110.345 ,130,845.9 
110.349 ,131,843.7 
110.352 ,132,845.9 
110.355 ,133,853.1 
110.359 ,134,854.3 
110.362 ,135,849.9 
110.365 ,136,847.2 
110.369 ,137,848.7 
110.372 ,138,846.5 
110.375 ,139,843.8 
110.379 ,140,841.1 
110.382 ,141,844.2 
110.385 ,142,844.8 
110.389 ,143,848.6 
110.392 ,144,848.2 
110.395 ,145,841.5 
110.399 ,146,841.7 
110.402 ,147,835.6 
110.405 ,148,836.0 
110.409 ,149,833.2 
,,
110.429 ,155,832.8 
110.432 ,156,837.1 
110.436 ,157,841.0 
110.439 ,158,840.6 
110.442 ,159,843.0 
110.446 ,160,842.3 
110.449 ,161,844.3 
110.452 ,162,843.5 
110.456 ,163,844.0 
110.459 ,164,845.9 
110.462 ,165,843.5 
110.466 ,166,847.0 
110.469 ,167,847.7 
110.472 ,168,848.8 
110.476 ,169,849.7 
110.479 ,170,849.7 
110.482 ,171,847.5 
110.486 ,172,850.6 
110.489 ,173,849.4 
110.492 ,174,851.5 
110.496 ,175,848.7 
110.499 ,176,851.1 
110.502 ,177,849.3 
110.506 ,178,851.0 
110.509 ,179,848.7 
110.512 ,180,849.0 
110.516 ,181,846.6 
110.519 ,182,847.8 
110.522 ,183,846.4 
110.526 ,184,845.9 
110.529 ,185,843.6 
110.532 ,186,843.8 
110.536 ,187,850.1 
110.539 ,188,854.4 
110.542 ,189,853.8 
110.546 ,190,855.3 
110.549 ,191,851.6 
110.552 ,192,850.7 
110.556 ,193,851.5 
110.559 ,194,849.7 
110.562 ,195,850.8 
110.566 ,196,848.5 
110.569 ,197,851.0 
110.572 ,198,851.4 
110.576 ,199,852.8 
110.579 ,200,849.0 
110.582 ,201,851.3 
110.586 ,202,850.7 
110.589 ,203,853.7 
110.592 ,204,851.9 
110.596 ,205,854.3 
110.599 ,206,851.2 
110.602 ,207,852.2 
110.606 ,208,851.0 
110.609 ,209,851.5 
110.612 ,210,853.5 
110.616 ,211,850.7 
110.619 ,212,851.5 
110.622 ,213,852.1 
110.626 ,214,853.4 
110.629 ,215,849.7 
110.632 ,216,848.7 
110.636 ,217,852.4 
110.639 ,218,849.8 
110.642 ,219,852.1 
110.646 ,220,851.0 
110.649 ,221,849.3 
110.652 ,222,851.8 
110.656 ,223,852.1 
110.659 ,224,849.9 
110.662 ,225,853.1 
110.666 ,226,849.0 
110.669 ,227,849.0 
110.672 ,228,852.3 
110.676 ,229,847.3 
110.679 ,230,845.9 
110.682 ,231,845.2 
110.686 ,232,848.7 
110.689 ,233,855.7 
110.692 ,234,852.7 
110.696 ,235,851.0 
110.699 ,236,850.4 
110.702 ,237,851.8 
110.706 ,238,850.6 
110.709 ,239,852.9 
110.712 ,240,851.6 
110.716 ,241,850.0 
110.719 ,242,853.7 
110.722 ,243,852.9 
110.726 ,244,848.5 
110.729 ,245,849.5 
110.732 ,246,853.0 
110.736 ,247,851.2 
110.739 ,248,849.9 
110.742 ,249,852.2 
110.746 ,250,852.7 
110.749 ,251,853.7 
110.752 ,252,853.5 
110.756 ,253,848.5 
110.759 ,254,849.5 
110.762 ,255,850.6 
110.766 ,256,849.0 
110.769 ,257,849.3 
110.772 ,258,854.0 
110.776 ,259,855.2 
110.779 ,260,851.1 
110.782 ,261,849.5 
110.786 ,262,853.1 
110.789 ,263,850.9 
110.792 ,264,850.6 
110.796 ,265,851.8 
110.799 ,266,851.8 
110.802 ,267,851.2 
110.806 ,268,853.9 
110.809 ,269,850.0 
110.812 ,270,852.8 
110.816 ,271,849.3 
110.819 ,272,850.7 
110.822 ,273,851.5 
110.826 ,274,851.8 
110.829 ,275,852.2 
110.832 ,276,849.0 
110.836 ,277,854.0 
110.839 ,278,858.9 
110.842 ,279,859.3 
110.846 ,280,861.4 
110.849 ,281,859.5 
110.852 ,282,857.2 
110.856 ,283,856.4 
110.859 ,284,853.2 
110.862 ,285,854.4 
110.866 ,286,850.7 
110.869 ,287,853.2 
110.872 ,288,849.0 
110.876 ,289,847.8 
110.879 ,290,847.2 
110.882 ,291,846.2 
110.886 ,292,843.9 
110.889 ,293,837.8 
110.892 ,294,838.6 
110.896 ,295,838.8 
110.899 ,296,837.9 
110.902 ,297,838.2 
110.906 ,298,843.5 
,,
110.989 ,26,854.4 
110.992 ,27,853.6 
110.996 ,28,853.6 
110.999 ,29,853.6 
111.002 ,30,856.1 
111.006 ,31,851.8 
111.009 ,32,856.2 
111.012 ,33,852.4 
111.016 ,34,853.2 
111.019 ,35,854.4 
111.022 ,36,855.6 
111.026 ,37,854.3 
111.029 ,38,855.2 
111.032 ,39,854.6 
111.036 ,40,852.4 
111.039 ,41,855.4 
111.042 ,42,855.0 
111.046 ,43,854.9 
111.049 ,44,855.7 
111.052 ,45,852.8 
111.056 ,46,851.1 
111.059 ,47,851.9 
111.062 ,48,855.8 
111.066 ,49,854.3 
111.069 ,50,855.5 
111.072 ,51,852.3 
111.076 ,52,853.3 
111.079 ,53,849.9 
111.082 ,54,849.4 
111.086 ,55,854.5 
111.089 ,56,853.1 
111.092 ,57,849.4 
111.096 ,58,847.7 
111.099 ,59,845.8 
111.102 ,60,846.2 
111.106 ,61,849.9 
111.109 ,62,852.4 
111.112 ,63,854.5 
111.116 ,64,856.8 
111.119 ,65,853.3 
111.122 ,66,854.6 
111.126 ,67,848.4 
111.129 ,68,850.3 
111.132 ,69,850.4 
111.136 ,70,849.4 
111.139 ,71,848.3 
111.142 ,72,851.8 
111.146 ,73,849.9 
111.149 ,74,849.4 
111.152 ,75,850.8 
111.156 ,76,850.1 
111.159 ,77,851.9 
111.162 ,78,852.7 
111.166 ,79,855.2 
111.169 ,80,857.7 
111.172 ,81,856.5 
,,
111.200 ,90,851.1 
111.203 ,91,851.8 
111.207 ,92,855.8 
111.210 ,93,854.8 
111.213 ,94,853.3 
111.217 ,95,854.8 
111.220 ,96,854.3 
111.223 ,97,855.2 
111.227 ,98,855.6 
111.230 ,99,851.6 
111.233 ,100,850.4 
111.237 ,101,849.6 
111.240 ,102,851.6 
111.243 ,103,853.7 
111.247 ,104,856.7 
111.250 ,105,855.3 
111.253 ,106,857.0 
111.257 ,107,854.8 
111.260 ,108,855.6 
111.263 ,109,853.3 
111.267 ,110,853.7 
111.270 ,111,851.8 
111.273 ,112,851.2 
111.277 ,113,855.2 
111.280 ,114,854.9 
111.283 ,115,852.7 
111.287 ,116,850.8 
111.290 ,117,850.9 
111.293 ,118,853.3 
111.297 ,119,852.0 
111.300 ,120,852.9 
111.303 ,121,852.9 
111.307 ,122,847.8 
111.310 ,123,849.7 
111.313 ,124,853.6 
111.317 ,125,855.4 
111.320 ,126,856.5 
111.323 ,127,857.8 
111.327 ,128,855.3 
111.330 ,129,854.4 
111.333 ,130,853.1 
111.337 ,131,851.9 
111.340 ,132,848.1 
111.343 ,133,848.5 
111.347 ,134,848.3 
111.350 ,135,850.8 
111.353 ,136,850.0 
111.357 ,137,852.1 
111.360 ,138,850.3 
111.363 ,139,853.3 
111.367 ,140,852.2 
111.370 ,141,857.3 
111.373 ,142,854.5 
111.377 ,143,854.4 
111.380 ,144,854.4 
111.383 ,145,854.8 
111.387 ,146,856.5 
111.390 ,147,852.2 
111.393 ,148,855.2 
111.397 ,149,851.6 
111.400 ,150,851.9 
111.403 ,151,852.4 
111.407 ,152,859.0 
111.410 ,153,860.3 
111.413 ,154,860.0 
111.417 ,155,858.4 
111.420 ,156,856.5 
111.423 ,157,855.8 
111.427 ,158,849.2 
,,
111.481 ,168,851.3 
111.484 ,169,850.6 
111.488 ,170,851.9 
111.491 ,171,854.4 
111.494 ,172,850.2 
111.498 ,173,853.2 
111.501 ,174,848.7 
111.504 ,175,849.1 
111.508 ,176,848.6 
111.511 ,177,850.7 
111.514 ,178,853.0 
111.518 ,179,855.8 
111.521 ,180,854.3 
111.524 ,181,853.6 
111.528 ,182,857.1 
111.531 ,183,851.8 
111.534 ,184,853.1 
111.538 ,185,854.5 
111.541 ,186,854.3 
111.544 ,187,855.8 
111.548 ,188,854.8 
111.551 ,189,849.9 
111.554 ,190,844.3 
111.558 ,191,845.3 
111.561 ,192,847.5 
111.564 ,193,851.2 
111.568 ,194,856.4 
111.571 ,195,855.6 
111.574 ,196,856.3 
111.578 ,197,853.9 
111.581 ,198,853.3 
111.584 ,199,856.1 
111.588 ,200,854.9 
111.591 ,201,854.9 
111.594 ,202,858.1 
111.598 ,203,855.1 
111.601 ,204,854.7 
111.604 ,205,855.3 
111.608 ,206,855.1 
111.611 ,207,851.1 
111.614 ,208,855.3 
111.618 ,209,854.3 
111.621 ,210,853.6 
111.624 ,211,855.8 
111.628 ,212,853.6 
111.631 ,213,858.1 
111.634 ,214,857.7 
111.638 ,215,854.6 
111.641 ,216,854.6 
111.644 ,217,853.2 
111.648 ,218,854.9 
111.651 ,219,851.8 
111.654 ,220,853.6 
111.658 ,221,849.7 
111.661 ,222,852.6 
111.664 ,223,851.1 
111.668 ,224,849.9 
111.671 ,225,847.7 
111.674 ,226,849.7 
111.678 ,227,849.3 
111.681 ,228,851.1 
111.684 ,229,850.7 
111.688 ,230,854.5 
111.691 ,231,853.9 
111.694 ,232,856.8 
111.698 ,233,854.3 
111.701 ,234,857.0 
111.704 ,235,855.2 
111.708 ,236,857.0 
111.711 ,237,855.7 
111.714 ,238,851.9 
111.718 ,239,856.5 
111.721 ,240,852.4 
111.724 ,241,850.8 
111.728 ,242,851.9 
111.731 ,243,852.1 
111.734 ,244,852.8 
111.738 ,245,851.4 
111.741 ,246,850.6 
111.744 ,247,851.2 
111.748 ,248,851.4 
111.751 ,249,847.7 
111.754 ,250,844.8 
111.758 ,251,848.1 
111.761 ,252,847.9 
111.764 ,253,849.9 
111.768 ,254,854.3 
111.771 ,255,856.5 
111.774 ,256,853.9 
111.778 ,257,850.9 
111.781 ,258,848.4 
111.784 ,259,848.6 
111.788 ,260,852.1 
111.791 ,261,850.8 
111.794 ,262,850.2 
111.798 ,263,850.6 
111.801 ,264,852.4 
111.804 ,265,852.0 
111.808 ,266,850.9 
111.811 ,267,850.2 
111.814 ,268,851.9 
111.818 ,269,851.2 
111.821 ,270,853.3 
111.824 ,271,854.8 
111.828 ,272,850.4 
111.831 ,273,858.3 
111.834 ,274,858.4 
111.838 ,275,859.2 
111.841 ,276,854.8 
111.844 ,277,856.5 
111.848 ,278,856.5 
111.851 ,279,857.0 
111.854 ,280,856.4 
111.858 ,281,856.8 
111.861 ,282,854.7 
111.864 ,283,857.8 
111.868 ,284,855.8 
111.871 ,285,857.8 
111.874 ,286,856.8 
111.878 ,287,855.6 
111.881 ,288,854.0 
111.884 ,289,851.1 
111.888 ,290,854.6 
111.891 ,291,855.9 
111.894 ,292,855.1 
111.898 ,293,856.8 
111.901 ,294,854.8 
111.904 ,295,857.7 
111.908 ,296,854.7 
111.911 ,297,854.9 
111.914 ,298,850.9 
111.918 ,299,852.7 
111.921 ,300,852.4 
111.924 ,301,854.8 
111.928 ,302,849.7 
111.931 ,303,855.2 
111.934 ,304,854.9 
111.938 ,305,856.9 
111.941 ,306,857.0 
111.944 ,307,857.5 
111.948 ,308,857.0 
111.951 ,309,854.5 
,,
111.980 ,10,855.5 
111.983 ,11,854.4 
111.987 ,12,856.1 
111.990 ,13,852.9 
111.993 ,14,854.3 
111.997 ,15,855.8 
112.000 ,16,854.4 
112.003 ,17,855.2 
112.007 ,18,852.4 
112.010 ,19,848.9 
112.013 ,20,850.4 
112.017 ,21,846.8 
112.020 ,22,847.7 
112.023 ,23,847.6 
112.027 ,24,850.8 
112.030 ,25,846.9 
112.033 ,26,848.7 
112.037 ,27,851.3 
112.040 ,28,857.2 
112.043 ,29,853.8 
112.047 ,30,857.5 
112.050 ,31,853.3 
112.053 ,32,854.6 
112.057 ,33,856.2 
112.060 ,34,855.8 
112.063 ,35,855.8 
112.067 ,36,856.1 
112.070 ,37,854.5 
112.073 ,38,855.6 
112.077 ,39,856.1 
112.080 ,40,851.6 
112.083 ,41,855.6 
112.087 ,42,852.1 
112.090 ,43,850.4 
112.093 ,44,849.4 
112.097 ,45,848.1 
112.100 ,46,850.8 
112.103 ,47,853.6 
112.107 ,48,854.4 
112.110 ,49,854.1 
112.113 ,50,854.4 
112.117 ,51,857.0 
112.120 ,52,855.1 
112.123 ,53,849.3 
112.127 ,54,850.2 
112.130 ,55,852.1 
112.133 ,56,851.6 
112.137 ,57,855.6 
112.140 ,58,854.5 
112.143 ,59,856.0 
112.147 ,60,857.3 
112.150 ,61,854.8 
112.153 ,62,853.5 
112.157 ,63,851.1 
112.160 ,64,848.2 
112.163 ,65,854.3 
112.167 ,66,855.4 
112.170 ,67,857.3 
112.173 ,68,855.8 
112.177 ,69,856.3 
112.180 ,70,856.1 
112.183 ,71,854.8 
112.187 ,72,853.8 
112.190 ,73,857.3 
112.193 ,74,854.8 
112.197 ,75,859.8 
112.200 ,76,859.8 
112.203 ,77,859.4 
112.207 ,78,852.8 
112.210 ,79,849.7 
112.213 ,80,848.9 
112.217 ,81,854.4 
112.220 ,82,854.5 
112.223 ,83,853.2 
112.227 ,84,848.5 
112.230 ,85,847.4 
112.233 ,86,850.0 
112.237 ,87,852.1 
112.240 ,88,850.2 
112.243 ,89,854.1 
112.247 ,90,852.1 
112.250 ,91,848.2 
112.253 ,92,853.9 
112.257 ,93,855.6 
112.260 ,94,856.6 
112.263 ,95,860.8 
112.267 ,96,854.8 
112.270 ,97,857.7 
112.273 ,98,857.5 
112.277 ,99,857.1 
112.280 ,100,857.2 
112.283 ,101,853.6 
112.287 ,102,856.1 
112.290 ,103,854.5 
112.293 ,104,856.3 
112.297 ,105,853.9 
112.300 ,106,856.1 
112.303 ,107,855.5 
,,
112.353 ,122,853.3 
112.357 ,123,854.0 
112.360 ,124,855.2 
112.363 ,125,859.1 
112.367 ,126,853.6 
112.370 ,127,854.4 
112.373 ,128,856.1 
112.377 ,129,855.5 
112.380 ,130,855.6 
112.383 ,131,855.1 
112.387 ,132,855.7 
112.390 ,133,854.6 
112.393 ,134,855.3 
112.397 ,135,856.1 
112.400 ,136,855.1 
112.403 ,137,850.6 
112.407 ,138,849.1 
112.410 ,139,851.8 
112.413 ,140,849.2 
112.417 ,141,848.4 
112.420 ,142,847.1 
112.423 ,143,847.2 
112.427 ,144,849.4 
112.430 ,145,854.0 
112.433 ,146,854.6 
112.437 ,147,853.3 
112.440 ,148,853.6 
112.443 ,149,851.4 
112.447 ,150,851.5 
112.450 ,151,853.6 
112.453 ,152,848.2 
112.457 ,153,848.7 
112.460 ,154,851.2 
112.463 ,155,851.9 
112.467 ,156,856.8 
112.470 ,157,855.7 
112.473 ,158,855.6 
112.477 ,159,854.7 
112.480 ,160,854.3 
112.483 ,161,858.4 
112.487 ,162,857.8 
112.490 ,163,855.3 
112.493 ,164,855.5 
112.497 ,165,855.8 
112.500 ,166,853.3 
112.503 ,167,854.0 
112.507 ,168,852.7 
112.510 ,169,852.1 
112.513 ,170,852.6 
112.517 ,171,854.5 
112.520 ,172,857.2 
112.523 ,173,854.9 
112.527 ,174,855.6 
112.530 ,175,854.8 
112.533 ,176,857.4 
112.537 ,177,856.8 
112.540 ,178,851.5 
112.543 ,179,849.4 
112.547 ,180,855.7 
112.550 ,181,857.7 
112.553 ,182,857.3 
112.557 ,183,857.5 
112.560 ,184,859.4 
112.563 ,185,855.4 
112.567 ,186,854.8 
112.570 ,187,854.9 
112.573 ,188,853.9 
112.577 ,189,857.6 
112.580 ,190,854.0 
112.583 ,191,853.1 
112.587 ,192,857.5 
112.590 ,193,854.6 
112.593 ,194,857.8 
112.597 ,195,854.5 
112.600 ,196,857.8 
112.603 ,197,854.8 
112.607 ,198,854.9 
112.610 ,199,856.5 
112.613 ,200,859.4 
112.617 ,201,858.2 
112.620 ,202,854.2 
112.623 ,203,858.0 
112.627 ,204,858.0 
112.630 ,205,859.8 
112.633 ,206,861.0 
112.637 ,207,861.0 
112.640 ,208,857.9 
112.643 ,209,860.4 
112.647 ,210,860.4 
112.650 ,211,856.8 
,,
112.686 ,10,852.9 
112.689 ,11,854.7 
112.693 ,12,857.3 
112.696 ,13,856.3 
112.699 ,14,856.2 
112.703 ,15,856.8 
112.706 ,16,858.5 
112.709 ,17,855.0 
112.713 ,18,856.0 
112.716 ,19,855.5 
112.719 ,20,854.9 
112.723 ,21,856.8 
112.726 ,22,857.3 
112.729 ,23,858.0 
112.733 ,24,857.0 
112.736 ,25,858.8 
112.739 ,26,856.1 
112.743 ,27,855.1 
112.746 ,28,858.3 
112.749 ,29,856.1 
112.753 ,30,858.6 
112.756 ,31,855.3 
112.759 ,32,854.6 
112.763 ,33,854.3 
112.766 ,34,849.9 
112.769 ,35,856.9 
112.773 ,36,861.2 
112.776 ,37,862.0 
112.779 ,38,861.3 
112.783 ,39,858.0 
112.786 ,40,854.5 
112.789 ,41,859.5 
112.793 ,42,853.6 
112.796 ,43,857.0 
112.799 ,44,858.3 
112.803 ,45,858.3 
112.806 ,46,853.8 
112.809 ,47,852.4 
112.813 ,48,849.0 
112.816 ,49,849.9 
112.819 ,50,851.9 
112.823 ,51,855.3 
112.826 ,52,854.0 
112.829 ,53,855.8 
112.833 ,54,856.4 
112.836 ,55,854.9 
112.839 ,56,854.8 
112.843 ,57,856.4 
112.846 ,58,855.3 
112.849 ,59,855.8 
112.853 ,60,852.8 
112.856 ,61,851.1 
112.859 ,62,851.1 
112.863 ,63,851.9 
112.866 ,64,850.0 
112.869 ,65,853.8 
112.873 ,66,855.2 
112.876 ,67,857.5 
112.879 ,68,854.7 
112.883 ,69,854.6 
112.886 ,70,853.3 
112.889 ,71,855.8 
112.893 ,72,856.1 
112.896 ,73,853.3 
112.899 ,74,853.6 
112.903 ,75,854.6 
112.906 ,76,855.2 
112.909 ,77,857.3 
112.913 ,78,854.6 
112.916 ,79,857.3 
112.919 ,80,861.3 
112.923 ,81,860.3 
112.926 ,82,861.5 
112.929 ,83,854.1 
112.933 ,84,854.7 
112.936 ,85,855.6 
112.939 ,86,853.0 
112.943 ,87,855.8 
112.946 ,88,855.1 
112.949 ,89,855.8 
112.953 ,90,855.6 
112.956 ,91,858.5 
112.959 ,92,857.7 
112.963 ,93,857.3 
112.966 ,94,854.5 
112.969 ,95,859.3 
112.973 ,96,858.3 
112.976 ,97,858.3 
112.979 ,98,856.8 
112.983 ,99,855.1 
112.986 ,100,858.0 
112.989 ,101,853.5 
112.993 ,102,854.9 
112.996 ,103,853.5 
112.999 ,104,854.4 
113.003 ,105,850.3 
113.006 ,106,854.2 
113.009 ,107,853.6 
113.013 ,108,853.5 
113.016 ,109,854.1 
113.019 ,110,855.8 
113.023 ,111,855.3 
113.026 ,112,856.6 
113.029 ,113,856.0 
113.033 ,114,857.8 
113.036 ,115,857.6 
113.039 ,116,858.3 
113.043 ,117,855.3 
113.046 ,118,856.8 
113.049 ,119,858.1 
113.053 ,120,859.5 
113.056 ,121,860.0 
113.059 ,122,857.0 
113.063 ,123,861.0 
113.066 ,124,859.8 
113.069 ,125,859.8 
113.073 ,126,860.6 
113.076 ,127,858.6 
113.079 ,128,857.8 
113.083 ,129,857.9 
113.086 ,130,860.7 
113.089 ,131,862.0 
113.093 ,132,858.7 
113.096 ,133,860.4 
113.099 ,134,860.3 
113.103 ,135,861.0 
113.106 ,136,859.9 
113.109 ,137,860.6 
113.113 ,138,856.5 
113.116 ,139,857.3 
113.119 ,140,860.7 
113.123 ,141,856.1 
113.126 ,142,858.8 
113.129 ,143,856.8 
113.133 ,144,858.6 
113.136 ,145,858.0 
113.139 ,146,858.5 
113.143 ,147,859.3 
113.146 ,148,859.3 
113.149 ,149,862.6 
,,
113.186 ,160,854.5 
113.189 ,161,855.9 
113.193 ,162,857.3 
113.196 ,163,857.1 
113.199 ,164,856.6 
113.203 ,165,854.9 
113.206 ,166,854.7 
113.209 ,167,858.6 
113.213 ,168,861.0 
113.216 ,169,858.4 
113.219 ,170,859.8 
113.223 ,171,855.5 
113.226 ,172,860.3 
113.229 ,173,859.4 
113.233 ,174,858.1 
113.236 ,175,859.8 
113.239 ,176,855.8 
113.243 ,177,856.7 
113.246 ,178,854.0 
113.249 ,179,854.0 
113.253 ,180,854.9 
113.256 ,181,855.1 
113.259 ,182,856.1 
113.263 ,183,855.8 
113.266 ,184,857.5 
113.269 ,185,862.9 
113.273 ,186,859.5 
113.276 ,187,859.8 
113.279 ,188,856.8 
113.283 ,189,858.2 
113.286 ,190,856.5 
113.289 ,191,855.3 
113.293 ,192,857.5 
113.296 ,193,857.7 
113.299 ,194,855.7 
113.303 ,195,852.9 
113.306 ,196,855.5 
113.309 ,197,850.9 
113.313 ,198,852.7 
113.316 ,199,860.0 
113.319 ,200,860.3 
113.323 ,201,859.8 
113.326 ,202,861.3 
113.329 ,203,861.2 
113.333 ,204,860.5 
113.336 ,205,859.5 
113.339 ,206,855.2 
113.343 ,207,856.4 
113.346 ,208,856.4 
113.349 ,209,853.6 
113.353 ,210,856.4 
113.356 ,211,856.1 
113.359 ,212,855.6 
113.363 ,213,857.0 
113.366 ,214,857.8 
113.369 ,215,855.7 
113.373 ,216,854.4 
113.376 ,217,853.1 
113.379 ,218,853.0 
113.383 ,219,853.4 
113.386 ,220,848.0 
113.389 ,221,842.0 
113.393 ,222,842.6 
113.396 ,223,846.6 
113.399 ,224,846.2 
113.403 ,225,849.1 
113.406 ,226,850.8 
113.409 ,227,847.3 
113.413 ,228,855.8 
113.416 ,229,857.1 
113.419 ,230,853.9 
113.423 ,231,856.9 
113.426 ,232,856.1 
113.429 ,233,855.2 
113.433 ,234,853.3 
113.436 ,235,853.3 
113.439 ,236,850.2 
113.443 ,237,849.5 
113.446 ,238,852.7 
113.449 ,239,849.4 
113.453 ,240,842.5 
113.456 ,241,842.0 
113.459 ,242,842.9 
113.463 ,243,845.8 
,,
113.523 ,258,855.8 
113.526 ,259,857.8 
113.530 ,260,859.0 
113.533 ,261,857.5 
113.536 ,262,858.3 
113.540 ,263,859.8 
113.543 ,264,858.4 
113.546 ,265,858.3 
113.550 ,266,858.5 
113.553 ,267,853.3 
113.556 ,268,856.4 
113.560 ,269,858.6 
113.563 ,270,858.2 
113.566 ,271,855.2 
113.570 ,272,856.3 
113.573 ,273,856.5 
113.576 ,274,856.5 
113.580 ,275,857.3 
113.583 ,276,860.5 
113.586 ,277,859.5 
113.590 ,278,861.1 
113.593 ,279,858.8 
113.596 ,280,856.8 
113.600 ,281,857.7 
113.603 ,282,858.9 
113.606 ,283,857.9 
113.610 ,284,859.8 
113.613 ,285,858.9 
113.616 ,286,857.9 
113.620 ,287,857.5 
113.623 ,288,860.7 
113.626 ,289,855.8 
113.630 ,290,859.5 
113.633 ,291,859.0 
113.636 ,292,860.3 
113.640 ,293,859.4 
113.643 ,294,859.9 
113.646 ,295,857.9 
113.650 ,296,859.5 
113.653 ,297,855.9 
113.656 ,298,857.5 
113.660 ,299,862.7 
113.663 ,300,859.8 
113.666 ,301,858.4 
,,
113.685 ,12,854.8 
113.688 ,13,854.6 
113.692 ,14,853.7 
113.695 ,15,853.5 
113.698 ,16,853.7 
113.702 ,17,860.7 
113.705 ,18,859.5 
113.708 ,19,857.9 
113.712 ,20,857.5 
113.715 ,21,857.5 
113.718 ,22,855.8 
113.722 ,23,852.6 
113.725 ,24,849.0 
113.728 ,25,851.6 
113.732 ,26,853.9 
113.735 ,27,849.4 
113.738 ,28,850.4 
113.742 ,29,856.3 
113.745 ,30,855.3 
113.748 ,31,855.4 
113.752 ,32,858.3 
113.755 ,33,854.9 
113.758 ,34,856.1 
113.762 ,35,857.5 
113.765 ,36,854.4 
113.768 ,37,856.0 
113.772 ,38,856.6 
113.775 ,39,856.1 
113.778 ,40,858.0 
113.782 ,41,859.0 
113.785 ,42,856.3 
113.788 ,43,858.8 
113.792 ,44,854.7 
113.795 ,45,860.7 
113.798 ,46,858.6 
113.802 ,47,860.4 
113.805 ,48,857.3 
113.808 ,49,858.3 
113.812 ,50,860.2 
113.815 ,51,856.5 
113.818 ,52,858.8 
113.822 ,53,857.0 
113.825 ,54,851.2 
113.828 ,55,851.1 
113.832 ,56,854.6 
113.835 ,57,859.9 
113.838 ,58,858.2 
113.842 ,59,862.8 
113.845 ,60,862.4 
113.848 ,61,863.3 
113.852 ,62,859.0 
113.855 ,63,861.4 
113.858 ,64,861.5 
113.862 ,65,862.5 
113.865 ,66,861.6 
113.868 ,67,862.0 
113.872 ,68,860.7 
113.875 ,69,859.5 
113.878 ,70,861.8 
113.882 ,71,859.5 
113.885 ,72,858.9 
113.888 ,73,860.8 
113.892 ,74,862.0 
113.895 ,75,860.7 
113.898 ,76,860.0 
113.902 ,77,862.8 
113.905 ,78,857.3 
113.908 ,79,857.8 
113.912 ,80,858.8 
113.915 ,81,855.7 
113.918 ,82,855.8 
113.922 ,83,855.9 
113.925 ,84,857.0 
113.928 ,85,855.8 
113.932 ,86,858.5 
113.935 ,87,855.8 
113.938 ,88,858.9 
113.942 ,89,854.8 
113.945 ,90,857.3 
113.948 ,91,857.0 
113.952 ,92,858.5 
113.955 ,93,858.2 
113.958 ,94,854.3 
113.962 ,95,856.0 
113.965 ,96,854.5 
113.968 ,97,854.9 
113.972 ,98,857.8 
113.975 ,99,859.8 
113.978 ,100,859.8 
113.982 ,101,857.3 
113.985 ,102,857.3 
113.988 ,103,858.5 
113.992 ,104,853.3 
113.995 ,105,851.6 
113.998 ,106,852.8 
114.002 ,107,854.7 
114.005 ,108,853.2 
114.008 ,109,853.6 
114.012 ,110,854.5 
114.015 ,111,854.0 
114.018 ,112,856.8 
114.022 ,113,857.0 
114.025 ,114,856.1 
114.028 ,115,855.8 
114.032 ,116,855.2 
114.035 ,117,855.1 
114.038 ,118,855.3 
114.042 ,119,853.9 
114.045 ,120,855.8 
114.048 ,121,857.0 
114.052 ,122,852.5 
114.055 ,123,853.0 
114.058 ,124,845.0 
114.062 ,125,850.6 
114.065 ,126,855.3 
114.068 ,127,854.6 
114.072 ,128,856.7 
114.075 ,129,858.7 
114.078 ,130,858.1 
114.082 ,131,853.7 
114.085 ,132,854.3 
114.088 ,133,857.0 
114.092 ,134,859.1 
114.095 ,135,855.8 
114.098 ,136,858.0 
114.102 ,137,858.3 
114.105 ,138,858.0 
114.108 ,139,856.1 
114.112 ,140,853.8 
114.115 ,141,855.8 
114.118 ,142,857.9 
114.122 ,143,859.1 
114.125 ,144,861.8 
114.128 ,145,861.9 
114.132 ,146,861.1 
114.135 ,147,860.0 
114.138 ,148,860.2 
114.142 ,149,859.0 
114.145 ,150,861.6 
114.148 ,151,855.3 
114.152 ,152,857.3 
114.155 ,153,856.6 
,,
114.193 ,168,858.9 
114.196 ,169,856.7 
114.200 ,170,858.7 
114.203 ,171,858.5 
114.206 ,172,861.7 
114.210 ,173,854.7 
114.213 ,174,855.3 
114.216 ,175,857.9 
114.220 ,176,858.1 
114.223 ,177,862.4 
114.226 ,178,858.8 
114.230 ,179,864.4 
114.233 ,180,862.9 
114.236 ,181,862.8 
114.240 ,182,858.9 
114.243 ,183,853.4 
114.246 ,184,854.2 
114.250 ,185,849.2 
114.253 ,186,854.4 
114.256 ,187,859.3 
114.260 ,188,856.5 
114.263 ,189,856.4 
114.266 ,190,859.1 
114.270 ,191,862.9 
114.273 ,192,866.9 
114.276 ,193,869.9 
114.280 ,194,868.6 
114.283 ,195,868.9 
114.286 ,196,864.4 
114.290 ,197,859.6 
114.293 ,198,862.9 
114.296 ,199,864.1 
114.300 ,200,863.6 
114.303 ,201,865.9 
114.306 ,202,868.0 
114.310 ,203,866.6 
114.313 ,204,859.7 
114.316 ,205,860.6 
114.320 ,206,858.9 
114.323 ,207,857.2 
114.326 ,208,855.2 
114.330 ,209,857.6 
114.333 ,210,859.5 
114.336 ,211,861.7 
114.340 ,212,863.0 
114.343 ,213,856.0 
114.346 ,214,854.2 
,,
114.420 ,236,852.3 
114.423 ,237,852.2 
114.426 ,238,853.3 
114.430 ,239,849.3 
114.433 ,240,851.6 
114.436 ,241,850.9 
114.440 ,242,853.1 
114.443 ,243,850.9 
114.446 ,244,850.1 
114.450 ,245,846.7 
114.453 ,246,847.6 
114.456 ,247,851.3 
114.460 ,248,846.4 
114.463 ,249,845.9 
114.466 ,250,841.3 
,,
114.497 ,8,850.0 
114.500 ,9,851.5 
114.504 ,10,847.3 
114.507 ,11,846.2 
114.510 ,12,846.5 
114.514 ,13,849.8 
114.517 ,14,849.8 
114.520 ,15,855.6 
114.524 ,16,857.8 
114.527 ,17,857.9 
114.530 ,18,857.3 
114.534 ,19,853.1 
114.537 ,20,854.4 
114.540 ,21,853.1 
114.544 ,22,856.9 
114.547 ,23,859.4 
114.550 ,24,858.5 
114.554 ,25,860.3 
114.557 ,26,859.2 
114.560 ,27,856.6 
114.564 ,28,859.0 
114.567 ,29,858.6 
114.570 ,30,858.0 
114.574 ,31,858.9 
114.577 ,32,858.7 
114.580 ,33,858.4 
114.584 ,34,859.7 
114.587 ,35,855.5 
114.590 ,36,854.8 
114.594 ,37,859.4 
114.597 ,38,859.0 
114.600 ,39,857.2 
114.604 ,40,856.5 
114.607 ,41,855.2 
114.610 ,42,863.3 
114.614 ,43,861.3 
114.617 ,44,858.7 
114.620 ,45,859.5 
114.624 ,46,857.1 
114.627 ,47,859.1 
114.630 ,48,863.0 
114.634 ,49,860.6 
114.637 ,50,855.1 
114.640 ,51,854.4 
114.644 ,52,851.4 
114.647 ,53,849.0 
114.650 ,54,847.8 
114.654 ,55,844.8 
114.657 ,56,847.8 
114.660 ,57,847.5 
114.664 ,58,849.0 
114.667 ,59,850.2 
114.670 ,60,848.1 
114.674 ,61,849.0 
114.677 ,62,847.2 
114.680 ,63,848.7 
114.684 ,64,849.4 
114.687 ,65,849.7 
114.690 ,66,850.6 
114.694 ,67,848.9 
114.697 ,68,853.2 
114.700 ,69,848.5 
114.704 ,70,852.5 
114.707 ,71,853.4 
114.710 ,72,853.9 
114.714 ,73,855.1 
114.717 ,74,857.6 
114.720 ,75,860.4 
114.724 ,76,859.0 
114.727 ,77,859.4 
114.730 ,78,862.9 
114.734 ,79,860.2 
114.737 ,80,860.6 
114.740 ,81,860.4 
114.744 ,82,859.4 
114.747 ,83,861.8 
114.750 ,84,858.8 
114.754 ,85,859.0 
114.757 ,86,860.3 
114.760 ,87,856.7 
114.764 ,88,859.7 
114.767 ,89,857.6 
114.770 ,90,853.6 
114.774 ,91,857.3 
114.777 ,92,857.6 
114.780 ,93,858.7 
114.784 ,94,860.5 
114.787 ,95,858.4 
114.790 ,96,858.5 
114.794 ,97,858.8 
114.797 ,98,861.6 
114.800 ,99,858.1 
114.804 ,100,857.6 
114.807 ,101,863.7 
114.810 ,102,859.8 
114.814 ,103,860.7 
114.817 ,104,855.1 
114.820 ,105,856.4 
114.824 ,106,857.3 
114.827 ,107,859.4 
114.830 ,108,857.6 
114.834 ,109,857.1 
114.837 ,110,855.6 
114.840 ,111,861.2 
114.844 ,112,859.7 
114.847 ,113,862.7 
114.850 ,114,862.9 
114.854 ,115,857.2 
114.857 ,116,862.1 
114.860 ,117,858.1 
114.864 ,118,858.1 
114.867 ,119,861.6 
114.870 ,120,866.6 
114.874 ,121,869.0 
114.877 ,122,866.8 
114.880 ,123,863.9 
114.884 ,124,860.9 
114.887 ,125,865.8 
114.890 ,126,862.6 
114.894 ,127,859.1 
114.897 ,128,857.4 
114.900 ,129,858.1 
114.904 ,130,861.5 
114.907 ,131,864.3 
114.910 ,132,865.8 
114.914 ,133,864.6 
114.917 ,134,859.3 
114.920 ,135,861.0 
114.924 ,136,860.0 
114.927 ,137,863.7 
114.930 ,138,864.1 
114.934 ,139,858.1 
114.937 ,140,860.7 
114.940 ,141,860.9 
114.944 ,142,860.8 
,,
114.987 ,161,856.3 
114.990 ,162,862.0 
114.994 ,163,856.3 
114.997 ,164,857.3 
115.000 ,165,857.7 
115.004 ,166,859.3 
115.007 ,167,861.8 
115.010 ,168,861.4 
115.014 ,169,864.6 
115.017 ,170,861.1 
115.020 ,171,861.2 
115.024 ,172,858.5 
115.027 ,173,859.1 
115.030 ,174,853.6 
115.034 ,175,858.7 
115.037 ,176,857.8 
115.040 ,177,857.2 
115.044 ,178,858.1 
115.047 ,179,857.6 
115.050 ,180,857.6 
115.054 ,181,855.3 
115.057 ,182,856.5 
115.060 ,183,861.0 
115.064 ,184,858.9 
115.067 ,185,860.1 
115.070 ,186,856.4 
115.074 ,187,855.1 
115.077 ,188,854.2 
115.080 ,189,855.9 
115.084 ,190,856.5 
115.087 ,191,857.3 
115.090 ,192,861.0 
115.094 ,193,861.3 
115.097 ,194,859.4 
115.100 ,195,856.1 
115.104 ,196,859.3 
115.107 ,197,860.1 
115.110 ,198,859.9 
115.114 ,199,861.6 
115.117 ,200,860.8 
115.120 ,201,861.8 
115.124 ,202,857.8 
115.127 ,203,860.5 
115.130 ,204,854.4 
115.134 ,205,854.4 
115.137 ,206,855.3 
115.140 ,207,855.1 
115.144 ,208,858.8 
115.147 ,209,857.6 
115.150 ,210,857.3 
115.154 ,211,859.0 
115.157 ,212,860.6 
115.160 ,213,861.2 
115.164 ,214,860.4 
115.167 ,215,861.3 
115.170 ,216,862.0 
115.174 ,217,860.9 
115.177 ,218,860.7 
115.180 ,219,860.1 
115.184 ,220,861.3 
115.187 ,221,858.8 
115.190 ,222,861.4 
115.194 ,223,861.0 
115.197 ,224,864.8 
115.200 ,225,864.3 
115.204 ,226,859.0 
115.207 ,227,858.8 
115.210 ,228,858.3 
115.214 ,229,860.0 
115.217 ,230,858.9 
115.220 ,231,859.3 
115.224 ,232,857.3 
115.227 ,233,856.3 
115.230 ,234,855.2 
115.234 ,235,859.5 
115.237 ,236,859.5 
115.240 ,237,859.7 
115.244 ,238,862.2 
115.247 ,239,858.8 
115.250 ,240,860.6 
115.254 ,241,862.5 
115.257 ,242,860.2 
115.260 ,243,858.8 
115.264 ,244,860.0 
115.267 ,245,859.6 
115.270 ,246,859.1 
115.274 ,247,853.9 
115.277 ,248,855.4 
115.280 ,249,854.1 
115.284 ,250,856.8 
115.287 ,251,855.6 
115.290 ,252,855.3 
115.294 ,253,855.0 
115.297 ,254,854.8 
115.300 ,255,853.5 
115.304 ,256,856.5 
115.307 ,257,854.9 
115.310 ,258,855.3 
115.314 ,259,855.4 
115.317 ,260,863.3 
115.320 ,261,861.3 
115.324 ,262,863.4 
115.327 ,263,859.6 
115.330 ,264,863.8 
115.334 ,265,863.0 
115.337 ,266,857.9 
115.340 ,267,862.3 
115.344 ,268,859.6 
115.347 ,269,861.3 
115.350 ,270,861.3 
115.354 ,271,860.5 
115.357 ,272,864.1 
115.360 ,273,861.6 
115.364 ,274,865.0 
115.367 ,275,864.6 
115.370 ,276,861.6 
115.374 ,277,860.6 
115.377 ,278,860.1 
115.380 ,279,859.7 
115.384 ,280,862.3 
115.387 ,281,860.0 
115.390 ,282,860.4 
115.394 ,283,862.5 
115.397 ,284,860.5 
115.400 ,285,860.3 
115.404 ,286,859.7 
115.407 ,287,859.1 
115.410 ,288,860.9 
115.414 ,289,861.3 
115.417 ,290,861.1 
115.420 ,291,857.6 
115.424 ,292,855.7 
115.427 ,293,854.8 
115.430 ,294,853.4 
115.434 ,295,851.8 
,,
115.487 ,8,861.1 
115.490 ,9,861.5 
115.494 ,10,859.8 
115.497 ,11,863.5 
115.500 ,12,865.4 
115.504 ,13,861.1 
115.507 ,14,863.0 
115.510 ,15,862.5 
115.514 ,16,863.4 
115.517 ,17,861.9 
115.520 ,18,864.4 
115.524 ,19,860.3 
115.527 ,20,855.1 
115.530 ,21,855.0 
,,
115.600 ,42,857.6 
115.604 ,43,859.1 
115.607 ,44,860.3 
115.610 ,45,861.9 
115.614 ,46,862.7 
115.617 ,47,862.5 
115.620 ,48,862.9 
115.624 ,49,858.5 
115.627 ,50,857.6 
115.630 ,51,854.8 
115.634 ,52,854.6 
115.637 ,53,860.3 
115.640 ,54,855.4 
115.644 ,55,858.8 
115.647 ,56,857.2 
115.650 ,57,859.5 
115.654 ,58,859.5 
115.657 ,59,859.8 
115.660 ,60,858.3 
115.664 ,61,859.7 
115.667 ,62,857.0 
115.670 ,63,855.1 
115.674 ,64,853.9 
115.677 ,65,853.9 
115.680 ,66,852.3 
115.684 ,67,850.3 
115.687 ,68,851.8 
115.690 ,69,852.9 
115.694 ,70,851.7 
115.697 ,71,852.2 
115.700 ,72,855.4 
115.704 ,73,854.3 
115.707 ,74,849.5 
,,
115.744 ,85,850.4 
115.747 ,86,854.8 
115.750 ,87,853.8 
115.754 ,88,856.0 
115.757 ,89,858.3 
115.760 ,90,852.6 
115.764 ,91,854.2 
115.767 ,92,856.0 
115.770 ,93,858.4 
115.774 ,94,857.3 
115.777 ,95,853.8 
115.780 ,96,851.9 
115.784 ,97,852.1 
115.787 ,98,852.6 
115.790 ,99,854.5 
115.794 ,100,852.8 
115.797 ,101,851.7 
115.800 ,102,852.6 
115.804 ,103,857.6 
115.807 ,104,855.5 
115.810 ,105,856.6 
115.814 ,106,858.7 
115.817 ,107,858.0 
115.820 ,108,862.0 
115.824 ,109,859.5 
115.827 ,110,859.6 
115.830 ,111,861.3 
115.834 ,112,862.0 
115.837 ,113,857.5 
115.840 ,114,857.6 
115.844 ,115,857.3 
115.847 ,116,857.2 
115.850 ,117,852.0 
115.854 ,118,846.6 
115.857 ,119,850.1 
115.860 ,120,851.4 
115.864 ,121,853.1 
115.867 ,122,858.6 
115.870 ,123,863.4 
115.874 ,124,859.9 
115.877 ,125,860.4 
115.880 ,126,860.5 
115.884 ,127,860.7 
115.887 ,128,861.2 
115.890 ,129,862.4 
115.894 ,130,860.6 
115.897 ,131,860.8 
115.900 ,132,858.5 
115.904 ,133,861.4 
115.907 ,134,858.8 
115.910 ,135,859.8 
115.914 ,136,856.7 
115.917 ,137,860.3 
115.920 ,138,857.9 
,,
115.954 ,148,860.1 
115.957 ,149,860.7 
115.960 ,150,863.7 
115.964 ,151,864.9 
115.967 ,152,862.0 
115.970 ,153,863.9 
115.974 ,154,864.3 
115.977 ,155,863.4 
115.980 ,156,860.2 
115.984 ,157,862.5 
115.987 ,158,860.9 
115.990 ,159,860.6 
115.994 ,160,863.0 
115.997 ,161,861.6 
116.000 ,162,860.1 
116.004 ,163,858.1 
116.007 ,164,861.6 
116.010 ,165,861.2 
116.014 ,166,856.6 
116.017 ,167,856.7 
116.020 ,168,858.2 
116.024 ,169,856.3 
116.027 ,170,856.9 
116.030 ,171,860.1 
116.034 ,172,857.8 
116.037 ,173,858.2 
116.040 ,174,861.6 
116.044 ,175,859.4 
116.047 ,176,860.4 
116.050 ,177,860.9 
116.054 ,178,860.0 
116.057 ,179,858.6 
116.060 ,180,861.0 
116.064 ,181,862.4 
116.067 ,182,862.8 
116.070 ,183,862.5 
116.074 ,184,863.3 
116.077 ,185,862.9 
116.080 ,186,859.5 
116.084 ,187,859.8 
116.087 ,188,864.6 
116.090 ,189,863.8 
116.094 ,190,862.5 
116.097 ,191,863.7 
116.100 ,192,859.6 
116.104 ,193,857.2 
116.107 ,194,859.6 
116.110 ,195,865.6 
116.114 ,196,863.5 
116.117 ,197,865.8 
116.120 ,198,862.6 
116.124 ,199,863.4 
116.127 ,200,863.3 
116.130 ,201,866.3 
116.134 ,202,863.4 
116.137 ,203,865.8 
116.140 ,204,862.9 
116.144 ,205,862.6 
116.147 ,206,864.1 
116.150 ,207,863.1 
116.154 ,208,863.1 
116.157 ,209,863.7 
116.160 ,210,862.5 
116.164 ,211,864.0 
116.167 ,212,864.6 
116.170 ,213,864.9 
116.174 ,214,863.4 
116.177 ,215,861.8 
116.180 ,216,861.3 
116.184 ,217,863.1 
116.187 ,218,865.0 
116.190 ,219,862.4 
116.194 ,220,864.7 
116.197 ,221,866.1 
116.200 ,222,865.8 
116.204 ,223,865.1 
116.207 ,224,864.6 
116.210 ,225,864.6 
116.214 ,226,865.9 
116.217 ,227,861.8 
116.220 ,228,862.4 
116.224 ,229,862.2 
116.227 ,230,858.8 
116.230 ,231,859.0 
116.234 ,232,858.1 
116.237 ,233,856.7 
116.240 ,234,859.5 
116.244 ,235,856.9 
116.247 ,236,861.6 
116.250 ,237,861.1 
116.254 ,238,861.7 
116.257 ,239,862.8 
116.260 ,240,863.7 
116.264 ,241,863.6 
116.267 ,242,862.2 
116.270 ,243,863.8 
116.274 ,244,859.9 
116.277 ,245,860.0 
116.280 ,246,858.8 
116.284 ,247,860.4 
116.287 ,248,862.1 
116.290 ,249,861.0 
116.294 ,250,865.3 
116.297 ,251,859.3 
116.300 ,252,861.5 
116.304 ,253,862.9 
116.307 ,254,861.7 
116.310 ,255,861.4 
116.314 ,256,860.8 
116.317 ,257,859.1 
116.320 ,258,857.6 
116.324 ,259,860.2 
116.327 ,260,862.2 
116.330 ,261,863.7 
116.334 ,262,866.7 
116.337 ,263,864.3 
116.340 ,264,865.7 
116.344 ,265,865.1 
116.347 ,266,864.1 
116.350 ,267,865.3 
116.354 ,268,863.7 
116.357 ,269,861.7 
116.360 ,270,861.3 
116.364 ,271,863.2 
116.367 ,272,863.8 
116.370 ,273,862.5 
116.374 ,274,863.5 
116.377 ,275,863.2 
116.380 ,276,864.3 
116.384 ,277,865.5 
116.387 ,278,869.0 
116.390 ,279,867.5 
116.394 ,280,863.4 
116.397 ,281,865.3 
116.400 ,282,862.9 
116.404 ,283,862.3 
116.407 ,284,862.7 
116.410 ,285,863.6 
116.414 ,286,862.5 
116.417 ,287,859.3 
116.420 ,288,857.6 
,,
116.445 ,8,855.7 
116.448 ,9,855.9 
116.452 ,10,856.0 
116.455 ,11,855.9 
116.458 ,12,856.8 
116.462 ,13,858.4 
116.465 ,14,861.6 
116.468 ,15,862.0 
116.472 ,16,861.9 
116.475 ,17,860.1 
116.478 ,18,859.3 
116.482 ,19,862.2 
116.485 ,20,862.7 
116.488 ,21,862.7 
116.492 ,22,864.6 
116.495 ,23,861.5 
116.498 ,24,863.8 
116.502 ,25,862.3 
116.505 ,26,864.3 
116.508 ,27,863.5 
116.512 ,28,862.5 
116.515 ,29,862.6 
116.518 ,30,859.8 
116.522 ,31,858.1 
,,
116.555 ,41,860.9 
116.558 ,42,866.8 
116.562 ,43,871.4 
116.565 ,44,866.3 
116.568 ,45,860.9 
116.572 ,46,860.2 
116.575 ,47,859.7 
116.578 ,48,861.5 
116.582 ,49,862.1 
116.585 ,50,860.7 
116.588 ,51,858.6 
116.592 ,52,861.3 
116.595 ,53,855.4 
116.598 ,54,856.9 
116.602 ,55,856.9 
116.605 ,56,854.4 
116.608 ,57,851.9 
116.612 ,58,848.4 
116.615 ,59,855.1 
116.618 ,60,858.3 
116.622 ,61,858.1 
116.625 ,62,859.8 
116.628 ,63,862.7 
116.632 ,64,863.9 
116.635 ,65,861.6 
116.638 ,66,864.3 
116.642 ,67,864.1 
116.645 ,68,858.9 
116.648 ,69,855.6 
116.652 ,70,857.1 
116.655 ,71,859.5 
116.658 ,72,861.6 
116.662 ,73,863.1 
116.665 ,74,860.1 
116.668 ,75,858.1 
116.672 ,76,864.9 
116.675 ,77,859.4 
116.678 ,78,858.8 
116.682 ,79,857.8 
116.685 ,80,858.4 
116.688 ,81,858.4 
116.692 ,82,860.4 
116.695 ,83,857.5 
116.698 ,84,858.1 
116.702 ,85,857.7 
116.705 ,86,859.2 
116.708 ,87,860.9 
116.712 ,88,861.7 
116.715 ,89,862.0 
116.718 ,90,862.5 
116.722 ,91,861.6 
116.725 ,92,856.3 
116.728 ,93,856.7 
116.732 ,94,854.9 
116.735 ,95,856.2 
116.738 ,96,859.2 
116.742 ,97,862.2 
116.745 ,98,864.3 
116.748 ,99,862.6 
116.752 ,100,860.6 
116.755 ,101,862.3 
116.758 ,102,859.8 
116.762 ,103,861.1 
116.765 ,104,860.9 
116.768 ,105,863.2 
116.772 ,106,856.9 
116.775 ,107,856.9 
116.778 ,108,859.0 
116.782 ,109,860.4 
116.785 ,110,860.1 
116.788 ,111,859.9 
116.792 ,112,860.6 
116.795 ,113,860.2 
116.798 ,114,861.9 
116.802 ,115,860.6 
116.805 ,116,862.8 
116.808 ,117,861.2 
116.812 ,118,861.8 
116.815 ,119,856.5 
116.818 ,120,859.2 
116.822 ,121,858.0 
116.825 ,122,857.1 
,,
116.855 ,131,861.2 
116.858 ,132,860.3 
116.862 ,133,864.0 
116.865 ,134,860.0 
116.868 ,135,860.3 
116.872 ,136,855.7 
116.875 ,137,861.1 
116.878 ,138,858.4 
116.882 ,139,855.7 
116.885 ,140,856.5 
116.888 ,141,857.8 
116.892 ,142,857.9 
116.895 ,143,861.8 
116.898 ,144,863.5 
116.902 ,145,862.2 
116.905 ,146,859.3 
116.908 ,147,856.1 
116.912 ,148,853.2 
116.915 ,149,852.3 
116.918 ,150,851.0 
116.922 ,151,848.3 
116.925 ,152,853.8 
116.928 ,153,856.6 
116.932 ,154,852.7 
116.935 ,155,851.9 
116.938 ,156,852.9 
116.942 ,157,852.7 
116.945 ,158,853.8 
116.948 ,159,852.3 
116.952 ,160,853.3 
116.955 ,161,852.3 
116.958 ,162,858.1 
116.962 ,163,861.1 
116.965 ,164,855.5 
116.968 ,165,856.0 
116.972 ,166,854.7 
116.975 ,167,850.7 
116.978 ,168,853.2 
116.982 ,169,854.4 
116.985 ,170,854.7 
116.988 ,171,853.2 
116.992 ,172,849.2 
116.995 ,173,853.0 
116.998 ,174,852.7 
117.002 ,175,851.7 
117.005 ,176,850.9 
117.008 ,177,850.9 
117.012 ,178,851.6 
117.015 ,179,858.1 
117.018 ,180,861.3 
117.022 ,181,856.9 
117.025 ,182,862.5 
117.028 ,183,860.4 
117.032 ,184,860.1 
117.035 ,185,862.8 
117.038 ,186,864.1 
117.042 ,187,860.9 
117.045 ,188,861.6 
117.048 ,189,859.0 
117.052 ,190,861.4 
117.055 ,191,859.3 
117.058 ,192,855.1 
117.062 ,193,853.5 
117.065 ,194,850.7 
117.068 ,195,849.6 
117.072 ,196,850.0 
117.075 ,197,850.9 
117.078 ,198,856.7 
117.082 ,199,860.7 
117.085 ,200,861.5 
117.088 ,201,863.8 
117.092 ,202,862.6 
117.095 ,203,864.4 
117.098 ,204,861.4 
117.102 ,205,861.6 
117.105 ,206,859.7 
117.108 ,207,859.7 
117.112 ,208,859.7 
117.115 ,209,856.8 
117.118 ,210,858.4 
117.122 ,211,860.1 
117.125 ,212,861.8 
117.128 ,213,861.8 
117.132 ,214,861.2 
117.135 ,215,859.2 
117.138 ,216,857.2 
117.142 ,217,855.6 
117.145 ,218,860.4 
117.148 ,219,862.4 
117.152 ,220,864.1 
117.155 ,221,860.6 
117.158 ,222,861.6 
117.162 ,223,861.0 
117.165 ,224,862.2 
117.168 ,225,863.6 
117.172 ,226,865.7 
117.175 ,227,865.5 
117.178 ,228,865.6 
117.182 ,229,865.7 
117.185 ,230,862.6 
117.188 ,231,865.5 
117.192 ,232,867.8 
117.195 ,233,867.4 
117.198 ,234,868.0 
117.202 ,235,868.9 
117.205 ,236,865.9 
117.208 ,237,865.5 
117.212 ,238,868.3 
117.215 ,239,869.4 
117.218 ,240,866.6 
117.222 ,241,868.1 
117.225 ,242,865.4 
117.228 ,243,862.9 
117.232 ,244,861.3 
117.235 ,245,860.6 
117.238 ,246,863.6 
117.242 ,247,862.7 
117.245 ,248,862.2 
117.248 ,249,860.9 
117.252 ,250,860.4 
117.255 ,251,861.8 
117.258 ,252,864.4 
117.262 ,253,865.9 
117.265 ,254,864.7 
117.268 ,255,863.8 
117.272 ,256,862.6 
117.275 ,257,866.2 
117.278 ,258,866.5 
117.282 ,259,863.7 
117.285 ,260,865.7 
117.288 ,261,864.0 
117.292 ,262,864.0 
117.295 ,263,865.5 
117.298 ,264,864.6 
117.302 ,265,864.3 
117.305 ,266,863.0 
117.308 ,267,860.9 
117.312 ,268,864.6 
117.315 ,269,864.6 
117.318 ,270,864.2 
117.322 ,271,862.1 
117.325 ,272,860.6 
117.328 ,273,860.7 
117.332 ,274,862.3 
,,
117.356 ,11,856.0 
117.359 ,12,853.8 
117.363 ,13,856.0 
117.366 ,14,850.5 
117.369 ,15,853.0 
117.373 ,16,855.4 
117.376 ,17,856.9 
117.379 ,18,853.9 
117.383 ,19,852.3 
117.386 ,20,852.9 
117.389 ,21,855.5 
117.393 ,22,855.0 
117.396 ,23,856.0 
117.399 ,24,852.8 
117.403 ,25,854.2 
117.406 ,26,854.8 
117.409 ,27,856.9 
117.413 ,28,860.5 
117.416 ,29,864.9 
117.419 ,30,859.7 
117.423 ,31,864.0 
117.426 ,32,864.5 
117.429 ,33,861.5 
117.433 ,34,862.3 
117.436 ,35,862.0 
117.439 ,36,862.5 
117.443 ,37,862.2 
117.446 ,38,861.0 
117.449 ,39,860.3 
117.453 ,40,857.7 
117.456 ,41,860.5 
117.459 ,42,862.4 
117.463 ,43,865.0 
117.466 ,44,863.0 
117.469 ,45,861.4 
117.473 ,46,860.9 
117.476 ,47,857.2 
117.479 ,48,857.8 
117.483 ,49,860.0 
117.486 ,50,863.0 
117.489 ,51,860.7 
117.493 ,52,860.1 
117.496 ,53,863.2 
117.499 ,54,865.4 
117.503 ,55,865.4 
117.506 ,56,867.7 
117.509 ,57,859.3 
117.513 ,58,860.9 
117.516 ,59,859.8 
117.519 ,60,861.8 
117.523 ,61,861.6 
117.526 ,62,862.2 
117.529 ,63,858.8 
117.533 ,64,859.8 
117.536 ,65,859.2 
117.539 ,66,858.7 
117.543 ,67,862.5 
117.546 ,68,866.5 
117.549 ,69,866.2 
117.553 ,70,865.6 
117.556 ,71,866.9 
117.559 ,72,861.5 
117.563 ,73,859.3 
117.566 ,74,859.7 
117.569 ,75,860.9 
117.573 ,76,859.4 
117.576 ,77,856.1 
117.579 ,78,858.9 
117.583 ,79,861.2 
117.586 ,80,861.4 
117.589 ,81,864.9 
117.593 ,82,863.7 
117.596 ,83,858.7 
117.599 ,84,858.5 
117.603 ,85,855.8 
117.606 ,86,853.7 
117.609 ,87,859.2 
117.613 ,88,861.6 
117.616 ,89,862.9 
117.619 ,90,861.7 
117.623 ,91,862.2 
117.626 ,92,860.4 
117.629 ,93,858.5 
117.633 ,94,863.7 
117.636 ,95,861.1 
117.639 ,96,861.6 
117.643 ,97,866.0 
117.646 ,98,863.0 
117.649 ,99,865.3 
117.653 ,100,862.5 
117.656 ,101,863.1 
117.659 ,102,865.4 
117.663 ,103,863.3 
117.666 ,104,862.2 
117.669 ,105,864.9 
117.673 ,106,861.4 
117.676 ,107,861.7 
117.679 ,108,864.1 
117.683 ,109,862.0 
117.686 ,110,864.1 
117.689 ,111,862.1 
117.693 ,112,867.6 
117.696 ,113,863.7 
117.699 ,114,863.8 
117.703 ,115,860.9 
117.706 ,116,862.2 
117.709 ,117,862.2 
117.713 ,118,859.2 
117.716 ,119,858.8 
117.719 ,120,858.2 
117.723 ,121,864.2 
117.726 ,122,861.8 
117.729 ,123,859.7 
117.733 ,124,863.7 
117.736 ,125,865.1 
117.739 ,126,866.9 
117.743 ,127,861.8 
117.746 ,128,861.3 
117.749 ,129,860.2 
117.753 ,130,860.1 
117.756 ,131,857.9 
117.759 ,132,852.8 
117.763 ,133,854.3 
117.766 ,134,857.0 
117.769 ,135,858.0 
117.773 ,136,858.7 
117.776 ,137,859.0 
117.779 ,138,858.3 
117.783 ,139,862.5 
117.786 ,140,859.8 
117.789 ,141,855.5 
117.793 ,142,855.1 
117.796 ,143,856.0 
117.799 ,144,853.5 
117.803 ,145,853.8 
117.806 ,146,852.7 
117.809 ,147,853.6 
117.813 ,148,851.4 
117.816 ,149,853.5 
,,
117.846 ,158,860.9 
117.849 ,159,864.3 
117.853 ,160,866.3 
117.856 ,161,865.4 
117.859 ,162,866.0 
117.863 ,163,862.7 
117.866 ,164,862.4 
117.869 ,165,861.6 
117.873 ,166,862.4 
117.876 ,167,859.2 
117.879 ,168,859.0 
117.883 ,169,861.8 
117.886 ,170,859.7 
117.889 ,171,862.9 
117.893 ,172,864.2 
117.896 ,173,865.4 
117.899 ,174,861.2 
117.903 ,175,861.9 
117.906 ,176,859.9 
117.909 ,177,859.6 
117.913 ,178,856.4 
117.916 ,179,858.5 
117.919 ,180,857.5 
117.923 ,181,855.6 
117.926 ,182,857.6 
117.929 ,183,860.8 
117.933 ,184,861.6 
117.936 ,185,865.3 
117.939 ,186,866.0 
117.943 ,187,865.8 
117.946 ,188,867.4 
117.949 ,189,863.9 
117.953 ,190,866.1 
117.956 ,191,865.8 
117.959 ,192,866.4 
117.963 ,193,867.1 
117.966 ,194,869.9 
117.969 ,195,863.1 
117.973 ,196,859.5 
117.976 ,197,863.4 
117.979 ,198,862.2 
117.983 ,199,861.8 
117.986 ,200,865.9 
117.989 ,201,865.6 
117.993 ,202,866.9 
117.996 ,203,863.1 
117.999 ,204,866.6 
118.003 ,205,866.3 
118.006 ,206,868.3 
118.009 ,207,867.8 
118.013 ,208,868.7 
118.016 ,209,863.7 
118.019 ,210,864.0 
118.023 ,211,864.0 
118.026 ,212,860.9 
118.029 ,213,859.8 
118.033 ,214,858.1 
118.036 ,215,856.7 
118.039 ,216,861.1 
118.043 ,217,861.7 
118.046 ,218,856.4 
118.049 ,219,856.3 
118.053 ,220,861.8 
118.056 ,221,857.3 
118.059 ,222,859.9 
118.063 ,223,859.6 
118.066 ,224,859.4 
118.069 ,225,859.5 
118.073 ,226,860.5 
118.076 ,227,859.8 
118.079 ,228,861.7 
118.083 ,229,860.0 
118.086 ,230,866.6 
118.089 ,231,866.7 
118.093 ,232,862.1 
118.096 ,233,859.4 
118.099 ,234,860.0 
118.103 ,235,861.2 
118.106 ,236,861.7 
118.109 ,237,864.7 
118.113 ,238,860.7 
118.116 ,239,862.2 
118.119 ,240,863.4 
118.123 ,241,865.6 
118.126 ,242,864.1 
118.129 ,243,866.6 
118.133 ,244,863.3 
,,
118.156 ,251,861.8 
118.159 ,252,866.6 
118.163 ,253,868.3 
118.166 ,254,867.1 
118.169 ,255,868.5 
118.173 ,256,864.5 
118.176 ,257,867.1 
118.179 ,258,865.4 
118.183 ,259,862.7 
118.186 ,260,863.8 
118.189 ,261,860.1 
118.193 ,262,856.2 
118.196 ,263,856.6 
118.199 ,264,853.2 
118.203 ,265,861.3 
118.206 ,266,862.0 
118.209 ,267,861.2 
118.213 ,268,861.9 
118.216 ,269,862.3 
118.219 ,270,866.9 
118.223 ,271,864.9 
118.226 ,272,864.5 
118.229 ,273,860.4 
118.233 ,274,858.1 
118.236 ,275,860.9 
118.239 ,276,861.1 
118.243 ,277,862.5 
,,
118.286 ,290,858.5 
118.289 ,291,866.6 
118.293 ,292,868.1 
118.296 ,293,864.1 
118.299 ,294,863.7 
118.303 ,295,862.9 
118.306 ,296,858.9 
118.309 ,297,854.7 
118.313 ,298,858.4 
118.316 ,299,859.1 
118.319 ,300,856.7 
,,
118.344 ,8,863.2 
118.347 ,9,867.4 
118.351 ,10,864.9 
118.354 ,11,861.2 
118.357 ,12,862.9 
118.361 ,13,860.1 
118.364 ,14,863.4 
118.367 ,15,862.6 
118.371 ,16,863.4 
118.374 ,17,861.6 
118.377 ,18,864.1 
118.381 ,19,866.6 
118.384 ,20,868.3 
118.387 ,21,864.3 
118.391 ,22,863.6 
118.394 ,23,862.4 
118.397 ,24,860.6 
118.401 ,25,864.7 
118.404 ,26,865.5 
118.407 ,27,868.0 
118.411 ,28,862.6 
118.414 ,29,865.6 
118.417 ,30,867.0 
118.421 ,31,863.3 
118.424 ,32,865.9 
118.427 ,33,865.1 
118.431 ,34,864.1 
118.434 ,35,864.3 
118.437 ,36,867.1 
118.441 ,37,864.6 
118.444 ,38,868.6 
118.447 ,39,868.0 
118.451 ,40,866.3 
118.454 ,41,865.6 
118.457 ,42,865.6 
118.461 ,43,867.1 
118.464 ,44,864.3 
118.467 ,45,865.3 
118.471 ,46,863.8 
118.474 ,47,861.7 
118.477 ,48,861.8 
118.481 ,49,860.9 
118.484 ,50,862.2 
118.487 ,51,860.4 
118.491 ,52,862.0 
118.494 ,53,864.1 
118.497 ,54,866.3 
118.501 ,55,865.4 
118.504 ,56,864.1 
118.507 ,57,868.0 
118.511 ,58,865.9 
118.514 ,59,865.6 
118.517 ,60,863.0 
118.521 ,61,862.4 
118.524 ,62,867.5 
118.527 ,63,866.2 
118.531 ,64,867.4 
118.534 ,65,865.5 
118.537 ,66,864.4 
118.541 ,67,863.1 
118.544 ,68,867.8 
118.547 ,69,866.1 
118.551 ,70,863.7 
118.554 ,71,862.9 
,,
118.584 ,80,863.0 
118.587 ,81,865.1 
118.591 ,82,861.2 
118.594 ,83,862.1 
118.597 ,84,862.6 
118.601 ,85,863.7 
118.604 ,86,863.4 
118.607 ,87,862.0 
118.611 ,88,862.2 
118.614 ,89,862.9 
118.617 ,90,863.7 
118.621 ,91,862.5 
118.624 ,92,862.3 
118.627 ,93,864.6 
118.631 ,94,864.1 
118.634 ,95,865.0 
118.637 ,96,862.5 
118.641 ,97,859.3 
118.644 ,98,858.8 
118.647 ,99,860.5 
118.651 ,100,860.6 
118.654 ,101,862.7 
118.657 ,102,866.6 
118.661 ,103,863.9 
118.664 ,104,864.6 
118.667 ,105,862.9 
118.671 ,106,860.5 
118.674 ,107,862.5 
118.677 ,108,859.8 
118.681 ,109,862.5 
118.684 ,110,861.3 
118.687 ,111,862.9 
118.691 ,112,858.1 
118.694 ,113,859.6 
118.697 ,114,863.7 
118.701 ,115,862.4 
118.704 ,116,863.7 
118.707 ,117,863.1 
118.711 ,118,863.4 
118.714 ,119,866.2 
118.717 ,120,863.7 
118.721 ,121,864.4 
118.724 ,122,867.2 
118.727 ,123,868.6 
118.731 ,124,868.3 
118.734 ,125,869.1 
118.737 ,126,863.8 
118.741 ,127,867.8 
118.744 ,128,866.1 
118.747 ,129,864.4 
118.751 ,130,867.1 
118.754 ,131,865.7 
118.757 ,132,864.7 
118.761 ,133,860.6 
118.764 ,134,860.4 
118.767 ,135,865.9 
118.771 ,136,865.5 
118.774 ,137,869.6 
118.777 ,138,868.0 
118.781 ,139,864.8 
118.784 ,140,866.6 
118.787 ,141,864.9 
118.791 ,142,863.0 
118.794 ,143,865.5 
118.797 ,144,870.0 
118.801 ,145,869.3 
118.804 ,146,867.4 
118.807 ,147,866.4 
118.811 ,148,865.3 
118.814 ,149,862.6 
118.817 ,150,862.5 
118.821 ,151,863.4 
118.824 ,152,862.7 
118.827 ,153,860.1 
,,
118.857 ,163,862.4 
118.861 ,164,866.2 
118.864 ,165,861.1 
,,
118.894 ,174,862.9 
118.897 ,175,864.9 
118.901 ,176,866.2 
118.904 ,177,867.8 
,,
118.934 ,186,859.2 
118.937 ,187,864.1 
118.941 ,188,862.7 
118.944 ,189,866.9 
118.947 ,190,861.3 
118.951 ,191,861.8 
118.954 ,192,858.4 
118.957 ,193,859.9 
,,
118.987 ,204,865.0 
118.991 ,205,867.0 
118.994 ,206,867.0 
118.997 ,207,866.9 
119.001 ,208,864.9 
119.004 ,209,863.4 
119.007 ,210,859.3 
119.011 ,211,860.9 
119.014 ,212,859.7 
119.017 ,213,862.7 
119.021 ,214,862.0 
119.024 ,215,867.8 
119.027 ,216,870.1 
119.031 ,217,869.3 
119.034 ,218,869.3 
119.037 ,219,864.5 
119.041 ,220,863.8 
119.044 ,221,865.6 
119.047 ,222,865.5 
119.051 ,223,868.2 
119.054 ,224,862.4 
119.057 ,225,868.7 
119.061 ,226,868.2 
119.064 ,227,867.4 
119.067 ,228,868.6 
119.071 ,229,868.6 
119.074 ,230,867.6 
119.077 ,231,863.7 
119.081 ,232,861.8 
119.084 ,233,863.0 
119.087 ,234,862.6 
119.091 ,235,863.4 
119.094 ,236,865.8 
119.097 ,237,860.8 
119.101 ,238,863.2 
119.104 ,239,868.4 
119.107 ,240,863.6 
119.111 ,241,865.1 
119.114 ,242,866.5 
119.117 ,243,864.4 
119.121 ,244,865.6 
119.124 ,245,863.8 
119.127 ,246,864.6 
119.131 ,247,864.3 
119.134 ,248,872.1 
119.137 ,249,868.0 
119.141 ,250,868.0 
119.144 ,251,868.0 
119.147 ,252,865.2 
119.151 ,253,860.7 
119.154 ,254,860.0 
119.157 ,255,860.9 
119.161 ,256,862.4 
119.164 ,257,862.9 
119.167 ,258,864.6 
119.171 ,259,863.8 
119.174 ,260,866.8 
119.177 ,261,865.1 
119.181 ,262,867.5 
119.184 ,263,865.6 
119.187 ,264,866.9 
119.191 ,265,863.8 
119.194 ,266,865.2 
119.197 ,267,865.5 
119.201 ,268,867.1 
119.204 ,269,868.0 
119.207 ,270,867.4 
119.211 ,271,867.7 
119.214 ,272,869.2 
119.217 ,273,866.9 
119.221 ,274,866.4 
119.224 ,275,864.8 
119.227 ,276,865.6 
119.231 ,277,865.2 
119.234 ,278,860.4 
119.237 ,279,860.7 
119.241 ,280,862.8 
119.244 ,281,860.8 
119.247 ,282,863.2 
119.251 ,283,864.1 
119.254 ,284,865.4 
119.257 ,285,868.3 
119.261 ,286,868.2 
119.264 ,287,868.6 
119.267 ,288,870.0 
119.271 ,289,867.1 
119.274 ,290,867.4 
119.277 ,291,865.2 
119.281 ,292,863.1 
119.284 ,293,861.6 
119.287 ,294,865.0 
119.291 ,295,866.1 
119.294 ,296,867.2 
119.297 ,297,865.7 
119.301 ,298,866.6 
119.304 ,299,869.0 
119.307 ,300,867.6 
119.311 ,301,868.4 
119.314 ,302,871.8 
119.317 ,303,869.5 
119.321 ,304,867.8 
119.324 ,305,866.4 
119.327 ,306,861.3 
,,
119.359 ,34,857.4 
119.362 ,35,859.4 
119.366 ,36,858.9 
119.369 ,37,860.1 
119.372 ,38,858.9 
119.376 ,39,859.2 
119.379 ,40,860.7 
119.382 ,41,859.7 
119.386 ,42,858.8 
119.389 ,43,861.9 
119.392 ,44,861.5 
119.396 ,45,864.6 
119.399 ,46,866.7 
119.402 ,47,865.9 
119.406 ,48,864.4 
119.409 ,49,868.2 
119.412 ,50,868.9 
119.416 ,51,865.9 
119.419 ,52,865.2 
119.422 ,53,860.9 
119.426 ,54,863.2 
119.429 ,55,861.9 
119.432 ,56,862.8 
119.436 ,57,863.2 
119.439 ,58,865.2 
119.442 ,59,862.3 
119.446 ,60,864.1 
119.449 ,61,865.2 
119.452 ,62,865.9 
119.456 ,63,864.9 
119.459 ,64,863.1 
119.462 ,65,862.9 
119.466 ,66,862.2 
119.469 ,67,862.1 
119.472 ,68,862.8 
119.476 ,69,865.7 
119.479 ,70,868.7 
119.482 ,71,866.9 
119.486 ,72,866.5 
119.489 ,73,867.3 
119.492 ,74,866.6 
119.496 ,75,867.1 
119.499 ,76,863.7 
119.502 ,77,864.8 
119.506 ,78,868.2 
119.509 ,79,867.8 
119.512 ,80,867.8 
119.516 ,81,869.4 
119.519 ,82,869.1 
119.522 ,83,870.9 
119.526 ,84,867.3 
119.529 ,85,871.7 
119.532 ,86,870.6 
119.536 ,87,870.6 
119.539 ,88,867.7 
119.542 ,89,868.6 
119.546 ,90,867.4 
119.549 ,91,866.9 
119.552 ,92,867.4 
119.556 ,93,867.9 
119.559 ,94,869.1 
119.562 ,95,866.1 
119.566 ,96,867.9 
119.569 ,97,867.4 
119.572 ,98,866.5 
119.576 ,99,871.1 
119.579 ,100,869.9 
119.582 ,101,868.2 
119.586 ,102,869.1 
119.589 ,103,868.1 
119.592 ,104,866.9 
119.596 ,105,863.0 
119.599 ,106,867.7 
119.602 ,107,867.6 
119.606 ,108,868.7 
119.609 ,109,869.9 
119.612 ,110,869.7 
119.616 ,111,867.4 
119.619 ,112,868.4 
119.622 ,113,868.5 
119.626 ,114,868.3 
119.629 ,115,869.6 
119.632 ,116,869.2 
119.636 ,117,871.4 
119.639 ,118,869.4 
119.642 ,119,869.5 
119.646 ,120,869.6 
119.649 ,121,870.6 
119.652 ,122,864.4 
119.656 ,123,865.9 
119.659 ,124,867.7 
119.662 ,125,866.6 
119.666 ,126,861.7 
,,
119.696 ,135,860.6 
119.699 ,136,861.6 
119.702 ,137,865.3 
119.706 ,138,866.0 
119.709 ,139,863.5 
119.712 ,140,864.4 
119.716 ,141,859.5 
119.719 ,142,857.9 
119.722 ,143,860.9 
119.726 ,144,861.2 
119.729 ,145,867.4 
119.732 ,146,866.6 
119.736 ,147,867.1 
119.739 ,148,864.5 
119.742 ,149,864.6 
119.746 ,150,863.4 
119.749 ,151,864.6 
119.752 ,152,867.0 
119.756 ,153,867.4 
119.759 ,154,867.4 
119.762 ,155,866.4 
119.766 ,156,867.1 
119.769 ,157,867.9 
119.772 ,158,866.1 
119.776 ,159,865.9 
119.779 ,160,863.2 
119.782 ,161,865.5 
119.786 ,162,865.8 
119.789 ,163,865.3 
119.792 ,164,866.6 
119.796 ,165,868.8 
119.799 ,166,866.9 
119.802 ,167,868.7 
119.806 ,168,867.7 
119.809 ,169,866.1 
119.812 ,170,865.3 
119.816 ,171,868.6 
119.819 ,172,867.3 
119.822 ,173,864.6 
119.826 ,174,864.4 
119.829 ,175,861.4 
119.832 ,176,863.6 
119.836 ,177,867.4 
119.839 ,178,865.7 
119.842 ,179,866.6 
119.846 ,180,863.9 
119.849 ,181,866.9 
119.852 ,182,862.1 
119.856 ,183,864.9 
119.859 ,184,863.2 
119.862 ,185,865.7 
119.866 ,186,864.1 
119.869 ,187,862.2 
119.872 ,188,866.2 
119.876 ,189,861.7 
119.879 ,190,866.9 
119.882 ,191,865.3 
119.886 ,192,863.2 
119.889 ,193,864.2 
119.892 ,194,864.6 
119.896 ,195,861.0 
119.899 ,196,860.4 
119.902 ,197,858.9 
119.906 ,198,856.3 
119.909 ,199,858.9 
119.912 ,200,859.9 
119.916 ,201,861.2 
119.919 ,202,861.9 
119.922 ,203,861.0 
119.926 ,204,863.7 
119.929 ,205,860.4 
119.932 ,206,860.7 
119.936 ,207,863.2 
119.939 ,208,864.4 
119.942 ,209,866.1 
119.946 ,210,862.9 
119.949 ,211,864.5 
119.952 ,212,861.7 
119.956 ,213,861.3 
119.959 ,214,862.9 
119.962 ,215,862.1 
119.966 ,216,863.8 
119.969 ,217,864.5 
119.972 ,218,865.1 
119.976 ,219,863.7 
119.979 ,220,863.8 
119.982 ,221,862.5 
119.986 ,222,863.1 
119.989 ,223,863.8 
119.992 ,224,865.3 
119.996 ,225,865.8 
119.999 ,226,865.3 
120.002 ,227,860.9 
120.006 ,228,867.0 
120.009 ,229,865.4 
120.012 ,230,863.7 
120.016 ,231,863.7 
120.019 ,232,865.4 
120.022 ,233,864.8 
120.026 ,234,868.0 
120.029 ,235,866.9 
120.032 ,236,865.4 
120.036 ,237,864.0 
120.039 ,238,863.4 
120.042 ,239,863.8 
120.046 ,240,863.3 
120.049 ,241,864.7 
120.052 ,242,864.7 
120.056 ,243,868.1 
120.059 ,244,867.7 
120.062 ,245,869.6 
120.066 ,246,868.6 
120.069 ,247,866.8 
120.072 ,248,868.3 
120.076 ,249,864.3 
120.079 ,250,864.7 
120.082 ,251,864.2 
120.086 ,252,863.7 
120.089 ,253,869.8 
120.092 ,254,868.7 
120.096 ,255,868.3 
120.099 ,256,869.8 
120.102 ,257,870.3 
120.106 ,258,872.5 
120.109 ,259,870.6 
120.112 ,260,869.5 
120.116 ,261,870.0 
120.119 ,262,864.4 
120.122 ,263,863.8 
120.126 ,264,858.3 
,,
120.314 ,13,858.0 
120.317 ,14,856.3 
120.321 ,15,855.7 
120.324 ,16,855.5 
120.327 ,17,858.8 
120.331 ,18,857.5 
120.334 ,19,855.5 
,,
120.387 ,35,861.6 
120.391 ,36,860.9 
120.394 ,37,860.3 
120.397 ,38,860.0 
120.401 ,39,857.9 
120.404 ,40,864.3 
120.407 ,41,865.9 
120.411 ,42,868.7 
120.414 ,43,866.9 
120.417 ,44,864.6 
120.421 ,45,865.9 
120.424 ,46,862.2 
120.427 ,47,862.5 
120.431 ,48,861.1 
120.434 ,49,860.9 
120.437 ,50,859.3 
120.441 ,51,860.8 
120.444 ,52,863.7 
120.447 ,53,866.5 
120.451 ,54,872.9 
120.454 ,55,867.7 
120.457 ,56,865.2 
120.461 ,57,864.6 
120.464 ,58,862.8 
120.467 ,59,858.5 
120.471 ,60,860.8 
120.474 ,61,862.7 
120.477 ,62,864.9 
120.481 ,63,867.4 
120.484 ,64,864.6 
120.487 ,65,866.1 
120.491 ,66,869.2 
120.494 ,67,865.9 
120.497 ,68,861.6 
120.501 ,69,862.5 
120.504 ,70,862.8 
120.507 ,71,863.2 
120.511 ,72,863.7 
120.514 ,73,864.2 
120.517 ,74,867.4 
120.521 ,75,867.1 
120.524 ,76,865.4 
120.527 ,77,869.6 
120.531 ,78,864.9 
120.534 ,79,861.9 
120.537 ,80,865.3 
120.541 ,81,866.5 
120.544 ,82,870.9 
120.547 ,83,870.0 
120.551 ,84,869.6 
120.554 ,85,867.1 
120.557 ,86,864.3 
120.561 ,87,859.3 
120.564 ,88,856.3 
120.567 ,89,850.8 
120.571 ,90,851.0 
120.574 ,91,854.1 
120.577 ,92,857.5 
120.581 ,93,853.5 
120.584 ,94,851.7 
120.587 ,95,853.5 
120.591 ,96,853.9 
120.594 ,97,854.8 
120.597 ,98,857.2 
120.601 ,99,857.5 
120.604 ,100,855.5 
120.607 ,101,856.0 
120.611 ,102,855.0 
120.614 ,103,857.3 
120.617 ,104,861.2 
120.621 ,105,857.2 
120.624 ,106,859.2 
120.627 ,107,858.6 
120.631 ,108,857.1 
120.634 ,109,861.2 
120.637 ,110,858.2 
120.641 ,111,860.8 
120.644 ,112,857.1 
120.647 ,113,859.3 
120.651 ,114,860.3 
120.654 ,115,862.5 
120.657 ,116,859.7 
120.661 ,117,860.4 
,,
120.687 ,125,858.3 
120.691 ,126,860.9 
120.694 ,127,863.3 
120.697 ,128,866.2 
120.701 ,129,862.9 
120.704 ,130,860.3 
120.707 ,131,860.9 
,,
120.811 ,162,857.9 
120.814 ,163,860.8 
120.817 ,164,858.3 
120.821 ,165,859.3 
120.824 ,166,861.8 
120.827 ,167,863.0 
120.831 ,168,860.8 
120.834 ,169,861.9 
120.837 ,170,859.2 
120.841 ,171,857.5 
120.844 ,172,860.8 
120.847 ,173,862.9 
120.851 ,174,861.1 
120.854 ,175,864.7 
120.857 ,176,864.7 
120.861 ,177,865.2 
120.864 ,178,865.7 
120.867 ,179,862.9 
120.871 ,180,862.3 
,,
120.901 ,189,858.7 
120.904 ,190,861.9 
120.907 ,191,861.7 
120.911 ,192,860.6 
120.914 ,193,858.7 
120.917 ,194,856.2 
,,
120.947 ,203,847.3 
120.951 ,204,851.0 
120.954 ,205,855.5 
120.957 ,206,855.5 
120.961 ,207,854.1 
,,
120.999 ,7,857.2 
121.002 ,8,857.9 
121.006 ,9,863.0 
121.009 ,10,862.6 
121.012 ,11,862.1 
121.016 ,12,864.5 
121.019 ,13,863.3 
121.022 ,14,865.8 
121.026 ,15,866.2 
121.029 ,16,868.5 
121.032 ,17,866.8 
121.036 ,18,866.1 
121.039 ,19,867.1 
121.042 ,20,866.2 
121.046 ,21,867.1 
121.049 ,22,864.1 
121.052 ,23,866.7 
121.056 ,24,867.4 
121.059 ,25,870.2 
121.062 ,26,870.0 
121.066 ,27,869.0 
121.069 ,28,864.7 
121.072 ,29,866.6 
121.076 ,30,867.4 
121.079 ,31,867.4 
121.082 ,32,867.0 
121.086 ,33,866.9 
121.089 ,34,866.6 
121.092 ,35,866.7 
121.096 ,36,867.8 
121.099 ,37,867.3 
121.102 ,38,863.9 
121.106 ,39,864.3 
121.109 ,40,863.9 
121.112 ,41,867.9 
121.116 ,42,867.6 
121.119 ,43,867.8 
121.122 ,44,869.9 
121.126 ,45,871.4 
121.129 ,46,873.4 
121.132 ,47,869.9 
121.136 ,48,866.9 
121.139 ,49,867.4 
121.142 ,50,866.9 
121.146 ,51,869.2 
121.149 ,52,871.4 
121.152 ,53,870.3 
121.156 ,54,869.0 
121.159 ,55,870.7 
121.162 ,56,872.2 
121.166 ,57,868.2 
121.169 ,58,871.4 
121.172 ,59,871.8 
121.176 ,60,869.0 
121.179 ,61,868.5 
121.182 ,62,865.7 
121.186 ,63,863.7 
121.189 ,64,864.3 
121.192 ,65,867.4 
121.196 ,66,865.9 
121.199 ,67,866.1 
121.202 ,68,865.9 
121.206 ,69,867.4 
121.209 ,70,868.2 
121.212 ,71,865.3 
121.216 ,72,861.6 
121.219 ,73,862.8 
121.222 ,74,866.5 
121.226 ,75,869.8 
121.229 ,76,866.5 
121.232 ,77,865.0 
121.236 ,78,867.0 
121.239 ,79,864.7 
121.242 ,80,867.1 
121.246 ,81,863.6 
121.249 ,82,868.1 
121.252 ,83,862.1 
121.256 ,84,861.6 
121.259 ,85,863.0 
121.262 ,86,863.7 
121.266 ,87,863.8 
121.269 ,88,863.0 
121.272 ,89,863.2 
121.276 ,90,862.4 
121.279 ,91,863.7 
121.282 ,92,864.5 
121.286 ,93,865.9 
121.289 ,94,865.2 
121.292 ,95,864.6 
121.296 ,96,865.3 
121.299 ,97,864.3 
121.302 ,98,863.4 
121.306 ,99,861.4 
121.309 ,100,862.4 
121.312 ,101,862.2 
121.316 ,102,864.8 
121.319 ,103,864.2 
121.322 ,104,866.9 
121.326 ,105,865.1 
121.329 ,106,866.9 
121.332 ,107,869.9 
121.336 ,108,868.8 
121.339 ,109,865.2 
121.342 ,110,864.2 
121.346 ,111,869.2 
121.349 ,112,867.1 
121.352 ,113,870.4 
121.356 ,114,871.8 
121.359 ,115,870.2 
121.362 ,116,869.4 
121.366 ,117,869.0 
121.369 ,118,867.1 
121.372 ,119,866.6 
121.376 ,120,864.9 
121.379 ,121,865.9 
121.382 ,122,869.3 
121.386 ,123,866.7 
121.389 ,124,865.7 
121.392 ,125,868.6 
121.396 ,126,866.0 
121.399 ,127,862.4 
,,
121.422 ,134,862.5 
121.425 ,135,862.2 
121.429 ,136,866.8 
121.432 ,137,870.2 
121.435 ,138,869.9 
121.439 ,139,864.2 
121.442 ,140,867.1 
121.445 ,141,864.9 
121.449 ,142,871.0 
121.452 ,143,870.6 
121.455 ,144,870.3 
121.459 ,145,865.7 
121.462 ,146,864.1 
121.465 ,147,862.6 
121.469 ,148,860.9 
121.472 ,149,861.9 
121.475 ,150,863.1 
121.479 ,151,866.5 
121.482 ,152,867.4 
121.485 ,153,866.8 
121.489 ,154,866.3 
121.492 ,155,867.4 
121.495 ,156,871.4 
121.499 ,157,869.5 
121.502 ,158,866.9 
121.505 ,159,867.8 
121.509 ,160,869.0 
121.512 ,161,869.3 
121.515 ,162,867.2 
121.519 ,163,868.1 
121.522 ,164,867.4 
121.525 ,165,866.2 
121.529 ,166,867.7 
121.532 ,167,867.7 
121.535 ,168,871.2 
121.539 ,169,870.6 
121.542 ,170,865.6 
121.545 ,171,869.6 
121.549 ,172,868.3 
121.552 ,173,869.9 
121.555 ,174,870.9 
121.559 ,175,866.6 
121.562 ,176,869.6 
121.565 ,177,867.8 
121.569 ,178,868.1 
121.572 ,179,867.2 
121.575 ,180,868.8 
121.579 ,181,868.1 
121.582 ,182,866.9 
121.585 ,183,864.4 
121.589 ,184,865.8 
121.592 ,185,869.6 
121.595 ,186,866.1 
121.599 ,187,869.6 
121.602 ,188,866.6 
121.605 ,189,863.8 
121.609 ,190,864.1 
121.612 ,191,864.3 
121.615 ,192,867.8 
121.619 ,193,866.5 
121.622 ,194,866.6 
121.625 ,195,869.7 
121.629 ,196,868.3 
121.632 ,197,866.6 
121.635 ,198,866.6 
121.639 ,199,866.9 
121.642 ,200,868.2 
121.645 ,201,866.6 
121.649 ,202,869.4 
121.652 ,203,870.9 
121.655 ,204,868.3 
121.659 ,205,864.9 
121.662 ,206,869.0 
121.665 ,207,866.2 
121.669 ,208,869.5 
121.672 ,209,869.9 
121.675 ,210,868.1 
121.679 ,211,868.4 
121.682 ,212,865.9 
121.685 ,213,867.4 
121.689 ,214,869.4 
121.692 ,215,871.3 
121.695 ,216,868.4 
121.699 ,217,869.5 
121.702 ,218,867.0 
121.705 ,219,869.1 
121.709 ,220,871.6 
121.712 ,221,868.9 
121.715 ,222,869.2 
121.719 ,223,872.2 
121.722 ,224,869.9 
121.725 ,225,871.3 
121.729 ,226,867.4 
121.732 ,227,865.9 
121.735 ,228,865.2 
121.739 ,229,865.9 
121.742 ,230,865.0 
121.745 ,231,869.2 
121.749 ,232,867.7 
121.752 ,233,873.4 
121.755 ,234,870.5 
121.759 ,235,864.9 
121.762 ,236,868.1 
121.765 ,237,864.9 
121.769 ,238,865.9 
121.772 ,239,863.5 
121.775 ,240,862.0 
121.779 ,241,866.5 
121.782 ,242,860.1 
121.785 ,243,858.7 
121.789 ,244,865.2 
121.792 ,245,864.6 
121.795 ,246,869.5 
121.799 ,247,871.9 
121.802 ,248,871.3 
121.805 ,249,870.4 
121.809 ,250,868.3 
121.812 ,251,865.9 
121.815 ,252,867.4 
121.819 ,253,869.5 
121.822 ,254,865.5 
121.825 ,255,865.7 
121.829 ,256,863.2 
121.832 ,257,862.1 
121.835 ,258,854.1 
